vaga_id,tecnologia
1,Java
1,Python
2,Java
2,Docker
3,TypeScript
3,JavaScript
3,CSS
4,CSS
4,JavaScript
5,CSS
5,JavaScript
6,SQL
6,Excel Avançado
6,Power BI
6,Python
7,React
7,CSS
7,TypeScript
8,Python
8,SQL
9,Python
9,Java
9,AWS
10,Windows Server
10,ITIL
10,Redes
11,Docker
11,Node.js
11,PostgreSQL
11,AWS
12,Python
12,Java
13,TypeScript
13,CSS
13,JavaScript
14,Active Directory
14,Windows Server
14,ITIL
15,Active Directory
15,ITIL
16,Active Directory
16,ITIL
16,Windows Server
16,Redes
17,Java
17,Docker
18,Python
18,Power BI
19,React
19,TypeScript
20,Python
20,SQL
21,AWS
21,Python
21,Java
21,Docker
22,Python
22,Power BI
23,Active Directory
23,Redes
24,AWS
24,Python
24,Docker
24,Java
25,Excel Avançado
25,SQL
26,Active Directory
26,Redes
26,ITIL
26,Windows Server
27,Python
27,Java
27,PostgreSQL
28,AWS
28,Docker
28,PostgreSQL
28,Python
29,Python
29,AWS
29,PostgreSQL
30,Python
30,Docker
31,SQL
31,Power BI
31,Excel Avançado
31,Python
32,Python
32,Excel Avançado
32,Power BI
33,Redes
33,ITIL
34,Python
34,Java
34,Node.js
35,Active Directory
35,ITIL
35,Windows Server
35,Redes
36,Power BI
36,Excel Avançado
36,SQL
37,JavaScript
37,TypeScript
38,Python
38,Power BI
38,Excel Avançado
39,SQL
39,Python
40,ITIL
40,Active Directory
41,Windows Server
41,Active Directory
41,ITIL
41,Redes
42,Windows Server
42,Redes
42,Active Directory
42,ITIL
43,ITIL
43,Active Directory
43,Redes
44,ITIL
44,Redes
44,Windows Server
45,Windows Server
45,ITIL
45,Redes
46,JavaScript
46,React
46,CSS
46,TypeScript
47,Python
47,Excel Avançado
47,Power BI
47,SQL
48,Docker
48,Node.js
48,PostgreSQL
49,Python
49,Power BI
49,Excel Avançado
50,ITIL
50,Windows Server
50,Redes
50,Active Directory
51,Node.js
51,Docker
52,Java
52,AWS
52,Docker
53,AWS
53,Docker
53,Java
54,Excel Avançado
54,SQL
55,PostgreSQL
55,Java
56,Redes
56,ITIL
56,Windows Server
57,Node.js
57,Docker
57,PostgreSQL
57,AWS
58,JavaScript
58,CSS
58,TypeScript
58,React
59,CSS
59,JavaScript
59,TypeScript
60,Redes
60,Windows Server
60,Active Directory
60,ITIL
61,Python
61,Excel Avançado
61,SQL
61,Power BI
62,CSS
62,JavaScript
63,Excel Avançado
63,SQL
64,CSS
64,React
64,TypeScript
65,Windows Server
65,ITIL
65,Active Directory
66,Docker
66,Java
67,TypeScript
67,JavaScript
67,CSS
68,Redes
68,Windows Server
68,Active Directory
68,ITIL
69,Docker
69,Python
69,AWS
69,Java
70,PostgreSQL
70,Python
70,AWS
71,TypeScript
71,CSS
71,React
71,JavaScript
72,ITIL
72,Windows Server
73,Java
73,PostgreSQL
73,AWS
74,Active Directory
74,ITIL
74,Redes
74,Windows Server
75,CSS
75,React
75,JavaScript
75,TypeScript
76,TypeScript
76,React
76,CSS
76,JavaScript
77,AWS
77,Docker
78,Docker
78,AWS
78,Node.js
78,Python
79,Power BI
79,SQL
80,Active Directory
80,Redes
80,Windows Server
81,Active Directory
81,Redes
81,Windows Server
82,Active Directory
82,Redes
82,ITIL
83,Redes
83,Windows Server
83,ITIL
84,SQL
84,Excel Avançado
84,Power BI
84,Python
85,AWS
85,Docker
85,PostgreSQL
86,React
86,CSS
86,JavaScript
86,TypeScript
87,Java
87,Node.js
88,CSS
88,React
88,TypeScript
89,SQL
89,Excel Avançado
90,ITIL
90,Redes
90,Active Directory
90,Windows Server
91,JavaScript
91,React
91,TypeScript
92,TypeScript
92,CSS
92,React
93,JavaScript
93,TypeScript
93,React
94,Python
94,Excel Avançado
95,Docker
95,Java
95,AWS
95,PostgreSQL
96,AWS
96,Java
97,Windows Server
97,Redes
97,Active Directory
98,Redes
98,Windows Server
98,ITIL
99,Windows Server
99,Redes
99,ITIL
100,Windows Server
100,ITIL
100,Redes
100,Active Directory
101,Redes
101,ITIL
101,Active Directory
102,Active Directory
102,ITIL
102,Windows Server
103,TypeScript
103,CSS
103,React
104,CSS
104,TypeScript
104,JavaScript
105,Active Directory
105,ITIL
105,Redes
106,ITIL
106,Windows Server
106,Redes
107,Docker
107,PostgreSQL
108,CSS
108,React
108,JavaScript
109,Docker
109,Node.js
109,PostgreSQL
110,CSS
110,TypeScript
111,SQL
111,Power BI
111,Excel Avançado
112,ITIL
112,Active Directory
113,SQL
113,Power BI
114,Power BI
114,Python
115,ITIL
115,Active Directory
115,Windows Server
115,Redes
116,React
116,JavaScript
117,Excel Avançado
117,SQL
118,AWS
118,Node.js
118,Python
119,React
119,TypeScript
119,JavaScript
119,CSS
120,Redes
120,Active Directory
120,ITIL
121,Redes
121,ITIL
121,Active Directory
121,Windows Server
122,Java
122,PostgreSQL
122,Docker
123,Power BI
123,SQL
123,Python
123,Excel Avançado
124,SQL
124,Excel Avançado
124,Python
124,Power BI
125,Python
125,SQL
125,Excel Avançado
125,Power BI
126,SQL
126,Power BI
127,Python
127,Excel Avançado
128,JavaScript
128,React
128,CSS
129,SQL
129,Excel Avançado
129,Python
130,TypeScript
130,CSS
131,Power BI
131,Python
131,Excel Avançado
132,Excel Avançado
132,Python
133,Excel Avançado
133,Python
133,Power BI
134,Redes
134,Active Directory
135,ITIL
135,Redes
135,Active Directory
135,Windows Server
136,Power BI
136,Python
136,SQL
137,Node.js
137,Python
137,AWS
137,PostgreSQL
138,SQL
138,Power BI
138,Python
138,Excel Avançado
139,Docker
139,PostgreSQL
140,Excel Avançado
140,Python
140,Power BI
141,Python
141,SQL
142,CSS
142,React
142,TypeScript
142,JavaScript
143,Power BI
143,SQL
143,Excel Avançado
144,ITIL
144,Windows Server
144,Active Directory
145,Power BI
145,SQL
145,Python
145,Excel Avançado
146,CSS
146,React
146,JavaScript
147,TypeScript
147,JavaScript
147,React
147,CSS
148,Java
148,Node.js
148,AWS
149,Windows Server
149,Active Directory
149,ITIL
150,Excel Avançado
150,Python
151,Power BI
151,Excel Avançado
151,Python
151,SQL
152,SQL
152,Python
152,Power BI
153,Redes
153,Windows Server
154,Windows Server
154,Redes
154,ITIL
154,Active Directory
155,Windows Server
155,Active Directory
156,Node.js
156,PostgreSQL
156,Docker
157,JavaScript
157,TypeScript
157,React
158,Active Directory
158,ITIL
158,Redes
159,Python
159,Node.js
159,PostgreSQL
159,Docker
160,Active Directory
160,ITIL
160,Windows Server
160,Redes
161,React
161,JavaScript
162,Active Directory
162,ITIL
162,Windows Server
162,Redes
163,Excel Avançado
163,SQL
164,PostgreSQL
164,Java
164,Docker
164,AWS
165,Excel Avançado
165,Python
165,Power BI
165,SQL
166,SQL
166,Power BI
166,Python
167,Active Directory
167,Redes
167,Windows Server
168,Active Directory
168,Windows Server
168,Redes
169,Python
169,Node.js
169,Java
170,Redes
170,ITIL
170,Active Directory
171,Redes
171,Active Directory
171,Windows Server
171,ITIL
172,CSS
172,TypeScript
173,Docker
173,Node.js
174,Active Directory
174,Windows Server
175,Active Directory
175,Windows Server
175,Redes
176,TypeScript
176,CSS
177,Windows Server
177,Active Directory
177,ITIL
178,ITIL
178,Windows Server
179,ITIL
179,Windows Server
180,Redes
180,ITIL
180,Windows Server
181,TypeScript
181,JavaScript
181,React
181,CSS
182,AWS
182,Node.js
182,Docker
183,TypeScript
183,CSS
183,React
183,JavaScript
184,React
184,JavaScript
184,TypeScript
184,CSS
185,JavaScript
185,TypeScript
185,CSS
185,React
186,Power BI
186,Excel Avançado
186,Python
187,JavaScript
187,React
187,TypeScript
187,CSS
188,PostgreSQL
188,Java
189,ITIL
189,Redes
189,Active Directory
189,Windows Server
190,Python
190,SQL
190,Power BI
191,Python
191,Power BI
191,SQL
192,JavaScript
192,CSS
192,React
193,Windows Server
193,Active Directory
193,Redes
193,ITIL
194,ITIL
194,Redes
195,Node.js
195,Docker
195,Python
195,AWS
196,Power BI
196,Excel Avançado
196,SQL
196,Python
197,PostgreSQL
197,Docker
197,Python
197,Java
198,PostgreSQL
198,Node.js
198,AWS
198,Python
199,TypeScript
199,CSS
200,Active Directory
200,Windows Server
200,Redes
200,ITIL
201,Redes
201,Active Directory
201,ITIL
201,Windows Server
202,Redes
202,Windows Server
202,ITIL
203,Python
203,AWS
203,Node.js
204,Excel Avançado
204,SQL
205,React
205,CSS
205,TypeScript
205,JavaScript
206,Python
206,SQL
207,Redes
207,ITIL
208,Python
208,Excel Avançado
209,ITIL
209,Redes
209,Windows Server
209,Active Directory
210,SQL
210,Power BI
210,Python
210,Excel Avançado
211,Excel Avançado
211,SQL
211,Python
211,Power BI
212,Node.js
212,PostgreSQL
212,Java
213,JavaScript
213,TypeScript
213,CSS
213,React
214,ITIL
214,Redes
214,Windows Server
215,Java
215,AWS
215,Node.js
216,AWS
216,PostgreSQL
217,Docker
217,AWS
218,Node.js
218,Python
219,Node.js
219,Docker
219,AWS
219,Python
220,Windows Server
220,Active Directory
221,Java
221,PostgreSQL
221,Docker
221,AWS
222,AWS
222,Docker
223,JavaScript
223,React
224,Python
224,Node.js
225,Redes
225,Active Directory
225,Windows Server
225,ITIL
226,Python
226,Node.js
227,Redes
227,ITIL
227,Windows Server
228,JavaScript
228,React
229,SQL
229,Python
229,Power BI
229,Excel Avançado
230,TypeScript
230,CSS
230,JavaScript
230,React
231,TypeScript
231,React
231,CSS
231,JavaScript
232,Power BI
232,SQL
232,Excel Avançado
232,Python
233,PostgreSQL
233,Python
233,Java
233,Node.js
234,CSS
234,React
234,JavaScript
234,TypeScript
235,Docker
235,Python
236,Active Directory
236,Windows Server
236,ITIL
237,Redes
237,Windows Server
237,ITIL
238,SQL
238,Excel Avançado
238,Python
239,PostgreSQL
239,Docker
239,AWS
240,Python
240,AWS
240,PostgreSQL
240,Node.js
241,PostgreSQL
241,Docker
242,React
242,JavaScript
242,TypeScript
242,CSS
243,Windows Server
243,Redes
243,Active Directory
244,Python
244,Power BI
244,Excel Avançado
244,SQL
245,Excel Avançado
245,Python
245,SQL
245,Power BI
246,Java
246,PostgreSQL
246,Python
246,Node.js
247,AWS
247,Python
247,PostgreSQL
248,Docker
248,AWS
248,Python
248,PostgreSQL
249,TypeScript
249,JavaScript
249,CSS
250,Windows Server
250,Redes
250,Active Directory
250,ITIL
251,PostgreSQL
251,AWS
251,Python
251,Node.js
252,React
252,TypeScript
252,JavaScript
252,CSS
253,Java
253,PostgreSQL
253,AWS
254,Redes
254,Windows Server
254,Active Directory
254,ITIL
255,SQL
255,Power BI
255,Excel Avançado
255,Python
256,Active Directory
256,ITIL
257,Excel Avançado
257,Power BI
257,Python
257,SQL
258,Python
258,Docker
258,PostgreSQL
259,Docker
259,AWS
260,Windows Server
260,ITIL
260,Active Directory
261,Redes
261,Windows Server
262,AWS
262,Node.js
262,Python
263,Excel Avançado
263,Python
263,SQL
263,Power BI
264,Python
264,Java
264,Docker
265,Docker
265,PostgreSQL
266,Active Directory
266,ITIL
266,Windows Server
266,Redes
267,Excel Avançado
267,Python
267,SQL
267,Power BI
268,CSS
268,JavaScript
268,React
268,TypeScript
269,Excel Avançado
269,Python
269,Power BI
269,SQL
270,Java
270,PostgreSQL
271,TypeScript
271,React
272,Windows Server
272,ITIL
273,Node.js
273,PostgreSQL
273,AWS
274,Python
274,Excel Avançado
274,SQL
274,Power BI
275,Redes
275,Windows Server
275,ITIL
276,React
276,CSS
276,TypeScript
276,JavaScript
277,React
277,CSS
277,TypeScript
277,JavaScript
278,Python
278,Power BI
278,SQL
278,Excel Avançado
279,AWS
279,PostgreSQL
279,Java
280,Redes
280,ITIL
281,SQL
281,Python
281,Excel Avançado
281,Power BI
282,AWS
282,PostgreSQL
282,Node.js
282,Java
283,Python
283,Excel Avançado
283,Power BI
283,SQL
284,Active Directory
284,Windows Server
284,ITIL
285,CSS
285,JavaScript
285,React
286,AWS
286,Python
287,Windows Server
287,ITIL
287,Active Directory
287,Redes
288,Excel Avançado
288,Python
289,React
289,JavaScript
289,CSS
289,TypeScript
290,Node.js
290,PostgreSQL
291,Power BI
291,Python
291,SQL
292,Node.js
292,Python
293,React
293,TypeScript
293,CSS
293,JavaScript
294,Power BI
294,SQL
294,Excel Avançado
295,CSS
295,TypeScript
296,Windows Server
296,Active Directory
296,ITIL
297,Docker
297,PostgreSQL
297,Python
298,Redes
298,ITIL
299,PostgreSQL
299,Node.js
300,ITIL
300,Redes
301,ITIL
301,Redes
302,Docker
302,Python
302,Java
303,Java
303,AWS
304,TypeScript
304,CSS
304,React
304,JavaScript
305,Power BI
305,Python
305,Excel Avançado
306,Power BI
306,SQL
306,Python
307,Windows Server
307,ITIL
307,Redes
308,SQL
308,Excel Avançado
308,Power BI
309,ITIL
309,Active Directory
309,Windows Server
309,Redes
310,AWS
310,Node.js
310,Java
311,Java
311,Docker
311,PostgreSQL
311,Python
312,SQL
312,Excel Avançado
312,Python
313,Java
313,AWS
313,Python
314,Python
314,Excel Avançado
314,Power BI
314,SQL
315,TypeScript
315,JavaScript
315,CSS
316,SQL
316,Power BI
316,Python
316,Excel Avançado
317,PostgreSQL
317,AWS
318,ITIL
318,Active Directory
318,Windows Server
319,Active Directory
319,ITIL
320,CSS
320,React
320,TypeScript
321,Java
321,AWS
321,Node.js
321,Docker
322,AWS
322,Java
322,Python
323,AWS
323,Java
323,Python
323,PostgreSQL
324,Power BI
324,SQL
324,Python
324,Excel Avançado
325,Redes
325,Windows Server
325,Active Directory
326,CSS
326,TypeScript
327,Python
327,Power BI
328,React
328,JavaScript
328,TypeScript
329,TypeScript
329,React
329,JavaScript
330,Python
330,PostgreSQL
330,AWS
330,Java
331,React
331,CSS
331,TypeScript
332,Windows Server
332,Active Directory
333,ITIL
333,Active Directory
334,PostgreSQL
334,AWS
335,Docker
335,PostgreSQL
336,AWS
336,PostgreSQL
337,Node.js
337,PostgreSQL
337,AWS
338,Active Directory
338,Redes
338,ITIL
338,Windows Server
339,PostgreSQL
339,Node.js
339,Python
340,Power BI
340,SQL
341,Python
341,SQL
341,Excel Avançado
342,Python
342,AWS
343,JavaScript
343,TypeScript
343,React
343,CSS
344,Python
344,AWS
344,PostgreSQL
345,CSS
345,JavaScript
345,React
346,Docker
346,Java
346,Node.js
346,AWS
347,AWS
347,Docker
348,Redes
348,ITIL
348,Windows Server
349,Java
349,Python
349,Node.js
349,Docker
350,Windows Server
350,ITIL
351,Redes
351,Windows Server
352,TypeScript
352,CSS
352,JavaScript
352,React
353,ITIL
353,Active Directory
353,Windows Server
354,React
354,JavaScript
354,CSS
355,AWS
355,Java
355,Python
355,Node.js
356,TypeScript
356,React
357,Power BI
357,SQL
357,Python
358,Python
358,Power BI
359,Windows Server
359,ITIL
360,Java
360,Node.js
360,Python
361,ITIL
361,Windows Server
361,Active Directory
361,Redes
362,Excel Avançado
362,Python
363,JavaScript
363,React
363,CSS
364,JavaScript
364,React
365,Redes
365,ITIL
365,Active Directory
366,Java
366,AWS
366,PostgreSQL
367,Python
367,AWS
368,Node.js
368,Docker
369,Active Directory
369,Windows Server
369,ITIL
370,CSS
370,React
370,JavaScript
371,Java
371,Python
372,SQL
372,Python
372,Power BI
372,Excel Avançado
373,Windows Server
373,Active Directory
374,Active Directory
374,Windows Server
375,Node.js
375,AWS
375,Python
375,PostgreSQL
376,CSS
376,JavaScript
377,Active Directory
377,Windows Server
377,ITIL
377,Redes
378,Java
378,Docker
378,PostgreSQL
379,ITIL
379,Active Directory
379,Windows Server
380,Python
380,SQL
381,SQL
381,Excel Avançado
381,Python
381,Power BI
382,React
382,JavaScript
383,Windows Server
383,Active Directory
384,AWS
384,Java
384,Node.js
385,Power BI
385,Python
386,TypeScript
386,CSS
387,Windows Server
387,ITIL
388,Active Directory
388,Windows Server
388,Redes
388,ITIL
389,Power BI
389,Python
389,Excel Avançado
389,SQL
390,SQL
390,Excel Avançado
390,Python
390,Power BI
391,TypeScript
391,CSS
391,React
392,Redes
392,ITIL
392,Windows Server
392,Active Directory
393,JavaScript
393,TypeScript
393,CSS
393,React
394,ITIL
394,Redes
394,Windows Server
394,Active Directory
395,AWS
395,Docker
395,Java
396,PostgreSQL
396,Node.js
396,Docker
397,Active Directory
397,Windows Server
397,Redes
397,ITIL
398,Windows Server
398,Redes
399,React
399,JavaScript
399,CSS
399,TypeScript
400,Docker
400,Java
401,Excel Avançado
401,Python
401,Power BI
402,Windows Server
402,Active Directory
402,ITIL
402,Redes
403,React
403,JavaScript
403,TypeScript
404,React
404,CSS
404,TypeScript
404,JavaScript
405,AWS
405,Java
406,Excel Avançado
406,Power BI
407,Python
407,AWS
408,AWS
408,Python
408,Node.js
408,Java
409,Docker
409,AWS
410,Docker
410,Java
410,Node.js
411,Node.js
411,Java
411,Python
412,JavaScript
412,TypeScript
413,Python
413,Java
414,JavaScript
414,CSS
415,ITIL
415,Redes
415,Active Directory
415,Windows Server
416,AWS
416,PostgreSQL
416,Docker
417,Python
417,PostgreSQL
418,SQL
418,Power BI
418,Excel Avançado
419,Node.js
419,Python
419,Java
419,AWS
420,React
420,CSS
420,TypeScript
420,JavaScript
421,Docker
421,PostgreSQL
422,Python
422,Docker
422,Java
423,CSS
423,JavaScript
423,React
423,TypeScript
424,JavaScript
424,CSS
425,Excel Avançado
425,Python
425,Power BI
425,SQL
426,Power BI
426,Excel Avançado
426,Python
426,SQL
427,Power BI
427,Excel Avançado
427,SQL
428,Power BI
428,Excel Avançado
429,ITIL
429,Active Directory
430,PostgreSQL
430,Docker
430,Java
431,Windows Server
431,ITIL
431,Active Directory
432,Redes
432,Windows Server
432,Active Directory
432,ITIL
433,AWS
433,Docker
433,Node.js
433,PostgreSQL
434,Docker
434,Node.js
435,ITIL
435,Redes
436,Power BI
436,Python
436,SQL
436,Excel Avançado
437,ITIL
437,Redes
438,ITIL
438,Windows Server
439,Excel Avançado
439,SQL
439,Python
439,Power BI
440,Active Directory
440,ITIL
441,ITIL
441,Redes
441,Active Directory
441,Windows Server
442,Excel Avançado
442,SQL
443,PostgreSQL
443,Java
443,Python
444,Power BI
444,Python
444,Excel Avançado
444,SQL
445,Java
445,PostgreSQL
445,Docker
445,Python
446,Docker
446,PostgreSQL
446,Python
446,AWS
447,AWS
447,Node.js
448,Power BI
448,Excel Avançado
449,Python
449,AWS
449,Java
449,Node.js
450,PostgreSQL
450,Python
450,Java
450,Node.js
451,Windows Server
451,Active Directory
452,Active Directory
452,ITIL
452,Redes
452,Windows Server
453,JavaScript
453,TypeScript
454,Active Directory
454,Windows Server
454,ITIL
455,Redes
455,Active Directory
456,Python
456,Excel Avançado
456,Power BI
456,SQL
457,SQL
457,Python
457,Excel Avançado
457,Power BI
458,Node.js
458,Java
458,Python
458,PostgreSQL
459,Redes
459,ITIL
459,Active Directory
459,Windows Server
460,Windows Server
460,ITIL
460,Active Directory
461,TypeScript
461,CSS
461,JavaScript
461,React
462,Redes
462,Windows Server
462,ITIL
462,Active Directory
463,Active Directory
463,Redes
463,ITIL
464,Python
464,AWS
464,Docker
464,Node.js
465,Docker
465,Node.js
466,TypeScript
466,JavaScript
467,Python
467,Power BI
467,SQL
467,Excel Avançado
468,Power BI
468,SQL
468,Excel Avançado
469,Power BI
469,Python
469,Excel Avançado
469,SQL
470,ITIL
470,Redes
470,Windows Server
470,Active Directory
471,PostgreSQL
471,Java
471,AWS
472,Python
472,Excel Avançado
472,SQL
472,Power BI
473,JavaScript
473,TypeScript
473,CSS
473,React
474,AWS
474,PostgreSQL
475,Python
475,SQL
476,Active Directory
476,ITIL
476,Windows Server
476,Redes
477,Docker
477,Java
477,AWS
478,Active Directory
478,Redes
478,Windows Server
478,ITIL
479,SQL
479,Excel Avançado
480,JavaScript
480,React
481,Redes
481,ITIL
481,Windows Server
481,Active Directory
482,TypeScript
482,CSS
482,JavaScript
483,PostgreSQL
483,Node.js
483,Java
483,Python
484,Java
484,Node.js
484,PostgreSQL
484,AWS
485,Power BI
485,Excel Avançado
485,Python
485,SQL
486,CSS
486,React
486,TypeScript
486,JavaScript
487,PostgreSQL
487,Java
488,SQL
488,Excel Avançado
488,Python
488,Power BI
489,Java
489,Node.js
489,Python
490,SQL
490,Excel Avançado
490,Python
491,Docker
491,AWS
492,Java
492,Python
493,SQL
493,Power BI
493,Excel Avançado
493,Python
494,React
494,TypeScript
494,JavaScript
495,JavaScript
495,TypeScript
495,React
495,CSS
496,ITIL
496,Redes
496,Windows Server
496,Active Directory
497,JavaScript
497,React
497,CSS
498,Excel Avançado
498,Python
498,SQL
499,Active Directory
499,ITIL
499,Redes
500,Windows Server
500,Redes
500,Active Directory
500,ITIL
501,Node.js
501,Java
501,Python
501,PostgreSQL
502,Active Directory
502,Windows Server
502,ITIL
502,Redes
503,TypeScript
503,React
503,JavaScript
503,CSS
504,React
504,CSS
504,JavaScript
505,Python
505,Node.js
505,Docker
505,PostgreSQL
506,ITIL
506,Active Directory
506,Windows Server
507,React
507,TypeScript
507,JavaScript
508,Redes
508,Windows Server
508,Active Directory
508,ITIL
509,TypeScript
509,React
510,Python
510,Excel Avançado
511,TypeScript
511,React
511,JavaScript
511,CSS
512,Python
512,Excel Avançado
512,Power BI
512,SQL
513,CSS
513,TypeScript
513,JavaScript
514,SQL
514,Excel Avançado
514,Power BI
515,Power BI
515,Python
515,Excel Avançado
516,Windows Server
516,ITIL
517,JavaScript
517,React
518,Java
518,Python
518,PostgreSQL
518,AWS
519,SQL
519,Excel Avançado
520,ITIL
520,Redes
520,Windows Server
520,Active Directory
521,Excel Avançado
521,Power BI
521,Python
521,SQL
522,TypeScript
522,JavaScript
523,CSS
523,React
524,ITIL
524,Active Directory
524,Windows Server
524,Redes
525,JavaScript
525,React
525,CSS
526,AWS
526,Docker
526,Node.js
526,Java
527,TypeScript
527,CSS
527,React
528,Node.js
528,AWS
529,Node.js
529,PostgreSQL
530,Active Directory
530,Redes
530,ITIL
531,Redes
531,Active Directory
531,ITIL
532,Java
532,PostgreSQL
533,TypeScript
533,JavaScript
533,CSS
534,Python
534,Java
534,AWS
535,Python
535,SQL
535,Power BI
536,Windows Server
536,Redes
537,AWS
537,Java
537,Python
538,Windows Server
538,Active Directory
538,Redes
539,CSS
539,JavaScript
539,TypeScript
540,Python
540,SQL
540,Power BI
540,Excel Avançado
541,Python
541,SQL
541,Excel Avançado
542,Redes
542,ITIL
543,Python
543,AWS
543,Java
543,Docker
544,Excel Avançado
544,Power BI
544,Python
545,Python
545,PostgreSQL
545,AWS
546,ITIL
546,Redes
547,Active Directory
547,ITIL
548,Excel Avançado
548,Power BI
549,Python
549,SQL
550,TypeScript
550,CSS
550,React
551,React
551,CSS
552,JavaScript
552,TypeScript
552,CSS
553,Java
553,Node.js
554,Python
554,SQL
554,Power BI
554,Excel Avançado
555,Python
555,Docker
555,PostgreSQL
556,JavaScript
556,TypeScript
556,React
557,ITIL
557,Windows Server
557,Redes
558,Redes
558,Active Directory
559,React
559,JavaScript
560,Python
560,Excel Avançado
561,Excel Avançado
561,Python
562,Java
562,PostgreSQL
562,Docker
562,Node.js
563,PostgreSQL
563,Node.js
563,Python
564,JavaScript
564,React
564,CSS
564,TypeScript
565,Java
565,Node.js
566,Java
566,Node.js
566,Python
566,AWS
567,Java
567,AWS
567,Node.js
567,PostgreSQL
568,AWS
568,Docker
568,Python
568,Java
569,Python
569,AWS
569,PostgreSQL
569,Node.js
570,PostgreSQL
570,Java
570,AWS
570,Node.js
571,Python
571,Power BI
572,ITIL
572,Windows Server
572,Redes
573,Node.js
573,Python
573,AWS
573,Java
574,PostgreSQL
574,Java
574,Python
575,Python
575,Power BI
575,SQL
576,Java
576,Docker
576,AWS
576,Python
577,Windows Server
577,Redes
578,Active Directory
578,Windows Server
579,ITIL
579,Active Directory
579,Redes
579,Windows Server
580,Python
580,Power BI
580,SQL
580,Excel Avançado
581,CSS
581,TypeScript
581,React
581,JavaScript
582,Node.js
582,PostgreSQL
583,Docker
583,PostgreSQL
583,Node.js
584,Power BI
584,Python
584,SQL
585,SQL
585,Power BI
585,Python
586,TypeScript
586,React
586,JavaScript
587,PostgreSQL
587,Python
587,Docker
587,AWS
588,JavaScript
588,CSS
588,React
589,AWS
589,Java
589,Python
589,PostgreSQL
590,React
590,CSS
590,TypeScript
590,JavaScript
591,Java
591,Python
592,Python
592,SQL
593,CSS
593,JavaScript
594,Python
594,Power BI
595,AWS
595,Node.js
596,Python
596,AWS
597,Python
597,Excel Avançado
597,Power BI
597,SQL
598,Docker
598,Python
598,Node.js
599,React
599,TypeScript
600,TypeScript
600,React
600,CSS
600,JavaScript
601,Excel Avançado
601,Python
601,SQL
601,Power BI
602,Python
602,Power BI
603,Python
603,Power BI
604,JavaScript
604,TypeScript
605,ITIL
605,Windows Server
606,AWS
606,PostgreSQL
607,JavaScript
607,TypeScript
607,React
607,CSS
608,Active Directory
608,Redes
608,Windows Server
609,PostgreSQL
609,Java
609,Python
609,Docker
610,TypeScript
610,React
611,React
611,JavaScript
612,AWS
612,Docker
612,Node.js
613,Python
613,Power BI
614,AWS
614,Docker
615,ITIL
615,Active Directory
615,Windows Server
615,Redes
616,TypeScript
616,JavaScript
617,Node.js
617,Docker
617,AWS
617,Java
618,Node.js
618,Docker
618,PostgreSQL
618,Python
619,PostgreSQL
619,Java
619,AWS
620,SQL
620,Python
620,Excel Avançado
620,Power BI
621,Excel Avançado
621,Python
621,SQL
621,Power BI
622,Node.js
622,AWS
622,PostgreSQL
622,Java
623,Docker
623,AWS
623,Java
624,Power BI
624,Excel Avançado
625,PostgreSQL
625,Python
625,Node.js
626,Windows Server
626,Active Directory
626,ITIL
626,Redes
627,CSS
627,JavaScript
627,TypeScript
628,SQL
628,Excel Avançado
629,AWS
629,Java
630,Node.js
630,Docker
630,AWS
631,Active Directory
631,ITIL
631,Windows Server
631,Redes
632,SQL
632,Python
632,Excel Avançado
633,CSS
633,TypeScript
633,JavaScript
634,Windows Server
634,Redes
634,Active Directory
635,React
635,JavaScript
635,TypeScript
636,Python
636,Excel Avançado
636,Power BI
637,Excel Avançado
637,Power BI
637,SQL
637,Python
638,Power BI
638,SQL
638,Python
638,Excel Avançado
639,Python
639,Docker
639,AWS
639,PostgreSQL
640,Power BI
640,Excel Avançado
640,SQL
640,Python
641,Excel Avançado
641,Python
641,Power BI
642,Power BI
642,SQL
642,Python
642,Excel Avançado
643,Python
643,Java
643,AWS
644,Active Directory
644,ITIL
645,Windows Server
645,Redes
645,Active Directory
646,Excel Avançado
646,Python
647,Node.js
647,Python
647,AWS
647,Docker
648,Windows Server
648,Redes
648,ITIL
648,Active Directory
649,ITIL
649,Redes
649,Active Directory
650,Power BI
650,Python
650,Excel Avançado
650,SQL
651,Python
651,Power BI
652,SQL
652,Python
653,Python
653,AWS
654,AWS
654,Python
654,Docker
654,PostgreSQL
655,SQL
655,Power BI
656,CSS
656,TypeScript
656,React
657,TypeScript
657,React
658,CSS
658,JavaScript
658,TypeScript
658,React
659,Python
659,Docker
660,SQL
660,Power BI
661,PostgreSQL
661,AWS
661,Docker
661,Java
662,PostgreSQL
662,Python
662,Node.js
662,Java
663,Node.js
663,Python
663,PostgreSQL
663,Java
664,PostgreSQL
664,Python
664,Node.js
664,Java
665,Docker
665,Java
665,PostgreSQL
665,AWS
666,Active Directory
666,Windows Server
667,Redes
667,ITIL
667,Active Directory
667,Windows Server
668,JavaScript
668,CSS
668,TypeScript
668,React
669,JavaScript
669,CSS
670,AWS
670,PostgreSQL
670,Node.js
671,Active Directory
671,ITIL
672,Docker
672,Java
672,PostgreSQL
673,Python
673,SQL
673,Excel Avançado
674,Excel Avançado
674,Power BI
674,Python
675,JavaScript
675,TypeScript
676,Redes
676,Active Directory
676,ITIL
677,Windows Server
677,Redes
677,Active Directory
677,ITIL
678,React
678,TypeScript
679,PostgreSQL
679,Python
679,Docker
679,Node.js
680,Python
680,Power BI
681,Active Directory
681,Windows Server
682,Redes
682,ITIL
683,TypeScript
683,JavaScript
683,React
684,Docker
684,Python
684,Node.js
684,AWS
685,Docker
685,Java
685,AWS
686,Excel Avançado
686,Python
687,React
687,TypeScript
687,JavaScript
687,CSS
688,CSS
688,React
688,JavaScript
689,Python
689,Excel Avançado
690,PostgreSQL
690,Docker
690,Python
690,Java
691,Redes
691,ITIL
691,Active Directory
691,Windows Server
692,Windows Server
692,ITIL
692,Active Directory
692,Redes
693,Redes
693,Windows Server
694,Python
694,SQL
694,Excel Avançado
694,Power BI
695,Windows Server
695,ITIL
695,Active Directory
695,Redes
696,PostgreSQL
696,AWS
696,Python
697,JavaScript
697,CSS
697,React
698,Python
698,Java
698,PostgreSQL
699,React
699,CSS
699,TypeScript
699,JavaScript
700,ITIL
700,Windows Server
701,Excel Avançado
701,Python
701,Power BI
701,SQL
702,JavaScript
702,CSS
702,React
703,Python
703,Power BI
704,Docker
704,Java
704,PostgreSQL
705,React
705,CSS
705,TypeScript
706,React
706,CSS
706,TypeScript
707,Excel Avançado
707,Python
707,SQL
708,Python
708,Java
708,AWS
709,Docker
709,Java
710,PostgreSQL
710,Python
710,AWS
710,Docker
711,Python
711,Power BI
711,Excel Avançado
712,Active Directory
712,Redes
712,Windows Server
712,ITIL
713,Python
713,Power BI
713,SQL
714,PostgreSQL
714,Python
714,Docker
714,Java
715,Python
715,SQL
716,Node.js
716,PostgreSQL
716,Docker
716,Python
717,Active Directory
717,ITIL
717,Windows Server
718,PostgreSQL
718,Python
718,Node.js
719,JavaScript
719,React
719,CSS
719,TypeScript
720,Python
720,Node.js
721,Python
721,Docker
721,Java
721,Node.js
722,ITIL
722,Windows Server
722,Redes
722,Active Directory
723,PostgreSQL
723,Node.js
723,Java
724,Active Directory
724,Windows Server
724,ITIL
724,Redes
725,Excel Avançado
725,Power BI
726,Windows Server
726,Active Directory
727,PostgreSQL
727,Python
728,Docker
728,AWS
728,Python
728,Java
729,Windows Server
729,ITIL
730,ITIL
730,Windows Server
730,Active Directory
731,Python
731,Docker
731,Java
731,Node.js
732,Windows Server
732,ITIL
733,Python
733,Excel Avançado
734,Active Directory
734,Windows Server
734,Redes
735,Power BI
735,Python
736,Windows Server
736,ITIL
736,Redes
737,ITIL
737,Active Directory
737,Redes
738,SQL
738,Excel Avançado
739,Node.js
739,Java
740,Power BI
740,Excel Avançado
740,Python
741,Python
741,AWS
741,Node.js
742,Excel Avançado
742,Power BI
743,Python
743,AWS
743,PostgreSQL
743,Java
744,JavaScript
744,CSS
744,React
744,TypeScript
745,AWS
745,Node.js
745,Java
745,PostgreSQL
746,Excel Avançado
746,Python
746,SQL
747,Power BI
747,Python
747,SQL
748,Power BI
748,Python
749,Python
749,Power BI
750,Python
750,Docker
751,Active Directory
751,ITIL
751,Windows Server
752,SQL
752,Power BI
752,Excel Avançado
753,Excel Avançado
753,SQL
753,Python
754,Python
754,Node.js
754,PostgreSQL
755,Node.js
755,Python
755,PostgreSQL
756,CSS
756,TypeScript
756,React
757,Active Directory
757,ITIL
758,Redes
758,Windows Server
758,ITIL
758,Active Directory
759,Excel Avançado
759,Python
759,Power BI
760,AWS
760,Java
760,Node.js
761,PostgreSQL
761,AWS
761,Docker
762,AWS
762,Docker
762,Java
763,Node.js
763,Docker
764,Excel Avançado
764,Power BI
765,Power BI
765,Python
765,SQL
765,Excel Avançado
766,Python
766,Excel Avançado
766,SQL
766,Power BI
767,Redes
767,ITIL
768,Python
768,Excel Avançado
768,Power BI
769,SQL
769,Power BI
769,Excel Avançado
769,Python
770,Python
770,Excel Avançado
770,Power BI
770,SQL
771,Node.js
771,Java
772,Redes
772,Active Directory
772,Windows Server
772,ITIL
773,Redes
773,Active Directory
773,ITIL
773,Windows Server
774,SQL
774,Excel Avançado
774,Power BI
775,SQL
775,Excel Avançado
775,Power BI
776,AWS
776,PostgreSQL
776,Node.js
776,Java
777,Windows Server
777,Active Directory
777,Redes
778,SQL
778,Power BI
779,Python
779,PostgreSQL
780,Python
780,AWS
780,PostgreSQL
780,Java
781,ITIL
781,Redes
781,Windows Server
782,Java
782,PostgreSQL
782,AWS
782,Docker
783,TypeScript
783,CSS
784,CSS
784,TypeScript
784,JavaScript
784,React
785,Java
785,PostgreSQL
785,Node.js
786,Active Directory
786,Windows Server
787,Python
787,Docker
787,Java
787,PostgreSQL
788,Docker
788,PostgreSQL
788,Java
788,AWS
789,PostgreSQL
789,Node.js
789,Docker
790,Redes
790,Active Directory
790,Windows Server
791,PostgreSQL
791,AWS
791,Python
791,Java
792,React
792,JavaScript
792,CSS
792,TypeScript
793,Windows Server
793,ITIL
793,Active Directory
793,Redes
794,ITIL
794,Redes
795,Active Directory
795,Redes
796,Power BI
796,SQL
797,Windows Server
797,Active Directory
797,ITIL
797,Redes
798,TypeScript
798,JavaScript
798,CSS
799,Node.js
799,Java
799,Python
800,Windows Server
800,Redes
800,Active Directory
800,ITIL
801,SQL
801,Python
801,Power BI
802,React
802,TypeScript
802,JavaScript
803,CSS
803,React
804,SQL
804,Power BI
804,Excel Avançado
805,TypeScript
805,React
805,CSS
805,JavaScript
806,Active Directory
806,Redes
806,Windows Server
807,Power BI
807,Python
807,SQL
807,Excel Avançado
808,Python
808,AWS
808,PostgreSQL
808,Docker
809,Excel Avançado
809,Python
809,Power BI
809,SQL
810,Windows Server
810,Active Directory
810,ITIL
810,Redes
811,Active Directory
811,Windows Server
812,Redes
812,Windows Server
812,ITIL
812,Active Directory
813,ITIL
813,Active Directory
814,TypeScript
814,JavaScript
814,React
814,CSS
815,Windows Server
815,ITIL
815,Active Directory
816,Redes
816,Active Directory
816,Windows Server
817,Java
817,PostgreSQL
817,Node.js
817,AWS
818,Redes
818,Active Directory
818,Windows Server
818,ITIL
819,Windows Server
819,Redes
820,Python
820,PostgreSQL
820,Docker
821,Windows Server
821,Active Directory
821,ITIL
822,Power BI
822,Python
822,Excel Avançado
823,Active Directory
823,ITIL
823,Redes
823,Windows Server
824,Active Directory
824,ITIL
824,Redes
824,Windows Server
825,Excel Avançado
825,Power BI
825,Python
825,SQL
826,JavaScript
826,CSS
826,React
827,Windows Server
827,Active Directory
827,Redes
828,ITIL
828,Active Directory
828,Windows Server
828,Redes
829,React
829,CSS
829,JavaScript
830,AWS
830,Docker
830,Node.js
830,Java
831,SQL
831,Python
831,Excel Avançado
832,Redes
832,ITIL
832,Windows Server
832,Active Directory
833,React
833,TypeScript
833,CSS
833,JavaScript
834,Docker
834,AWS
835,Node.js
835,AWS
836,JavaScript
836,React
836,TypeScript
836,CSS
837,Python
837,Excel Avançado
837,Power BI
837,SQL
838,React
838,JavaScript
838,CSS
838,TypeScript
839,Active Directory
839,Redes
840,Excel Avançado
840,Python
840,Power BI
841,Python
841,SQL
841,Power BI
842,PostgreSQL
842,AWS
843,SQL
843,Excel Avançado
843,Python
844,ITIL
844,Windows Server
844,Active Directory
845,Java
845,AWS
845,PostgreSQL
846,CSS
846,React
846,TypeScript
847,CSS
847,TypeScript
847,React
848,Python
848,Excel Avançado
848,Power BI
849,SQL
849,Power BI
850,Python
850,Power BI
851,Active Directory
851,Redes
851,ITIL
851,Windows Server
852,TypeScript
852,React
852,JavaScript
852,CSS
853,Redes
853,Windows Server
853,Active Directory
854,Java
854,Node.js
855,Python
855,Node.js
855,PostgreSQL
855,AWS
856,Windows Server
856,Active Directory
857,TypeScript
857,JavaScript
858,Power BI
858,Excel Avançado
859,Redes
859,Windows Server
859,Active Directory
860,Python
860,Power BI
861,ITIL
861,Redes
861,Active Directory
861,Windows Server
862,Python
862,Power BI
862,Excel Avançado
863,React
863,TypeScript
864,ITIL
864,Redes
864,Windows Server
865,TypeScript
865,JavaScript
865,CSS
866,Excel Avançado
866,Python
866,SQL
867,Redes
867,ITIL
867,Active Directory
867,Windows Server
868,Active Directory
868,Redes
868,Windows Server
868,ITIL
869,Node.js
869,Java
869,Python
869,AWS
870,ITIL
870,Windows Server
871,Power BI
871,Excel Avançado
872,Python
872,SQL
872,Power BI
872,Excel Avançado
873,Python
873,Power BI
873,SQL
874,SQL
874,Python
874,Excel Avançado
875,PostgreSQL
875,AWS
875,Node.js
875,Docker
876,TypeScript
876,JavaScript
876,React
877,PostgreSQL
877,Python
877,Java
877,Docker
878,TypeScript
878,React
879,Windows Server
879,Active Directory
879,Redes
879,ITIL
880,AWS
880,Python
880,Java
881,JavaScript
881,TypeScript
882,JavaScript
882,React
882,TypeScript
882,CSS
883,Redes
883,ITIL
884,Docker
884,Java
885,React
885,JavaScript
886,Windows Server
886,Active Directory
886,Redes
887,Python
887,SQL
887,Power BI
887,Excel Avançado
888,Windows Server
888,ITIL
888,Redes
889,Power BI
889,Python
889,Excel Avançado
890,AWS
890,Java
891,Redes
891,Active Directory
891,Windows Server
892,Java
892,Node.js
893,Windows Server
893,Redes
894,Python
894,SQL
895,Python
895,Node.js
895,Java
895,PostgreSQL
896,Redes
896,ITIL
896,Active Directory
896,Windows Server
897,TypeScript
897,CSS
897,React
898,Node.js
898,Java
898,AWS
898,Python
899,Windows Server
899,ITIL
899,Active Directory
900,TypeScript
900,React
900,CSS
900,JavaScript
901,CSS
901,TypeScript
901,JavaScript
901,React
902,Docker
902,Java
902,Node.js
903,SQL
903,Python
904,TypeScript
904,React
904,CSS
905,Active Directory
905,Windows Server
905,Redes
906,Node.js
906,AWS
906,Docker
907,Power BI
907,SQL
907,Python
907,Excel Avançado
908,SQL
908,Python
908,Excel Avançado
908,Power BI
909,Excel Avançado
909,Power BI
909,Python
909,SQL
910,CSS
910,TypeScript
910,JavaScript
911,Node.js
911,AWS
911,Java
911,PostgreSQL
912,Python
912,Docker
912,AWS
912,PostgreSQL
913,Excel Avançado
913,Python
913,SQL
913,Power BI
914,ITIL
914,Active Directory
914,Redes
914,Windows Server
915,Python
915,PostgreSQL
916,Python
916,Java
916,Node.js
916,Docker
917,Windows Server
917,Active Directory
917,ITIL
918,Python
918,Power BI
918,Excel Avançado
919,TypeScript
919,CSS
920,Node.js
920,AWS
920,PostgreSQL
921,Redes
921,Windows Server
921,ITIL
921,Active Directory
922,ITIL
922,Redes
923,Redes
923,ITIL
923,Active Directory
924,React
924,CSS
924,JavaScript
925,ITIL
925,Redes
925,Windows Server
926,Redes
926,Windows Server
926,ITIL
927,Java
927,AWS
927,Python
928,Python
928,Node.js
928,Java
928,PostgreSQL
929,Python
929,Docker
929,AWS
929,Java
930,React
930,CSS
931,JavaScript
931,CSS
932,Excel Avançado
932,Power BI
933,PostgreSQL
933,AWS
933,Python
933,Docker
934,React
934,CSS
934,JavaScript
935,PostgreSQL
935,Node.js
936,Windows Server
936,Redes
936,Active Directory
936,ITIL
937,Python
937,Power BI
937,Excel Avançado
938,Redes
938,ITIL
938,Active Directory
939,ITIL
939,Active Directory
940,React
940,JavaScript
940,CSS
941,Python
941,Excel Avançado
941,Power BI
942,SQL
942,Excel Avançado
942,Python
943,Windows Server
943,ITIL
943,Redes
943,Active Directory
944,Windows Server
944,Active Directory
945,PostgreSQL
945,AWS
946,Docker
946,PostgreSQL
946,Java
947,CSS
947,React
948,Active Directory
948,Windows Server
948,ITIL
949,Java
949,Node.js
949,PostgreSQL
949,AWS
950,CSS
950,JavaScript
950,TypeScript
950,React
951,CSS
951,TypeScript
951,React
952,Redes
952,ITIL
953,Excel Avançado
953,Power BI
953,Python
953,SQL
954,AWS
954,Python
954,Java
955,Python
955,SQL
955,Power BI
955,Excel Avançado
956,PostgreSQL
956,Java
957,Power BI
957,Excel Avançado
957,Python
958,Python
958,Excel Avançado
958,SQL
959,JavaScript
959,TypeScript
960,AWS
960,Java
961,Windows Server
961,Active Directory
962,JavaScript
962,TypeScript
962,CSS
962,React
963,Excel Avançado
963,Power BI
963,SQL
964,Active Directory
964,Redes
965,PostgreSQL
965,Node.js
965,AWS
966,AWS
966,PostgreSQL
966,Docker
967,PostgreSQL
967,Java
967,Python
967,Node.js
968,Docker
968,PostgreSQL
968,AWS
969,TypeScript
969,JavaScript
969,React
969,CSS
970,JavaScript
970,TypeScript
970,React
971,SQL
971,Excel Avançado
971,Python
971,Power BI
972,Python
972,PostgreSQL
972,Java
973,Python
973,Java
973,Node.js
973,Docker
974,Python
974,Power BI
974,Excel Avançado
974,SQL
975,ITIL
975,Windows Server
976,Windows Server
976,Active Directory
976,Redes
977,Active Directory
977,ITIL
977,Windows Server
977,Redes
978,Java
978,PostgreSQL
978,Docker
978,AWS
979,Python
979,SQL
979,Excel Avançado
979,Power BI
980,Redes
980,Active Directory
980,Windows Server
981,SQL
981,Python
981,Power BI
982,Java
982,AWS
982,Docker
983,Python
983,SQL
983,Excel Avançado
984,TypeScript
984,React
984,JavaScript
984,CSS
985,Node.js
985,PostgreSQL
985,Java
985,AWS
986,Java
986,Python
986,Node.js
986,PostgreSQL
987,React
987,JavaScript
987,TypeScript
988,Excel Avançado
988,SQL
988,Python
988,Power BI
989,Redes
989,ITIL
989,Active Directory
989,Windows Server
990,JavaScript
990,CSS
991,Excel Avançado
991,Python
991,SQL
991,Power BI
992,Python
992,Docker
992,Java
993,Redes
993,Active Directory
993,ITIL
993,Windows Server
994,PostgreSQL
994,Node.js
994,Python
994,AWS
995,Active Directory
995,Redes
996,Python
996,Docker
996,Node.js
997,Python
997,Power BI
997,SQL
998,Windows Server
998,ITIL
999,TypeScript
999,React
999,CSS
999,JavaScript
1000,Python
1000,Node.js
1001,Python
1001,Excel Avançado
1001,SQL
1001,Power BI
1002,Docker
1002,Python
1003,Windows Server
1003,Active Directory
1003,Redes
1004,Windows Server
1004,ITIL
1005,Power BI
1005,Excel Avançado
1005,Python
1005,SQL
1006,CSS
1006,React
1006,JavaScript
1006,TypeScript
1007,TypeScript
1007,JavaScript
1007,React
1007,CSS
1008,ITIL
1008,Windows Server
1008,Redes
1008,Active Directory
1009,AWS
1009,Python
1010,Docker
1010,PostgreSQL
1010,Python
1011,JavaScript
1011,React
1011,CSS
1011,TypeScript
1012,Active Directory
1012,ITIL
1013,Active Directory
1013,Windows Server
1014,JavaScript
1014,React
1014,CSS
1015,React
1015,JavaScript
1015,CSS
1016,Redes
1016,ITIL
1017,Python
1017,Node.js
1018,React
1018,CSS
1019,Node.js
1019,AWS
1019,Docker
1020,Python
1020,SQL
1020,Excel Avançado
1021,Python
1021,Java
1021,PostgreSQL
1022,ITIL
1022,Active Directory
1022,Windows Server
1022,Redes
1023,Redes
1023,Active Directory
1023,ITIL
1024,Java
1024,Python
1024,Node.js
1024,AWS
1025,React
1025,TypeScript
1025,JavaScript
1026,Java
1026,PostgreSQL
1026,AWS
1026,Docker
1027,AWS
1027,Java
1027,Docker
1027,Python
1028,Python
1028,AWS
1029,JavaScript
1029,TypeScript
1029,React
1030,Power BI
1030,SQL
1031,Docker
1031,Python
1031,PostgreSQL
1032,AWS
1032,Docker
1033,ITIL
1033,Active Directory
1033,Windows Server
1033,Redes
1034,Python
1034,SQL
1035,CSS
1035,JavaScript
1035,TypeScript
1035,React
1036,ITIL
1036,Windows Server
1036,Redes
1036,Active Directory
1037,ITIL
1037,Redes
1038,Redes
1038,Windows Server
1039,Redes
1039,Windows Server
1039,ITIL
1040,PostgreSQL
1040,Docker
1040,Node.js
1040,Java
1041,Java
1041,Node.js
1041,Python
1041,Docker
1042,Java
1042,Docker
1043,TypeScript
1043,CSS
1043,JavaScript
1043,React
1044,Java
1044,Node.js
1044,AWS
1045,Active Directory
1045,ITIL
1045,Windows Server
1045,Redes
1046,Java
1046,Docker
1046,PostgreSQL
1047,Redes
1047,Active Directory
1048,ITIL
1048,Active Directory
1049,Python
1049,PostgreSQL
1050,SQL
1050,Power BI
1050,Excel Avançado
1050,Python
1051,Windows Server
1051,Active Directory
1052,ITIL
1052,Redes
1053,ITIL
1053,Windows Server
1053,Active Directory
1054,Python
1054,Docker
1055,Windows Server
1055,Redes
1056,SQL
1056,Python
1056,Excel Avançado
1056,Power BI
1057,JavaScript
1057,CSS
1057,TypeScript
1058,AWS
1058,Node.js
1058,Docker
1058,Java
1059,Active Directory
1059,Redes
1059,ITIL
1059,Windows Server
1060,Redes
1060,ITIL
1061,CSS
1061,React
1061,TypeScript
1062,Windows Server
1062,Redes
1062,ITIL
1062,Active Directory
1063,PostgreSQL
1063,Docker
1063,Java
1063,Node.js
1064,React
1064,JavaScript
1064,TypeScript
1065,Java
1065,Docker
1065,PostgreSQL
1066,Windows Server
1066,Redes
1066,Active Directory
1066,ITIL
1067,Active Directory
1067,Redes
1068,Windows Server
1068,Redes
1069,CSS
1069,TypeScript
1069,JavaScript
1070,Windows Server
1070,Active Directory
1070,Redes
1070,ITIL
1071,ITIL
1071,Redes
1071,Active Directory
1071,Windows Server
1072,Active Directory
1072,Redes
1072,Windows Server
1073,Redes
1073,Windows Server
1073,ITIL
1074,Python
1074,AWS
1075,Python
1075,Java
1076,Python
1076,Excel Avançado
1077,Python
1077,Node.js
1077,AWS
1078,TypeScript
1078,JavaScript
1078,CSS
1079,Redes
1079,Windows Server
1080,JavaScript
1080,TypeScript
1080,CSS
1080,React
1081,Power BI
1081,Python
1081,SQL
1081,Excel Avançado
1082,Windows Server
1082,Active Directory
1082,ITIL
1083,Docker
1083,Python
1083,PostgreSQL
1084,Node.js
1084,Python
1084,Docker
1085,Windows Server
1085,Active Directory
1085,Redes
1086,Redes
1086,Windows Server
1087,TypeScript
1087,CSS
1087,JavaScript
1088,Windows Server
1088,Active Directory
1089,JavaScript
1089,React
1089,TypeScript
1090,PostgreSQL
1090,AWS
1091,PostgreSQL
1091,Python
1091,Node.js
1091,Java
1092,CSS
1092,JavaScript
1093,AWS
1093,PostgreSQL
1094,CSS
1094,React
1094,JavaScript
1095,React
1095,JavaScript
1095,CSS
1096,ITIL
1096,Redes
1096,Windows Server
1097,Python
1097,Excel Avançado
1097,Power BI
1097,SQL
1098,PostgreSQL
1098,Node.js
1098,Python
1098,Java
1099,AWS
1099,Java
1100,JavaScript
1100,React
1101,Redes
1101,ITIL
1101,Windows Server
1101,Active Directory
1102,CSS
1102,React
1103,AWS
1103,PostgreSQL
1103,Node.js
1103,Docker
1104,Active Directory
1104,ITIL
1105,Excel Avançado
1105,Power BI
1105,SQL
1105,Python
1106,Python
1106,Node.js
1106,PostgreSQL
1107,Java
1107,Docker
1107,Node.js
1108,Windows Server
1108,Active Directory
1108,Redes
1108,ITIL
1109,ITIL
1109,Windows Server
1109,Active Directory
1109,Redes
1110,Redes
1110,Active Directory
1110,Windows Server
1110,ITIL
1111,SQL
1111,Power BI
1112,ITIL
1112,Active Directory
1113,AWS
1113,Docker
1113,Python
1113,Node.js
1114,Python
1114,SQL
1114,Power BI
1115,Active Directory
1115,Windows Server
1115,Redes
1116,Docker
1116,Python
1116,AWS
1117,Redes
1117,Active Directory
1118,PostgreSQL
1118,AWS
1118,Node.js
1118,Docker
1119,AWS
1119,Docker
1119,Python
1119,PostgreSQL
1120,Power BI
1120,SQL
1121,Python
1121,Java
1121,AWS
1122,Java
1122,Python
1122,Node.js
1123,React
1123,CSS
1123,JavaScript
1124,Node.js
1124,Java
1124,Docker
1124,AWS
1125,Active Directory
1125,ITIL
1125,Windows Server
1125,Redes
1126,TypeScript
1126,CSS
1127,React
1127,CSS
1128,TypeScript
1128,JavaScript
1129,Python
1129,Power BI
1129,SQL
1130,AWS
1130,Python
1130,PostgreSQL
1130,Node.js
1131,Active Directory
1131,Windows Server
1131,ITIL
1132,Node.js
1132,Python
1133,Python
1133,Docker
1133,AWS
1134,TypeScript
1134,React
1134,CSS
1135,CSS
1135,React
1135,JavaScript
1135,TypeScript
1136,AWS
1136,PostgreSQL
1136,Java
1137,Active Directory
1137,Windows Server
1138,Docker
1138,PostgreSQL
1138,Node.js
1138,AWS
1139,Redes
1139,ITIL
1139,Windows Server
1139,Active Directory
1140,CSS
1140,JavaScript
1140,TypeScript
1140,React
1141,AWS
1141,Java
1141,Python
1141,PostgreSQL
1142,Redes
1142,Active Directory
1143,AWS
1143,PostgreSQL
1143,Java
1144,React
1144,CSS
1144,JavaScript
1145,Python
1145,Excel Avançado
1146,PostgreSQL
1146,Docker
1147,CSS
1147,TypeScript
1148,AWS
1148,PostgreSQL
1148,Java
1149,JavaScript
1149,TypeScript
1149,CSS
1150,Java
1150,Python
1150,Docker
1151,TypeScript
1151,React
1152,SQL
1152,Excel Avançado
1152,Power BI
1152,Python
1153,Python
1153,Excel Avançado
1154,TypeScript
1154,JavaScript
1155,Python
1155,Excel Avançado
1155,SQL
1156,Java
1156,AWS
1156,Python
1156,PostgreSQL
1157,Redes
1157,Windows Server
1157,ITIL
1158,Excel Avançado
1158,SQL
1158,Python
1158,Power BI
1159,CSS
1159,React
1160,AWS
1160,Docker
1160,PostgreSQL
1161,CSS
1161,TypeScript
1161,React
1162,SQL
1162,Python
1162,Power BI
1162,Excel Avançado
1163,TypeScript
1163,CSS
1164,Python
1164,Java
1164,Node.js
1165,JavaScript
1165,React
1166,Windows Server
1166,Active Directory
1166,Redes
1166,ITIL
1167,Node.js
1167,Java
1167,PostgreSQL
1168,Java
1168,Docker
1168,PostgreSQL
1169,PostgreSQL
1169,Docker
1170,CSS
1170,React
1171,Power BI
1171,Python
1171,Excel Avançado
1172,Active Directory
1172,Redes
1172,Windows Server
1173,Active Directory
1173,Windows Server
1173,Redes
1174,JavaScript
1174,CSS
1175,Redes
1175,ITIL
1175,Windows Server
1175,Active Directory
1176,Python
1176,Power BI
1176,Excel Avançado
1176,SQL
1177,PostgreSQL
1177,Docker
1178,Java
1178,AWS
1179,Redes
1179,Windows Server
1179,Active Directory
1180,SQL
1180,Python
1180,Excel Avançado
1180,Power BI
1181,Python
1181,Excel Avançado
1181,Power BI
1181,SQL
1182,AWS
1182,Python
1182,PostgreSQL
1183,Power BI
1183,SQL
1184,Redes
1184,ITIL
1185,ITIL
1185,Redes
1186,Power BI
1186,Python
1186,SQL
1186,Excel Avançado
1187,React
1187,TypeScript
1187,CSS
1188,SQL
1188,Excel Avançado
1188,Power BI
1189,ITIL
1189,Active Directory
1189,Redes
1190,Active Directory
1190,ITIL
1191,JavaScript
1191,CSS
1191,React
1191,TypeScript
1192,PostgreSQL
1192,AWS
1192,Node.js
1193,Active Directory
1193,ITIL
1194,Docker
1194,AWS
1194,Python
1195,Python
1195,Power BI
1196,Redes
1196,Windows Server
1197,SQL
1197,Python
1198,Redes
1198,ITIL
1198,Windows Server
1199,Power BI
1199,Python
1199,SQL
1199,Excel Avançado
1200,Node.js
1200,Java
1200,AWS
1201,JavaScript
1201,CSS
1201,React
1201,TypeScript
1202,Active Directory
1202,Windows Server
1202,Redes
1203,Docker
1203,Java
1203,Node.js
1204,Windows Server
1204,ITIL
1205,CSS
1205,TypeScript
1205,JavaScript
1206,ITIL
1206,Active Directory
1206,Windows Server
1207,Docker
1207,AWS
1207,Python
1207,PostgreSQL
1208,JavaScript
1208,React
1208,TypeScript
1209,JavaScript
1209,TypeScript
1209,CSS
1209,React
1210,CSS
1210,TypeScript
1211,Node.js
1211,Docker
1211,Python
1212,Java
1212,Docker
1213,Active Directory
1213,Redes
1214,TypeScript
1214,React
1215,Redes
1215,Active Directory
1215,Windows Server
1216,TypeScript
1216,JavaScript
1217,Windows Server
1217,Active Directory
1217,Redes
1218,Active Directory
1218,ITIL
1219,TypeScript
1219,JavaScript
1219,React
1219,CSS
1220,Active Directory
1220,Redes
1220,Windows Server
1221,SQL
1221,Excel Avançado
1221,Python
1221,Power BI
1222,Node.js
1222,PostgreSQL
1223,Docker
1223,Node.js
1223,Python
1223,Java
1224,Java
1224,AWS
1224,Python
1224,PostgreSQL
1225,Python
1225,SQL
1226,Active Directory
1226,ITIL
1226,Redes
1227,Docker
1227,Node.js
1227,PostgreSQL
1228,Power BI
1228,Python
1228,Excel Avançado
1229,Docker
1229,Python
1230,Power BI
1230,SQL
1230,Python
1230,Excel Avançado
1231,Redes
1231,ITIL
1232,CSS
1232,React
1232,TypeScript
1232,JavaScript
1233,Windows Server
1233,Redes
1233,ITIL
1234,TypeScript
1234,CSS
1235,React
1235,TypeScript
1235,JavaScript
1236,Power BI
1236,Python
1236,Excel Avançado
1236,SQL
1237,React
1237,CSS
1238,Active Directory
1238,Redes
1238,ITIL
1238,Windows Server
1239,Excel Avançado
1239,Python
1239,SQL
1240,Active Directory
1240,ITIL
1240,Redes
1241,Excel Avançado
1241,Python
1241,Power BI
1241,SQL
1242,Docker
1242,AWS
1243,TypeScript
1243,JavaScript
1243,CSS
1243,React
1244,TypeScript
1244,React
1244,CSS
1245,Windows Server
1245,Redes
1245,ITIL
1245,Active Directory
1246,TypeScript
1246,React
1247,Docker
1247,AWS
1248,SQL
1248,Python
1249,React
1249,CSS
1249,TypeScript
1250,ITIL
1250,Active Directory
1250,Redes
1251,AWS
1251,Python
1252,TypeScript
1252,JavaScript
1253,Active Directory
1253,ITIL
1253,Redes
1253,Windows Server
1254,PostgreSQL
1254,Java
1255,Windows Server
1255,Active Directory
1255,Redes
1255,ITIL
1256,Excel Avançado
1256,Power BI
1256,SQL
1256,Python
1257,AWS
1257,PostgreSQL
1257,Docker
1258,Node.js
1258,PostgreSQL
1259,JavaScript
1259,React
1259,TypeScript
1260,React
1260,JavaScript
1260,CSS
1261,Power BI
1261,Excel Avançado
1261,Python
1262,AWS
1262,Java
1262,Node.js
1263,Windows Server
1263,ITIL
1263,Active Directory
1263,Redes
1264,TypeScript
1264,React
1264,JavaScript
1264,CSS
1265,Python
1265,Excel Avançado
1265,SQL
1265,Power BI
1266,Docker
1266,Python
1267,AWS
1267,Java
1267,Python
1267,Docker
1268,Active Directory
1268,Redes
1268,ITIL
1269,Python
1269,SQL
1269,Excel Avançado
1269,Power BI
1270,ITIL
1270,Windows Server
1270,Active Directory
1271,CSS
1271,TypeScript
1272,CSS
1272,React
1272,JavaScript
1273,JavaScript
1273,TypeScript
1273,React
1274,Docker
1274,Java
1274,Python
1275,SQL
1275,Python
1276,CSS
1276,JavaScript
1276,React
1276,TypeScript
1277,AWS
1277,PostgreSQL
1277,Python
1278,AWS
1278,Python
1278,Java
1278,Docker
1279,PostgreSQL
1279,Java
1279,AWS
1279,Docker
1280,Docker
1280,Node.js
1280,Java
1281,TypeScript
1281,React
1281,CSS
1281,JavaScript
1282,AWS
1282,PostgreSQL
1282,Python
1282,Java
1283,Java
1283,Python
1284,AWS
1284,Docker
1284,Java
1285,ITIL
1285,Windows Server
1285,Redes
1286,Python
1286,Excel Avançado
1287,Power BI
1287,Excel Avançado
1287,Python
1288,Java
1288,AWS
1289,Active Directory
1289,Redes
1289,ITIL
1290,React
1290,TypeScript
1291,Active Directory
1291,ITIL
1291,Redes
1292,Redes
1292,Windows Server
1292,ITIL
1292,Active Directory
1293,TypeScript
1293,CSS
1293,React
1294,JavaScript
1294,CSS
1294,React
1294,TypeScript
1295,JavaScript
1295,TypeScript
1295,React
1296,SQL
1296,Power BI
1296,Excel Avançado
1297,JavaScript
1297,CSS
1297,React
1298,Active Directory
1298,Windows Server
1299,Node.js
1299,Java
1299,Python
1299,Docker
1300,ITIL
1300,Redes
1300,Active Directory
1300,Windows Server
1301,ITIL
1301,Active Directory
1302,JavaScript
1302,React
1302,TypeScript
1302,CSS
1303,Active Directory
1303,Redes
1304,Windows Server
1304,ITIL
1305,Windows Server
1305,ITIL
1305,Active Directory
1305,Redes
1306,React
1306,CSS
1307,Node.js
1307,Docker
1307,AWS
1308,Redes
1308,Active Directory
1309,Windows Server
1309,Redes
1309,ITIL
1310,Docker
1310,Java
1311,Power BI
1311,Excel Avançado
1312,JavaScript
1312,CSS
1312,React
1313,Redes
1313,ITIL
1313,Windows Server
1314,TypeScript
1314,JavaScript
1314,CSS
1315,Redes
1315,ITIL
1315,Active Directory
1315,Windows Server
1316,Java
1316,AWS
1316,Node.js
1316,Python
1317,CSS
1317,JavaScript
1318,PostgreSQL
1318,Python
1319,Node.js
1319,Python
1320,Python
1320,SQL
1320,Excel Avançado
1321,Redes
1321,ITIL
1321,Windows Server
1321,Active Directory
1322,Windows Server
1322,Redes
1323,React
1323,JavaScript
1324,CSS
1324,JavaScript
1325,Windows Server
1325,Active Directory
1325,Redes
1326,Excel Avançado
1326,SQL
1327,AWS
1327,PostgreSQL
1327,Docker
1327,Python
1328,ITIL
1328,Windows Server
1328,Redes
1329,SQL
1329,Excel Avançado
1329,Power BI
1330,Redes
1330,Windows Server
1330,Active Directory
1330,ITIL
1331,ITIL
1331,Windows Server
1331,Redes
1331,Active Directory
1332,Python
1332,PostgreSQL
1332,Node.js
1333,Python
1333,SQL
1333,Power BI
1334,Redes
1334,ITIL
1334,Active Directory
1335,SQL
1335,Python
1336,Active Directory
1336,Windows Server
1336,ITIL
1337,Excel Avançado
1337,SQL
1338,SQL
1338,Python
1339,Power BI
1339,Excel Avançado
1340,Java
1340,Python
1340,PostgreSQL
1341,React
1341,JavaScript
1342,Excel Avançado
1342,Power BI
1342,Python
1343,React
1343,CSS
1343,TypeScript
1344,Python
1344,PostgreSQL
1344,Node.js
1344,AWS
1345,CSS
1345,JavaScript
1345,TypeScript
1345,React
1346,Redes
1346,Active Directory
1346,Windows Server
1347,Java
1347,Python
1348,Redes
1348,Windows Server
1348,Active Directory
1348,ITIL
1349,Power BI
1349,Excel Avançado
1349,Python
1349,SQL
1350,CSS
1350,React
1351,Excel Avançado
1351,Power BI
1352,SQL
1352,Power BI
1353,PostgreSQL
1353,Python
1353,Node.js
1353,Docker
1354,Redes
1354,Windows Server
1355,Node.js
1355,Python
1356,Python
1356,Excel Avançado
1357,Windows Server
1357,Redes
1358,CSS
1358,React
1358,JavaScript
1358,TypeScript
1359,SQL
1359,Python
1359,Power BI
1359,Excel Avançado
1360,CSS
1360,React
1360,JavaScript
1360,TypeScript
1361,Node.js
1361,PostgreSQL
1362,AWS
1362,Python
1362,PostgreSQL
1363,Node.js
1363,PostgreSQL
1363,AWS
1364,Node.js
1364,Docker
1365,Excel Avançado
1365,Power BI
1365,Python
1366,Windows Server
1366,Active Directory
1366,ITIL
1367,CSS
1367,React
1367,JavaScript
1367,TypeScript
1368,React
1368,TypeScript
1368,CSS
1369,React
1369,JavaScript
1369,TypeScript
1370,JavaScript
1370,TypeScript
1370,CSS
1371,Active Directory
1371,Windows Server
1371,Redes
1371,ITIL
1372,Java
1372,AWS
1372,PostgreSQL
1372,Python
1373,Java
1373,Docker
1374,JavaScript
1374,React
1375,React
1375,TypeScript
1376,AWS
1376,Java
1376,PostgreSQL
1377,Excel Avançado
1377,Power BI
1377,Python
1378,Docker
1378,Node.js
1378,PostgreSQL
1378,Python
1379,Redes
1379,Active Directory
1379,ITIL
1380,React
1380,JavaScript
1380,TypeScript
1380,CSS
1381,Docker
1381,Java
1381,AWS
1382,Java
1382,Node.js
1382,PostgreSQL
1382,Docker
1383,TypeScript
1383,JavaScript
1383,React
1384,CSS
1384,JavaScript
1384,React
1385,Windows Server
1385,Active Directory
1386,TypeScript
1386,CSS
1386,JavaScript
1387,Node.js
1387,PostgreSQL
1388,Excel Avançado
1388,SQL
1388,Python
1388,Power BI
1389,JavaScript
1389,React
1389,CSS
1390,ITIL
1390,Redes
1391,ITIL
1391,Redes
1391,Active Directory
1392,Excel Avançado
1392,Power BI
1392,SQL
1393,Power BI
1393,Python
1393,SQL
1393,Excel Avançado
1394,Python
1394,Docker
1394,Node.js
1394,AWS
1395,CSS
1395,React
1395,TypeScript
1395,JavaScript
1396,SQL
1396,Power BI
1396,Python
1396,Excel Avançado
1397,React
1397,TypeScript
1397,CSS
1397,JavaScript
1398,SQL
1398,Python
1398,Power BI
1399,React
1399,TypeScript
1399,CSS
1400,Windows Server
1400,Active Directory
1400,ITIL
1400,Redes
1401,Docker
1401,Node.js
1402,Java
1402,PostgreSQL
1402,Node.js
1403,Active Directory
1403,Windows Server
1403,Redes
1404,React
1404,JavaScript
1404,CSS
1405,Python
1405,SQL
1406,JavaScript
1406,TypeScript
1407,PostgreSQL
1407,Python
1407,Node.js
1408,SQL
1408,Power BI
1409,SQL
1409,Excel Avançado
1409,Power BI
1410,JavaScript
1410,TypeScript
1411,CSS
1411,JavaScript
1412,SQL
1412,Excel Avançado
1412,Power BI
1413,Python
1413,AWS
1413,Node.js
1414,CSS
1414,TypeScript
1414,JavaScript
1414,React
1415,PostgreSQL
1415,AWS
1415,Docker
1416,React
1416,CSS
1416,TypeScript
1417,Windows Server
1417,Active Directory
1417,ITIL
1417,Redes
1418,SQL
1418,Excel Avançado
1418,Power BI
1419,Power BI
1419,SQL
1419,Python
1419,Excel Avançado
1420,Active Directory
1420,Redes
1420,ITIL
1421,CSS
1421,React
1422,CSS
1422,TypeScript
1423,Power BI
1423,SQL
1423,Python
1424,Docker
1424,Node.js
1424,Python
1425,Python
1425,AWS
1425,Node.js
1426,Windows Server
1426,Redes
1426,Active Directory
1426,ITIL
1427,React
1427,TypeScript
1427,JavaScript
1427,CSS
1428,Java
1428,Docker
1428,AWS
1428,Node.js
1429,Node.js
1429,PostgreSQL
1429,Docker
1430,AWS
1430,Docker
1430,Node.js
1431,Windows Server
1431,Redes
1432,Redes
1432,Windows Server
1432,Active Directory
1432,ITIL
1433,Windows Server
1433,Active Directory
1434,Docker
1434,Python
1434,PostgreSQL
1435,SQL
1435,Power BI
1436,PostgreSQL
1436,Docker
1436,Java
1437,Python
1437,Docker
1438,CSS
1438,React
1438,JavaScript
1438,TypeScript
1439,Node.js
1439,PostgreSQL
1439,AWS
1439,Java
1440,CSS
1440,TypeScript
1440,React
1440,JavaScript
1441,Excel Avançado
1441,SQL
1441,Power BI
1441,Python
1442,Excel Avançado
1442,Python
1442,SQL
1442,Power BI
1443,AWS
1443,PostgreSQL
1443,Python
1444,Python
1444,PostgreSQL
1444,Node.js
1445,Node.js
1445,PostgreSQL
1446,Power BI
1446,Excel Avançado
1446,Python
1446,SQL
1447,React
1447,CSS
1447,TypeScript
1447,JavaScript
1448,Python
1448,Excel Avançado
1448,Power BI
1449,Active Directory
1449,Redes
1449,ITIL
1450,Windows Server
1450,Redes
1450,Active Directory
1450,ITIL
1451,ITIL
1451,Redes
1452,Active Directory
1452,Windows Server
1452,Redes
1453,AWS
1453,Java
1454,Python
1454,Docker
1455,CSS
1455,TypeScript
1455,React
1455,JavaScript
1456,TypeScript
1456,CSS
1457,Windows Server
1457,Active Directory
1458,Java
1458,Node.js
1458,AWS
1458,PostgreSQL
1459,Python
1459,SQL
1460,Active Directory
1460,ITIL
1461,Excel Avançado
1461,Python
1461,SQL
1461,Power BI
1462,CSS
1462,JavaScript
1462,React
1462,TypeScript
1463,Active Directory
1463,ITIL
1464,Windows Server
1464,Active Directory
1465,Redes
1465,Windows Server
1465,ITIL
1465,Active Directory
1466,Excel Avançado
1466,SQL
1466,Power BI
1467,Python
1467,Docker
1467,Node.js
1468,JavaScript
1468,TypeScript
1469,SQL
1469,Excel Avançado
1469,Power BI
1470,Java
1470,Docker
1470,Node.js
1470,PostgreSQL
1471,JavaScript
1471,TypeScript
1471,CSS
1472,Active Directory
1472,Windows Server
1472,Redes
1473,Node.js
1473,PostgreSQL
1473,Docker
1473,Java
1474,Java
1474,PostgreSQL
1474,Python
1475,SQL
1475,Power BI
1475,Excel Avançado
1475,Python
1476,Windows Server
1476,Redes
1476,ITIL
1476,Active Directory
1477,CSS
1477,JavaScript
1478,JavaScript
1478,TypeScript
1478,CSS
1479,Power BI
1479,Excel Avançado
1479,SQL
1479,Python
1480,PostgreSQL
1480,Docker
1480,Java
1480,Node.js
1481,ITIL
1481,Active Directory
1482,Java
1482,Python
1482,Node.js
1483,Windows Server
1483,Redes
1483,ITIL
1484,ITIL
1484,Active Directory
1484,Windows Server
1485,Redes
1485,Windows Server
1486,React
1486,JavaScript
1486,TypeScript
1486,CSS
1487,Node.js
1487,PostgreSQL
1487,AWS
1487,Docker
1488,JavaScript
1488,TypeScript
1489,React
1489,JavaScript
1490,Node.js
1490,PostgreSQL
1490,Java
1490,Docker
1491,ITIL
1491,Active Directory
1491,Redes
1491,Windows Server
1492,Python
1492,PostgreSQL
1492,Docker
1492,AWS
1493,CSS
1493,JavaScript
1493,React
1493,TypeScript
1494,SQL
1494,Excel Avançado
1494,Power BI
1495,Active Directory
1495,Redes
1495,ITIL
1496,JavaScript
1496,CSS
1496,TypeScript
1496,React
1497,CSS
1497,React
1497,JavaScript
1497,TypeScript
1498,Redes
1498,ITIL
1499,ITIL
1499,Active Directory
1499,Windows Server
1500,React
1500,CSS
1500,JavaScript
1500,TypeScript
1501,CSS
1501,React
1501,TypeScript
1502,Docker
1502,Java
1503,Power BI
1503,Excel Avançado
1503,Python
1504,PostgreSQL
1504,Python
1504,Java
1504,Docker
1505,JavaScript
1505,TypeScript
1505,CSS
1506,Excel Avançado
1506,Power BI
1507,Redes
1507,Windows Server
1508,Python
1508,AWS
1509,Java
1509,AWS
1509,Docker
1510,Redes
1510,Windows Server
1510,Active Directory
1511,Python
1511,Docker
1511,PostgreSQL
1512,Active Directory
1512,ITIL
1513,Redes
1513,Windows Server
1513,Active Directory
1514,Excel Avançado
1514,SQL
1515,Active Directory
1515,Redes
1515,ITIL
1516,ITIL
1516,Windows Server
1517,CSS
1517,JavaScript
1517,React
1517,TypeScript
1518,JavaScript
1518,TypeScript
1519,AWS
1519,PostgreSQL
1519,Python
1519,Java
1520,Power BI
1520,Python
1521,Node.js
1521,AWS
1521,PostgreSQL
1522,Power BI
1522,Python
1522,SQL
1523,JavaScript
1523,CSS
1523,TypeScript
1523,React
1524,Python
1524,AWS
1525,AWS
1525,PostgreSQL
1525,Node.js
1525,Docker
1526,Windows Server
1526,Active Directory
1527,Python
1527,PostgreSQL
1527,Node.js
1527,Docker
1528,Power BI
1528,Excel Avançado
1528,SQL
1529,Docker
1529,Java
1529,Python
1529,Node.js
1530,Docker
1530,Node.js
1530,PostgreSQL
1530,AWS
1531,AWS
1531,Node.js
1532,Redes
1532,Active Directory
1533,Power BI
1533,Excel Avançado
1533,SQL
1534,Redes
1534,Windows Server
1534,ITIL
1535,PostgreSQL
1535,AWS
1535,Docker
1536,Redes
1536,Active Directory
1536,ITIL
1537,Windows Server
1537,Redes
1537,ITIL
1538,Python
1538,SQL
1539,TypeScript
1539,CSS
1540,CSS
1540,TypeScript
1541,React
1541,JavaScript
1541,CSS
1542,Node.js
1542,Docker
1542,PostgreSQL
1542,AWS
1543,ITIL
1543,Redes
1544,AWS
1544,Java
1544,Node.js
1545,React
1545,JavaScript
1545,CSS
1546,Excel Avançado
1546,Power BI
1547,ITIL
1547,Active Directory
1547,Windows Server
1547,Redes
1548,TypeScript
1548,CSS
1549,Power BI
1549,Excel Avançado
1549,Python
1550,Python
1550,Power BI
1550,SQL
1550,Excel Avançado
1551,CSS
1551,React
1552,AWS
1552,PostgreSQL
1553,Python
1553,Power BI
1553,Excel Avançado
1553,SQL
1554,React
1554,CSS
1555,CSS
1555,TypeScript
1555,JavaScript
1556,ITIL
1556,Windows Server
1557,Excel Avançado
1557,SQL
1558,Node.js
1558,AWS
1558,Python
1559,Excel Avançado
1559,Power BI
1559,SQL
1559,Python
1560,Python
1560,Docker
1561,Java
1561,AWS
1562,PostgreSQL
1562,Python
1562,AWS
1563,Power BI
1563,Excel Avançado
1564,JavaScript
1564,TypeScript
1565,Docker
1565,Node.js
1566,PostgreSQL
1566,Docker
1567,Python
1567,Java
1567,Docker
1568,Node.js
1568,AWS
1568,PostgreSQL
1568,Python
1569,Node.js
1569,Python
1570,CSS
1570,React
1570,JavaScript
1571,Active Directory
1571,ITIL
1572,Python
1572,Node.js
1572,PostgreSQL
1573,PostgreSQL
1573,Node.js
1574,Windows Server
1574,Redes
1574,ITIL
1575,Active Directory
1575,Windows Server
1575,Redes
1575,ITIL
1576,Power BI
1576,SQL
1576,Python
1577,CSS
1577,React
1578,Power BI
1578,Excel Avançado
1578,Python
1579,PostgreSQL
1579,Python
1579,Docker
1579,Node.js
1580,Python
1580,Node.js
1580,Docker
1580,AWS
1581,Python
1581,Excel Avançado
1581,Power BI
1582,PostgreSQL
1582,Docker
1582,AWS
1582,Java
1583,Redes
1583,Windows Server
1583,Active Directory
1583,ITIL
1584,React
1584,TypeScript
1584,JavaScript
1584,CSS
1585,Active Directory
1585,ITIL
1585,Redes
1585,Windows Server
1586,Excel Avançado
1586,SQL
1586,Python
1587,Python
1587,Power BI
1587,Excel Avançado
1588,Python
1588,Power BI
1589,AWS
1589,Node.js
1590,Python
1590,AWS
1591,PostgreSQL
1591,Python
1591,AWS
1592,React
1592,CSS
1592,TypeScript
1593,Excel Avançado
1593,Python
1594,Redes
1594,ITIL
1595,Active Directory
1595,Windows Server
1595,Redes
1596,Excel Avançado
1596,Python
1597,PostgreSQL
1597,Java
1597,AWS
1597,Python
1598,Active Directory
1598,ITIL
1598,Redes
1599,Power BI
1599,Excel Avançado
1600,ITIL
1600,Redes
1601,Java
1601,Python
1601,PostgreSQL
1602,Java
1602,Node.js
1603,Active Directory
1603,Redes
1604,CSS
1604,JavaScript
1604,React
1605,SQL
1605,Excel Avançado
1605,Power BI
1606,Active Directory
1606,Redes
1607,ITIL
1607,Windows Server
1607,Active Directory
1608,Java
1608,Node.js
1609,ITIL
1609,Redes
1610,Windows Server
1610,ITIL
1611,SQL
1611,Excel Avançado
1611,Power BI
1611,Python
1612,PostgreSQL
1612,Node.js
1612,Java
1612,AWS
1613,TypeScript
1613,React
1614,CSS
1614,TypeScript
1614,JavaScript
1614,React
1615,Docker
1615,Python
1616,PostgreSQL
1616,Node.js
1616,Docker
1617,React
1617,CSS
1617,TypeScript
1618,Power BI
1618,Python
1618,Excel Avançado
1619,Power BI
1619,SQL
1619,Python
1620,Python
1620,Power BI
1620,Excel Avançado
1620,SQL
1621,Windows Server
1621,Active Directory
1621,Redes
1621,ITIL
1622,Windows Server
1622,Redes
1622,ITIL
1623,Node.js
1623,Python
1624,PostgreSQL
1624,AWS
1624,Node.js
1625,Active Directory
1625,Windows Server
1625,ITIL
1625,Redes
1626,Active Directory
1626,Windows Server
1627,Windows Server
1627,Active Directory
1627,ITIL
1628,React
1628,TypeScript
1629,Docker
1629,Node.js
1629,Java
1629,Python
1630,ITIL
1630,Windows Server
1631,Python
1631,Excel Avançado
1632,Excel Avançado
1632,SQL
1632,Power BI
1633,Excel Avançado
1633,SQL
1633,Python
1634,CSS
1634,TypeScript
1635,Excel Avançado
1635,SQL
1635,Python
1635,Power BI
1636,Redes
1636,Active Directory
1636,ITIL
1637,Excel Avançado
1637,SQL
1637,Python
1638,TypeScript
1638,React
1638,CSS
1639,SQL
1639,Python
1640,Docker
1640,Python
1640,Node.js
1640,AWS
1641,React
1641,CSS
1642,AWS
1642,Java
1642,Node.js
1642,PostgreSQL
1643,Active Directory
1643,Redes
1643,ITIL
1643,Windows Server
1644,Windows Server
1644,Active Directory
1644,ITIL
1644,Redes
1645,Active Directory
1645,Windows Server
1645,Redes
1645,ITIL
1646,ITIL
1646,Windows Server
1646,Active Directory
1646,Redes
1647,Redes
1647,Active Directory
1648,CSS
1648,TypeScript
1648,React
1648,JavaScript
1649,Java
1649,Docker
1649,PostgreSQL
1650,PostgreSQL
1650,AWS
1650,Docker
1650,Java
1651,React
1651,CSS
1651,JavaScript
1651,TypeScript
1652,PostgreSQL
1652,AWS
1652,Node.js
1653,Active Directory
1653,Windows Server
1653,ITIL
1653,Redes
1654,Node.js
1654,Docker
1654,PostgreSQL
1655,React
1655,JavaScript
1655,TypeScript
1656,Node.js
1656,Python
1656,PostgreSQL
1656,Java
1657,JavaScript
1657,React
1657,TypeScript
1657,CSS
1658,Python
1658,Excel Avançado
1659,Python
1659,Docker
1660,Redes
1660,ITIL
1661,SQL
1661,Excel Avançado
1662,AWS
1662,PostgreSQL
1663,Excel Avançado
1663,Python
1663,Power BI
1664,Power BI
1664,Excel Avançado
1664,SQL
1664,Python
1665,PostgreSQL
1665,Python
1665,Node.js
1665,Java
1666,Redes
1666,Active Directory
1667,TypeScript
1667,React
1667,JavaScript
1667,CSS
1668,PostgreSQL
1668,AWS
1669,ITIL
1669,Active Directory
1670,Java
1670,Node.js
1670,AWS
1671,JavaScript
1671,CSS
1672,Windows Server
1672,Active Directory
1672,ITIL
1672,Redes
1673,Power BI
1673,Excel Avançado
1673,SQL
1673,Python
1674,Active Directory
1674,Redes
1674,ITIL
1674,Windows Server
1675,ITIL
1675,Active Directory
1676,Excel Avançado
1676,Power BI
1677,PostgreSQL
1677,Node.js
1677,Docker
1678,ITIL
1678,Active Directory
1678,Redes
1679,Active Directory
1679,Windows Server
1680,CSS
1680,React
1681,Python
1681,Excel Avançado
1681,SQL
1682,Redes
1682,Active Directory
1682,Windows Server
1683,CSS
1683,TypeScript
1683,React
1684,ITIL
1684,Windows Server
1685,Docker
1685,PostgreSQL
1685,Node.js
1685,Python
1686,Power BI
1686,Python
1686,SQL
1686,Excel Avançado
1687,TypeScript
1687,CSS
1687,React
1687,JavaScript
1688,Excel Avançado
1688,SQL
1688,Python
1689,CSS
1689,TypeScript
1689,JavaScript
1690,Windows Server
1690,ITIL
1691,Java
1691,PostgreSQL
1691,Python
1692,Redes
1692,Active Directory
1692,Windows Server
1692,ITIL
1693,Redes
1693,ITIL
1694,React
1694,CSS
1694,JavaScript
1695,PostgreSQL
1695,Java
1695,AWS
1696,AWS
1696,Docker
1696,Python
1696,PostgreSQL
1697,Java
1697,Python
1697,PostgreSQL
1698,TypeScript
1698,JavaScript
1698,React
1699,Active Directory
1699,ITIL
1699,Redes
1699,Windows Server
1700,Node.js
1700,Python
1700,AWS
1700,Java
1701,React
1701,TypeScript
1702,PostgreSQL
1702,Docker
1702,AWS
1702,Java
1703,Node.js
1703,Python
1703,AWS
1703,PostgreSQL
1704,JavaScript
1704,TypeScript
1705,Power BI
1705,SQL
1705,Excel Avançado
1705,Python
1706,AWS
1706,Java
1706,Node.js
1707,ITIL
1707,Active Directory
1707,Windows Server
1707,Redes
1708,Java
1708,Docker
1709,Active Directory
1709,Redes
1709,ITIL
1710,Active Directory
1710,ITIL
1710,Windows Server
1710,Redes
1711,Node.js
1711,Python
1711,Java
1712,TypeScript
1712,React
1712,JavaScript
1713,Java
1713,Docker
1714,Python
1714,Power BI
1715,Python
1715,Excel Avançado
1715,SQL
1716,Python
1716,Excel Avançado
1716,Power BI
1717,Node.js
1717,Docker
1717,PostgreSQL
1718,Python
1718,Power BI
1718,SQL
1718,Excel Avançado
1719,Excel Avançado
1719,SQL
1719,Power BI
1719,Python
1720,Redes
1720,Active Directory
1721,Node.js
1721,PostgreSQL
1721,Docker
1722,Excel Avançado
1722,Python
1723,CSS
1723,JavaScript
1723,React
1724,Docker
1724,Node.js
1724,Java
1725,CSS
1725,TypeScript
1726,PostgreSQL
1726,AWS
1726,Node.js
1727,PostgreSQL
1727,Java
1727,Docker
1728,Docker
1728,Node.js
1728,PostgreSQL
1728,Python
1729,AWS
1729,Docker
1730,SQL
1730,Excel Avançado
1730,Power BI
1730,Python
1731,JavaScript
1731,TypeScript
1732,Excel Avançado
1732,Power BI
1732,Python
1732,SQL
1733,Redes
1733,Active Directory
1733,Windows Server
1734,Java
1734,PostgreSQL
1735,PostgreSQL
1735,Java
1735,Docker
1735,Node.js
1736,Power BI
1736,Excel Avançado
1737,Python
1737,Node.js
1738,Node.js
1738,Docker
1738,Java
1738,AWS
1739,ITIL
1739,Active Directory
1739,Redes
1740,Excel Avançado
1740,Power BI
1740,SQL
1741,Java
1741,AWS
1742,Python
1742,PostgreSQL
1742,Java
1743,CSS
1743,JavaScript
1743,TypeScript
1744,AWS
1744,PostgreSQL
1745,AWS
1745,Java
1746,ITIL
1746,Windows Server
1746,Active Directory
1746,Redes
1747,Docker
1747,Java
1747,Python
1748,Windows Server
1748,Active Directory
1749,React
1749,JavaScript
1749,TypeScript
1749,CSS
1750,Python
1750,Power BI
1751,React
1751,JavaScript
1752,Python
1752,Docker
1752,Java
1752,Node.js
1753,Windows Server
1753,ITIL
1753,Redes
1754,AWS
1754,Python
1754,Docker
1754,PostgreSQL
1755,PostgreSQL
1755,Python
1756,SQL
1756,Power BI
1756,Excel Avançado
1756,Python
1757,Node.js
1757,Java
1757,Python
1758,Python
1758,Java
1758,Docker
1758,PostgreSQL
1759,JavaScript
1759,CSS
1759,TypeScript
1760,TypeScript
1760,CSS
1760,JavaScript
1761,Node.js
1761,AWS
1762,JavaScript
1762,TypeScript
1763,Power BI
1763,SQL
1763,Excel Avançado
1764,Active Directory
1764,ITIL
1764,Redes
1765,Excel Avançado
1765,SQL
1765,Power BI
1766,AWS
1766,Python
1767,Power BI
1767,Python
1767,Excel Avançado
1767,SQL
1768,Excel Avançado
1768,SQL
1768,Power BI
1768,Python
1769,CSS
1769,JavaScript
1769,React
1769,TypeScript
1770,Node.js
1770,AWS
1770,Java
1770,PostgreSQL
1771,CSS
1771,React
1771,TypeScript
1772,AWS
1772,Python
1773,Windows Server
1773,Redes
1773,Active Directory
1774,Windows Server
1774,Active Directory
1774,ITIL
1775,AWS
1775,Python
1775,PostgreSQL
1776,Excel Avançado
1776,Power BI
1776,SQL
1777,Excel Avançado
1777,SQL
1778,Active Directory
1778,Redes
1778,Windows Server
1778,ITIL
1779,Active Directory
1779,Redes
1779,ITIL
1779,Windows Server
1780,Windows Server
1780,ITIL
1781,Power BI
1781,Excel Avançado
1781,Python
1782,Windows Server
1782,Redes
1782,ITIL
1782,Active Directory
1783,AWS
1783,Docker
1783,Node.js
1783,Python
1784,Windows Server
1784,Redes
1784,Active Directory
1784,ITIL
1785,PostgreSQL
1785,Node.js
1786,Power BI
1786,SQL
1786,Python
1786,Excel Avançado
1787,CSS
1787,React
1787,JavaScript
1788,Windows Server
1788,Active Directory
1789,PostgreSQL
1789,Java
1790,ITIL
1790,Windows Server
1791,Excel Avançado
1791,Python
1791,SQL
1792,Windows Server
1792,Redes
1793,Java
1793,PostgreSQL
1793,AWS
1794,AWS
1794,Node.js
1795,JavaScript
1795,React
1795,TypeScript
1795,CSS
1796,Redes
1796,ITIL
1796,Windows Server
1797,Redes
1797,Active Directory
1797,Windows Server
1797,ITIL
1798,Docker
1798,Python
1798,Node.js
1799,Windows Server
1799,Active Directory
1800,Redes
1800,ITIL
1800,Active Directory
1801,CSS
1801,React
1802,Java
1802,Docker
1802,AWS
1802,PostgreSQL
1803,Active Directory
1803,Windows Server
1804,AWS
1804,Docker
1805,Node.js
1805,Docker
1805,Java
1805,PostgreSQL
1806,JavaScript
1806,CSS
1806,TypeScript
1806,React
1807,ITIL
1807,Redes
1807,Windows Server
1807,Active Directory
1808,Docker
1808,Node.js
1808,Python
1809,Docker
1809,PostgreSQL
1809,AWS
1809,Java
1810,JavaScript
1810,TypeScript
1811,PostgreSQL
1811,Docker
1812,Node.js
1812,Python
1812,PostgreSQL
1812,Java
1813,Redes
1813,ITIL
1813,Active Directory
1813,Windows Server
1814,TypeScript
1814,React
1814,JavaScript
1815,Windows Server
1815,ITIL
1815,Active Directory
1816,Excel Avançado
1816,SQL
1816,Power BI
1817,AWS
1817,Docker
1817,Node.js
1817,Python
1818,ITIL
1818,Redes
1818,Active Directory
1819,Active Directory
1819,Redes
1819,ITIL
1820,Java
1820,Docker
1820,Node.js
1821,PostgreSQL
1821,Python
1822,Power BI
1822,SQL
1823,Node.js
1823,Python
1823,Java
1824,Excel Avançado
1824,Power BI
1825,AWS
1825,Python
1826,Node.js
1826,Docker
1827,Redes
1827,Active Directory
1827,Windows Server
1827,ITIL
1828,Node.js
1828,PostgreSQL
1828,Python
1828,Java
1829,Redes
1829,Windows Server
1829,Active Directory
1829,ITIL
1830,Windows Server
1830,Active Directory
1830,Redes
1830,ITIL
1831,Node.js
1831,Java
1831,Python
1832,JavaScript
1832,TypeScript
1832,React
1833,Windows Server
1833,Redes
1834,Power BI
1834,SQL
1834,Python
1834,Excel Avançado
1835,Windows Server
1835,ITIL
1836,AWS
1836,Java
1836,Node.js
1837,SQL
1837,Python
1837,Power BI
1837,Excel Avançado
1838,SQL
1838,Python
1838,Excel Avançado
1839,Python
1839,SQL
1839,Excel Avançado
1839,Power BI
1840,Excel Avançado
1840,Power BI
1840,Python
1841,React
1841,JavaScript
1841,CSS
1841,TypeScript
1842,Excel Avançado
1842,Power BI
1843,AWS
1843,Node.js
1844,JavaScript
1844,TypeScript
1845,TypeScript
1845,React
1845,JavaScript
1846,TypeScript
1846,JavaScript
1846,CSS
1846,React
1847,Windows Server
1847,ITIL
1848,AWS
1848,Node.js
1849,PostgreSQL
1849,Java
1849,Docker
1850,Power BI
1850,SQL
1850,Excel Avançado
1850,Python
1851,CSS
1851,TypeScript
1851,React
1852,Active Directory
1852,Redes
1853,Active Directory
1853,Windows Server
1854,TypeScript
1854,JavaScript
1855,Node.js
1855,AWS
1856,PostgreSQL
1856,Docker
1856,Python
1857,Windows Server
1857,ITIL
1857,Active Directory
1858,Docker
1858,AWS
1858,Python
1859,Active Directory
1859,Windows Server
1859,ITIL
1860,React
1860,CSS
1861,Redes
1861,Windows Server
1861,ITIL
1861,Active Directory
1862,TypeScript
1862,CSS
1862,React
1862,JavaScript
1863,Python
1863,Excel Avançado
1864,JavaScript
1864,CSS
1864,TypeScript
1865,Java
1865,Python
1865,AWS
1865,Docker
1866,JavaScript
1866,CSS
1866,TypeScript
1867,React
1867,TypeScript
1867,JavaScript
1867,CSS
1868,Excel Avançado
1868,SQL
1868,Python
1868,Power BI
1869,SQL
1869,Excel Avançado
1870,JavaScript
1870,TypeScript
1871,Java
1871,Python
1872,SQL
1872,Excel Avançado
1872,Python
1872,Power BI
1873,PostgreSQL
1873,Node.js
1873,Python
1873,Docker
1874,TypeScript
1874,React
1875,PostgreSQL
1875,Java
1876,CSS
1876,React
1876,JavaScript
1876,TypeScript
1877,SQL
1877,Python
1878,Windows Server
1878,Active Directory
1878,Redes
1878,ITIL
1879,SQL
1879,Power BI
1880,Docker
1880,Java
1880,AWS
1880,Python
1881,Windows Server
1881,Redes
1881,ITIL
1881,Active Directory
1882,Windows Server
1882,Redes
1883,Docker
1883,Python
1883,Java
1884,Java
1884,PostgreSQL
1884,Python
1884,Docker
1885,SQL
1885,Excel Avançado
1885,Python
1886,Windows Server
1886,Active Directory
1886,ITIL
1886,Redes
1887,JavaScript
1887,TypeScript
1887,CSS
1887,React
1888,Redes
1888,ITIL
1888,Windows Server
1888,Active Directory
1889,Python
1889,SQL
1889,Excel Avançado
1890,Active Directory
1890,Windows Server
1891,Power BI
1891,SQL
1891,Python
1891,Excel Avançado
1892,SQL
1892,Excel Avançado
1893,JavaScript
1893,React
1894,Python
1894,Docker
1895,Java
1895,PostgreSQL
1896,AWS
1896,PostgreSQL
1896,Docker
1896,Java
1897,SQL
1897,Python
1898,Python
1898,Power BI
1898,Excel Avançado
1899,AWS
1899,Java
1899,Python
1899,Docker
1900,Power BI
1900,Excel Avançado
1900,SQL
1901,AWS
1901,PostgreSQL
1901,Java
1901,Docker
1902,Python
1902,SQL
1902,Power BI
1903,Active Directory
1903,Redes
1904,SQL
1904,Excel Avançado
1905,TypeScript
1905,React
1905,CSS
1906,Active Directory
1906,Redes
1907,Docker
1907,PostgreSQL
1908,Excel Avançado
1908,Python
1909,Python
1909,Node.js
1909,Docker
1909,Java
1910,AWS
1910,Node.js
1910,Python
1910,PostgreSQL
1911,Redes
1911,Windows Server
1911,ITIL
1911,Active Directory
1912,React
1912,JavaScript
1912,CSS
1913,JavaScript
1913,TypeScript
1914,PostgreSQL
1914,Docker
1914,Java
1914,Python
1915,JavaScript
1915,TypeScript
1916,SQL
1916,Python
1916,Excel Avançado
1916,Power BI
1917,Java
1917,Node.js
1917,Python
1917,PostgreSQL
1918,Java
1918,Python
1918,AWS
1919,Excel Avançado
1919,Python
1919,Power BI
1920,React
1920,TypeScript
1920,CSS
1920,JavaScript
1921,CSS
1921,JavaScript
1921,TypeScript
1922,Active Directory
1922,Redes
1923,SQL
1923,Excel Avançado
1924,AWS
1924,Node.js
1925,Power BI
1925,Excel Avançado
1925,SQL
1925,Python
1926,Docker
1926,AWS
1926,Python
1926,Node.js
1927,Redes
1927,ITIL
1927,Active Directory
1927,Windows Server
1928,TypeScript
1928,JavaScript
1928,React
1928,CSS
1929,TypeScript
1929,JavaScript
1929,CSS
1929,React
1930,Power BI
1930,Excel Avançado
1930,SQL
1930,Python
1931,Windows Server
1931,Active Directory
1931,ITIL
1931,Redes
1932,Python
1932,Java
1932,AWS
1933,Active Directory
1933,Redes
1933,Windows Server
1933,ITIL
1934,Power BI
1934,Excel Avançado
1934,SQL
1934,Python
1935,PostgreSQL
1935,Node.js
1936,React
1936,JavaScript
1937,React
1937,JavaScript
1938,Python
1938,Power BI
1939,Python
1939,Excel Avançado
1939,Power BI
1940,SQL
1940,Power BI
1940,Python
1941,Power BI
1941,Python
1942,Docker
1942,AWS
1942,Java
1942,PostgreSQL
1943,Redes
1943,Active Directory
1943,Windows Server
1943,ITIL
1944,Python
1944,Power BI
1944,Excel Avançado
1945,Python
1945,Java
1945,Node.js
1946,Redes
1946,Windows Server
1946,Active Directory
1946,ITIL
1947,Python
1947,Power BI
1947,SQL
1947,Excel Avançado
1948,JavaScript
1948,React
1948,CSS
1948,TypeScript
1949,Windows Server
1949,Redes
1949,Active Directory
1949,ITIL
1950,Windows Server
1950,Active Directory
1950,ITIL
1951,Active Directory
1951,Redes
1951,Windows Server
1951,ITIL
1952,JavaScript
1952,CSS
1952,React
1952,TypeScript
1953,Active Directory
1953,ITIL
1953,Redes
1954,AWS
1954,Python
1954,PostgreSQL
1954,Java
1955,React
1955,CSS
1956,Python
1956,Power BI
1956,Excel Avançado
1956,SQL
1957,ITIL
1957,Redes
1957,Windows Server
1958,AWS
1958,Java
1958,Python
1958,Node.js
1959,ITIL
1959,Active Directory
1960,Redes
1960,Active Directory
1960,Windows Server
1960,ITIL
1961,Power BI
1961,Excel Avançado
1961,SQL
1962,Power BI
1962,Excel Avançado
1963,ITIL
1963,Redes
1963,Windows Server
1963,Active Directory
1964,Node.js
1964,PostgreSQL
1964,AWS
1965,TypeScript
1965,JavaScript
1965,CSS
1966,ITIL
1966,Windows Server
1966,Redes
1967,SQL
1967,Python
1968,PostgreSQL
1968,Java
1968,Docker
1968,Python
1969,CSS
1969,React
1969,TypeScript
1970,AWS
1970,Python
1970,Docker
1971,Excel Avançado
1971,SQL
1971,Power BI
1971,Python
1972,React
1972,JavaScript
1972,TypeScript
1972,CSS
1973,Redes
1973,Active Directory
1973,Windows Server
1974,Java
1974,Python
1975,TypeScript
1975,CSS
1975,React
1976,Power BI
1976,Excel Avançado
1976,SQL
1977,TypeScript
1977,React
1977,JavaScript
1978,Node.js
1978,Java
1978,Docker
1979,ITIL
1979,Redes
1979,Windows Server
1980,React
1980,JavaScript
1980,CSS
1981,Docker
1981,PostgreSQL
1981,Java
1981,Python
1982,Redes
1982,Active Directory
1983,TypeScript
1983,CSS
1984,TypeScript
1984,JavaScript
1985,AWS
1985,PostgreSQL
1986,TypeScript
1986,React
1987,Java
1987,Docker
1987,Node.js
1987,PostgreSQL
1988,Power BI
1988,SQL
1989,CSS
1989,TypeScript
1989,React
1990,Power BI
1990,Python
1991,Windows Server
1991,Redes
1991,ITIL
1991,Active Directory
1992,ITIL
1992,Active Directory
1992,Windows Server
1993,React
1993,JavaScript
1993,TypeScript
1993,CSS
1994,React
1994,JavaScript
1995,Windows Server
1995,Active Directory
1996,AWS
1996,Docker
1997,CSS
1997,TypeScript
1997,React
1997,JavaScript
1998,Active Directory
1998,ITIL
1998,Redes
1999,Active Directory
1999,Windows Server
1999,ITIL
1999,Redes
2000,TypeScript
2000,CSS
2000,JavaScript
2001,Windows Server
2001,Active Directory
2001,Redes
2002,TypeScript
2002,JavaScript
2003,JavaScript
2003,CSS
2003,TypeScript
2004,Python
2004,Excel Avançado
2004,SQL
2004,Power BI
2005,Excel Avançado
2005,SQL
2005,Power BI
2005,Python
2006,PostgreSQL
2006,Docker
2007,React
2007,TypeScript
2008,CSS
2008,TypeScript
2008,JavaScript
2008,React
2009,Redes
2009,Windows Server
2009,Active Directory
2009,ITIL
2010,Redes
2010,ITIL
2010,Active Directory
2011,ITIL
2011,Active Directory
2011,Redes
2011,Windows Server
2012,JavaScript
2012,TypeScript
2012,CSS
2013,Python
2013,Excel Avançado
2013,SQL
2013,Power BI
2014,Active Directory
2014,Windows Server
2014,Redes
2015,Python
2015,SQL
2015,Excel Avançado
2016,React
2016,JavaScript
2016,TypeScript
2016,CSS
2017,Python
2017,AWS
2017,PostgreSQL
2017,Docker
2018,React
2018,CSS
2019,Power BI
2019,SQL
2019,Excel Avançado
2020,Node.js
2020,PostgreSQL
2020,Java
2020,Python
2021,Active Directory
2021,Windows Server
2021,Redes
2022,Active Directory
2022,ITIL
2023,Active Directory
2023,Windows Server
2023,Redes
2023,ITIL
2024,Active Directory
2024,ITIL
2024,Redes
2025,Python
2025,PostgreSQL
2026,Power BI
2026,Excel Avançado
2026,Python
2027,React
2027,CSS
2027,TypeScript
2027,JavaScript
2028,Windows Server
2028,Redes
2029,Active Directory
2029,Windows Server
2030,React
2030,JavaScript
2030,CSS
2030,TypeScript
2031,Node.js
2031,Java
2032,PostgreSQL
2032,Java
2032,Docker
2033,Java
2033,Node.js
2033,AWS
2034,JavaScript
2034,React
2035,PostgreSQL
2035,Docker
2035,Node.js
2036,Docker
2036,Python
2037,TypeScript
2037,CSS
2037,JavaScript
2037,React
2038,Active Directory
2038,ITIL
2038,Redes
2039,React
2039,JavaScript
2039,TypeScript
2039,CSS
2040,Active Directory
2040,ITIL
2040,Redes
2040,Windows Server
2041,ITIL
2041,Active Directory
2041,Redes
2041,Windows Server
2042,React
2042,TypeScript
2042,JavaScript
2043,Power BI
2043,SQL
2043,Python
2044,Excel Avançado
2044,Power BI
2045,React
2045,TypeScript
2046,Windows Server
2046,Redes
2046,Active Directory
2046,ITIL
2047,Redes
2047,Active Directory
2048,SQL
2048,Excel Avançado
2048,Python
2048,Power BI
2049,TypeScript
2049,JavaScript
2049,CSS
2049,React
2050,Active Directory
2050,Windows Server
2051,AWS
2051,PostgreSQL
2051,Docker
2052,Java
2052,AWS
2052,Docker
2052,Node.js
2053,PostgreSQL
2053,AWS
2054,AWS
2054,Node.js
2055,Java
2055,Node.js
2055,Python
2056,Python
2056,SQL
2056,Power BI
2056,Excel Avançado
2057,Excel Avançado
2057,Power BI
2057,SQL
2057,Python
2058,JavaScript
2058,CSS
2059,Active Directory
2059,Windows Server
2059,ITIL
2059,Redes
2060,React
2060,JavaScript
2060,TypeScript
2060,CSS
2061,JavaScript
2061,TypeScript
2062,JavaScript
2062,TypeScript
2062,CSS
2063,Docker
2063,Python
2063,Java
2063,AWS
2064,SQL
2064,Python
2065,TypeScript
2065,CSS
2066,SQL
2066,Power BI
2066,Python
2067,SQL
2067,Power BI
2067,Excel Avançado
2068,Windows Server
2068,Active Directory
2068,Redes
2068,ITIL
2069,Python
2069,AWS
2069,Java
2070,Power BI
2070,Excel Avançado
2070,SQL
2070,Python
2071,AWS
2071,Java
2071,Docker
2072,Windows Server
2072,ITIL
2072,Active Directory
2073,Power BI
2073,Excel Avançado
2074,JavaScript
2074,CSS
2075,TypeScript
2075,JavaScript
2075,React
2076,React
2076,CSS
2076,TypeScript
2076,JavaScript
2077,AWS
2077,Python
2078,Active Directory
2078,Windows Server
2078,ITIL
2078,Redes
2079,Active Directory
2079,Redes
2080,PostgreSQL
2080,Java
2080,Docker
2081,JavaScript
2081,React
2081,TypeScript
2081,CSS
2082,Redes
2082,Active Directory
2083,JavaScript
2083,React
2083,TypeScript
2084,Windows Server
2084,ITIL
2084,Redes
2085,Docker
2085,PostgreSQL
2085,Java
2085,AWS
2086,ITIL
2086,Active Directory
2087,Power BI
2087,Python
2087,SQL
2087,Excel Avançado
2088,SQL
2088,Power BI
2088,Python
2089,Docker
2089,PostgreSQL
2089,Node.js
2089,Python
2090,Redes
2090,Active Directory
2090,Windows Server
2091,Windows Server
2091,Active Directory
2092,TypeScript
2092,React
2092,CSS
2093,CSS
2093,TypeScript
2093,React
2094,CSS
2094,React
2095,Excel Avançado
2095,SQL
2095,Python
2095,Power BI
2096,Python
2096,Docker
2096,Node.js
2096,PostgreSQL
2097,Windows Server
2097,Redes
2097,ITIL
2097,Active Directory
2098,Node.js
2098,Java
2098,Docker
2099,JavaScript
2099,TypeScript
2099,React
2100,ITIL
2100,Windows Server
2101,CSS
2101,JavaScript
2101,TypeScript
2101,React
2102,Windows Server
2102,Active Directory
2103,Java
2103,Node.js
2104,Redes
2104,Windows Server
2104,ITIL
2104,Active Directory
2105,SQL
2105,Power BI
2105,Python
2105,Excel Avançado
2106,CSS
2106,React
2106,TypeScript
2106,JavaScript
2107,Power BI
2107,SQL
2108,JavaScript
2108,CSS
2108,TypeScript
2108,React
2109,AWS
2109,Java
2109,Python
2110,Redes
2110,ITIL
2111,Java
2111,PostgreSQL
2112,Python
2112,Docker
2112,Java
2112,Node.js
2113,Power BI
2113,Excel Avançado
2113,SQL
2113,Python
2114,Java
2114,Docker
2114,AWS
2114,Python
2115,ITIL
2115,Active Directory
2116,JavaScript
2116,TypeScript
2117,Windows Server
2117,Active Directory
2118,Docker
2118,Java
2118,AWS
2118,Node.js
2119,TypeScript
2119,CSS
2119,React
2119,JavaScript
2120,AWS
2120,Java
2121,Node.js
2121,AWS
2121,Java
2121,PostgreSQL
2122,Windows Server
2122,Active Directory
2122,Redes
2122,ITIL
2123,CSS
2123,JavaScript
2124,Python
2124,Docker
2124,AWS
2124,Java
2125,Node.js
2125,Java
2125,AWS
2125,Python
2126,Java
2126,PostgreSQL
2126,Python
2127,Power BI
2127,Python
2127,SQL
2127,Excel Avançado
2128,SQL
2128,Python
2129,ITIL
2129,Windows Server
2129,Redes
2129,Active Directory
2130,Power BI
2130,Python
2131,Python
2131,Node.js
2132,Active Directory
2132,Redes
2132,ITIL
2133,Excel Avançado
2133,Python
2133,Power BI
2133,SQL
2134,React
2134,JavaScript
2134,TypeScript
2135,Redes
2135,ITIL
2135,Windows Server
2135,Active Directory
2136,Power BI
2136,SQL
2136,Excel Avançado
2136,Python
2137,Power BI
2137,SQL
2137,Excel Avançado
2137,Python
2138,PostgreSQL
2138,AWS
2138,Node.js
2139,JavaScript
2139,CSS
2139,TypeScript
2139,React
2140,Redes
2140,Windows Server
2140,ITIL
2141,ITIL
2141,Windows Server
2141,Active Directory
2142,CSS
2142,JavaScript
2143,Excel Avançado
2143,SQL
2143,Power BI
2144,React
2144,JavaScript
2144,CSS
2145,PostgreSQL
2145,AWS
2146,Docker
2146,AWS
2146,Node.js
2147,Node.js
2147,AWS
2147,Java
2148,Python
2148,Power BI
2148,SQL
2149,Node.js
2149,PostgreSQL
2149,AWS
2149,Python
2150,Docker
2150,Node.js
2151,ITIL
2151,Active Directory
2151,Redes
2151,Windows Server
2152,Java
2152,Python
2152,PostgreSQL
2152,Docker
2153,PostgreSQL
2153,Node.js
2153,Docker
2153,Java
2154,Node.js
2154,Docker
2154,PostgreSQL
2155,Python
2155,Java
2156,Node.js
2156,PostgreSQL
2156,AWS
2157,SQL
2157,Power BI
2157,Python
2158,Docker
2158,Node.js
2158,Java
2159,Docker
2159,Node.js
2159,Python
2159,PostgreSQL
2160,Python
2160,SQL
2161,Java
2161,PostgreSQL
2161,Docker
2162,Active Directory
2162,ITIL
2163,ITIL
2163,Windows Server
2163,Active Directory
2163,Redes
2164,JavaScript
2164,React
2164,TypeScript
2165,Node.js
2165,Python
2165,Java
2165,Docker
2166,AWS
2166,Java
2166,Docker
2167,Java
2167,Node.js
2168,Java
2168,Node.js
2169,ITIL
2169,Active Directory
2169,Windows Server
2170,Windows Server
2170,ITIL
2170,Active Directory
2171,AWS
2171,Docker
2172,Java
2172,Python
2172,AWS
2172,Node.js
2173,SQL
2173,Python
2174,Python
2174,PostgreSQL
2174,Docker
2175,Redes
2175,ITIL
2176,Python
2176,Excel Avançado
2176,SQL
2176,Power BI
2177,PostgreSQL
2177,Java
2177,Node.js
2177,AWS
2178,ITIL
2178,Windows Server
2178,Redes
2178,Active Directory
2179,React
2179,CSS
2179,JavaScript
2179,TypeScript
2180,JavaScript
2180,CSS
2180,React
2180,TypeScript
2181,Redes
2181,Active Directory
2182,Windows Server
2182,Redes
2182,Active Directory
2182,ITIL
2183,Active Directory
2183,Redes
2183,ITIL
2184,Java
2184,AWS
2184,Python
2185,TypeScript
2185,CSS
2185,React
2186,Python
2186,Excel Avançado
2187,CSS
2187,TypeScript
2187,React
2187,JavaScript
2188,Power BI
2188,SQL
2188,Python
2189,Redes
2189,ITIL
2189,Active Directory
2190,PostgreSQL
2190,AWS
2190,Node.js
2191,TypeScript
2191,CSS
2191,JavaScript
2192,Python
2192,Power BI
2193,Docker
2193,Node.js
2194,AWS
2194,Java
2194,PostgreSQL
2194,Python
2195,Python
2195,Node.js
2195,Docker
2196,Python
2196,Java
2196,AWS
2196,PostgreSQL
2197,Python
2197,Java
2197,Docker
2197,AWS
2198,TypeScript
2198,CSS
2199,Python
2199,Docker
2200,Java
2200,Python
2200,Docker
2201,CSS
2201,JavaScript
2201,React
2201,TypeScript
2202,JavaScript
2202,TypeScript
2202,React
2203,Java
2203,AWS
2203,Python
2204,Docker
2204,Java
2204,Python
2205,Active Directory
2205,Redes
2205,Windows Server
2205,ITIL
2206,Docker
2206,Python
2206,Java
2206,Node.js
2207,Redes
2207,Active Directory
2207,ITIL
2208,Java
2208,Docker
2208,PostgreSQL
2209,Windows Server
2209,ITIL
2209,Active Directory
2210,Windows Server
2210,ITIL
2210,Active Directory
2210,Redes
2211,Windows Server
2211,Active Directory
2212,Python
2212,SQL
2212,Excel Avançado
2213,Redes
2213,Active Directory
2213,Windows Server
2213,ITIL
2214,Java
2214,AWS
2215,Python
2215,Excel Avançado
2216,SQL
2216,Python
2216,Power BI
2217,Python
2217,SQL
2217,Power BI
2217,Excel Avançado
2218,Redes
2218,ITIL
2219,Power BI
2219,Python
2220,Excel Avançado
2220,Python
2220,Power BI
2220,SQL
2221,ITIL
2221,Windows Server
2222,TypeScript
2222,CSS
2223,Active Directory
2223,Windows Server
2223,ITIL
2223,Redes
2224,Redes
2224,Windows Server
2224,Active Directory
2224,ITIL
2225,AWS
2225,Docker
2225,Node.js
2226,Active Directory
2226,Windows Server
2226,ITIL
2227,Docker
2227,AWS
2227,Python
2227,Java
2228,Java
2228,Docker
2228,PostgreSQL
2228,Python
2229,JavaScript
2229,React
2229,TypeScript
2230,Node.js
2230,AWS
2230,Python
2230,PostgreSQL
2231,Power BI
2231,Python
2232,SQL
2232,Power BI
2232,Python
2233,Active Directory
2233,Redes
2234,TypeScript
2234,CSS
2234,JavaScript
2234,React
2235,Java
2235,PostgreSQL
2235,Node.js
2235,AWS
2236,Active Directory
2236,ITIL
2236,Windows Server
2236,Redes
2237,ITIL
2237,Redes
2237,Active Directory
2238,Python
2238,PostgreSQL
2238,Docker
2238,Java
2239,Windows Server
2239,Redes
2239,Active Directory
2240,CSS
2240,React
2240,JavaScript
2240,TypeScript
2241,Node.js
2241,Java
2242,Node.js
2242,PostgreSQL
2242,Docker
2243,Node.js
2243,Java
2243,Python
2244,React
2244,CSS
2245,Active Directory
2245,Redes
2245,ITIL
2245,Windows Server
2246,Windows Server
2246,ITIL
2246,Active Directory
2247,Python
2247,Power BI
2247,Excel Avançado
2247,SQL
2248,Power BI
2248,SQL
2249,JavaScript
2249,React
2249,CSS
2250,JavaScript
2250,React
2250,TypeScript
2250,CSS
2251,TypeScript
2251,React
2252,Active Directory
2252,Windows Server
2252,ITIL
2253,Windows Server
2253,Active Directory
2253,Redes
2253,ITIL
2254,Python
2254,Java
2255,Redes
2255,ITIL
2255,Active Directory
2255,Windows Server
2256,PostgreSQL
2256,Java
2256,Node.js
2256,AWS
2257,React
2257,CSS
2257,JavaScript
2257,TypeScript
2258,Redes
2258,ITIL
2258,Windows Server
2259,CSS
2259,JavaScript
2259,React
2259,TypeScript
2260,Excel Avançado
2260,Power BI
2260,Python
2261,SQL
2261,Excel Avançado
2262,AWS
2262,Node.js
2263,Python
2263,Power BI
2263,Excel Avançado
2264,Excel Avançado
2264,Power BI
2264,Python
2264,SQL
2265,TypeScript
2265,CSS
2265,JavaScript
2265,React
2266,SQL
2266,Excel Avançado
2266,Python
2266,Power BI
2267,Docker
2267,AWS
2267,Node.js
2268,PostgreSQL
2268,AWS
2269,Java
2269,Python
2269,AWS
2269,Node.js
2270,Docker
2270,PostgreSQL
2271,AWS
2271,Docker
2272,Redes
2272,Windows Server
2273,Windows Server
2273,Active Directory
2273,Redes
2273,ITIL
2274,PostgreSQL
2274,Python
2274,Node.js
2274,Docker
2275,SQL
2275,Excel Avançado
2275,Power BI
2275,Python
2276,React
2276,TypeScript
2277,SQL
2277,Excel Avançado
2278,JavaScript
2278,React
2278,TypeScript
2279,Docker
2279,AWS
2279,PostgreSQL
2280,Power BI
2280,Excel Avançado
2280,Python
2280,SQL
2281,PostgreSQL
2281,AWS
2281,Java
2282,Node.js
2282,Java
2282,PostgreSQL
2283,Redes
2283,Active Directory
2283,Windows Server
2284,TypeScript
2284,JavaScript
2285,AWS
2285,PostgreSQL
2285,Python
2285,Docker
2286,Power BI
2286,Excel Avançado
2287,Python
2287,AWS
2287,Java
2288,PostgreSQL
2288,AWS
2289,AWS
2289,Node.js
2289,PostgreSQL
2290,Docker
2290,PostgreSQL
2291,Active Directory
2291,ITIL
2291,Redes
2291,Windows Server
2292,TypeScript
2292,React
2292,JavaScript
2293,Windows Server
2293,Redes
2293,Active Directory
2294,Active Directory
2294,Redes
2294,Windows Server
2294,ITIL
2295,SQL
2295,Power BI
2295,Python
2295,Excel Avançado
2296,Java
2296,PostgreSQL
2297,Docker
2297,Python
2298,Active Directory
2298,Redes
2298,ITIL
2299,Java
2299,Python
2300,Python
2300,AWS
2300,Docker
2301,Java
2301,Node.js
2302,AWS
2302,Docker
2302,Node.js
2303,SQL
2303,Power BI
2303,Python
2304,React
2304,CSS
2305,AWS
2305,Java
2305,Docker
2306,Docker
2306,PostgreSQL
2306,Python
2307,React
2307,JavaScript
2307,TypeScript
2307,CSS
2308,JavaScript
2308,TypeScript
2309,TypeScript
2309,JavaScript
2309,CSS
2310,Redes
2310,Active Directory
2311,JavaScript
2311,CSS
2312,CSS
2312,React
2313,ITIL
2313,Redes
2313,Windows Server
2313,Active Directory
2314,CSS
2314,React
2315,Node.js
2315,Java
2315,Docker
2316,Node.js
2316,Python
2316,Java
2316,AWS
2317,Excel Avançado
2317,SQL
2317,Python
2318,React
2318,JavaScript
2319,Python
2319,Excel Avançado
2320,Java
2320,Python
2321,Python
2321,Excel Avançado
2322,Excel Avançado
2322,Python
2322,Power BI
2322,SQL
2323,Python
2323,AWS
2323,Node.js
2324,Active Directory
2324,ITIL
2324,Redes
2324,Windows Server
2325,PostgreSQL
2325,Docker
2326,React
2326,JavaScript
2326,CSS
2326,TypeScript
2327,React
2327,TypeScript
2328,Python
2328,SQL
2329,Node.js
2329,AWS
2330,PostgreSQL
2330,Java
2330,Node.js
2330,AWS
2331,Docker
2331,AWS
2331,Python
2331,PostgreSQL
2332,Windows Server
2332,Active Directory
2332,ITIL
2333,Excel Avançado
2333,Power BI
2333,SQL
2333,Python
2334,Redes
2334,Windows Server
2334,ITIL
2334,Active Directory
2335,Python
2335,SQL
2335,Excel Avançado
2335,Power BI
2336,Active Directory
2336,Windows Server
2336,Redes
2336,ITIL
2337,Java
2337,Node.js
2338,Redes
2338,Windows Server
2338,Active Directory
2339,Node.js
2339,PostgreSQL
2339,Docker
2339,Java
2340,Active Directory
2340,Redes
2340,ITIL
2340,Windows Server
2341,Windows Server
2341,Redes
2342,Java
2342,PostgreSQL
2342,AWS
2343,Node.js
2343,PostgreSQL
2344,Power BI
2344,SQL
2345,ITIL
2345,Redes
2345,Active Directory
2346,Java
2346,AWS
2346,Python
2346,Docker
2347,SQL
2347,Excel Avançado
2347,Power BI
2348,Excel Avançado
2348,SQL
2348,Python
2348,Power BI
2349,CSS
2349,React
2349,TypeScript
2350,AWS
2350,Python
2350,Node.js
2351,Redes
2351,Active Directory
2351,ITIL
2352,Windows Server
2352,ITIL
2352,Redes
2352,Active Directory
2353,Docker
2353,Java
2353,AWS
2354,CSS
2354,React
2355,CSS
2355,JavaScript
2355,TypeScript
2356,Redes
2356,ITIL
2356,Windows Server
2357,AWS
2357,Java
2358,CSS
2358,React
2358,JavaScript
2358,TypeScript
2359,AWS
2359,PostgreSQL
2359,Java
2360,ITIL
2360,Active Directory
2360,Windows Server
2360,Redes
2361,AWS
2361,Python
2361,Docker
2362,Python
2362,Excel Avançado
2362,SQL
2362,Power BI
2363,Python
2363,Power BI
2363,SQL
2364,ITIL
2364,Active Directory
2364,Windows Server
2365,Node.js
2365,Java
2365,AWS
2366,Power BI
2366,Excel Avançado
2367,CSS
2367,JavaScript
2368,Docker
2368,AWS
2368,Python
2369,Python
2369,Java
2369,AWS
2370,Redes
2370,Active Directory
2370,ITIL
2370,Windows Server
2371,Power BI
2371,SQL
2372,SQL
2372,Power BI
2372,Excel Avançado
2373,Python
2373,PostgreSQL
2374,Excel Avançado
2374,SQL
2375,Python
2375,PostgreSQL
2375,AWS
2376,AWS
2376,Docker
2377,React
2377,CSS
2378,Windows Server
2378,Redes
2379,JavaScript
2379,CSS
2379,TypeScript
2379,React
2380,Windows Server
2380,Active Directory
2381,ITIL
2381,Windows Server
2381,Redes
2381,Active Directory
2382,JavaScript
2382,CSS
2382,React
2383,PostgreSQL
2383,Node.js
2384,Python
2384,Docker
2384,Node.js
2385,Python
2385,Power BI
2385,SQL
2385,Excel Avançado
2386,AWS
2386,PostgreSQL
2387,Node.js
2387,Python
2388,ITIL
2388,Windows Server
2388,Active Directory
2388,Redes
2389,SQL
2389,Python
2390,CSS
2390,TypeScript
2391,TypeScript
2391,React
2392,PostgreSQL
2392,Node.js
2392,Python
2393,Node.js
2393,Java
2393,PostgreSQL
2394,CSS
2394,JavaScript
2395,Redes
2395,Windows Server
2395,ITIL
2396,PostgreSQL
2396,Python
2396,Node.js
2396,Java
2397,AWS
2397,Python
2397,Java
2397,Docker
2398,Node.js
2398,Python
2398,AWS
2399,Java
2399,Node.js
2399,Docker
2399,AWS
2400,SQL
2400,Python
2400,Power BI
2401,Excel Avançado
2401,SQL
2402,Excel Avançado
2402,Python
2402,SQL
2403,JavaScript
2403,React
2403,CSS
2404,SQL
2404,Power BI
2405,Windows Server
2405,Redes
2405,Active Directory
2405,ITIL
2406,JavaScript
2406,React
2406,CSS
2407,CSS
2407,React
2407,TypeScript
2407,JavaScript
2408,Node.js
2408,Java
2408,Docker
2408,PostgreSQL
2409,AWS
2409,Java
2410,Node.js
2410,PostgreSQL
2410,Docker
2411,ITIL
2411,Active Directory
2412,Python
2412,PostgreSQL
2413,AWS
2413,PostgreSQL
2414,Windows Server
2414,ITIL
2414,Redes
2415,Redes
2415,Active Directory
2415,ITIL
2416,AWS
2416,Python
2416,Docker
2417,PostgreSQL
2417,Docker
2417,Java
2418,Windows Server
2418,ITIL
2418,Active Directory
2419,Active Directory
2419,Redes
2419,Windows Server
2420,Python
2420,SQL
2421,Active Directory
2421,Windows Server
2422,Windows Server
2422,Redes
2423,TypeScript
2423,React
2424,Excel Avançado
2424,Power BI
2425,TypeScript
2425,React
2425,JavaScript
2426,SQL
2426,Excel Avançado
2427,Active Directory
2427,Windows Server
2428,Windows Server
2428,Active Directory
2428,ITIL
2429,AWS
2429,Node.js
2429,Docker
2430,ITIL
2430,Redes
2430,Active Directory
2431,Python
2431,Power BI
2431,SQL
2431,Excel Avançado
2432,SQL
2432,Power BI
2433,Node.js
2433,Python
2433,Java
2434,React
2434,JavaScript
2434,TypeScript
2434,CSS
2435,Node.js
2435,Java
2435,Python
2436,Python
2436,Excel Avançado
2436,Power BI
2436,SQL
2437,Java
2437,PostgreSQL
2437,AWS
2438,Excel Avançado
2438,Python
2438,Power BI
2438,SQL
2439,Python
2439,AWS
2440,Node.js
2440,Python
2441,Active Directory
2441,Windows Server
2441,Redes
2442,AWS
2442,Python
2443,Docker
2443,Java
2443,Node.js
2444,TypeScript
2444,CSS
2445,SQL
2445,Python
2445,Power BI
2445,Excel Avançado
2446,Windows Server
2446,ITIL
2447,Python
2447,Excel Avançado
2448,Node.js
2448,Docker
2448,AWS
2448,PostgreSQL
2449,CSS
2449,JavaScript
2449,React
2450,Java
2450,Node.js
2450,Docker
2450,Python
2451,Windows Server
2451,ITIL
2451,Active Directory
2452,AWS
2452,PostgreSQL
2452,Java
2452,Docker
2453,Active Directory
2453,Redes
2453,ITIL
2453,Windows Server
2454,Excel Avançado
2454,Python
2455,Python
2455,Docker
2455,Node.js
2456,Java
2456,Docker
2456,Python
2456,PostgreSQL
2457,Java
2457,AWS
2457,Docker
2457,PostgreSQL
2458,Active Directory
2458,Windows Server
2458,Redes
2458,ITIL
2459,AWS
2459,PostgreSQL
2459,Python
2459,Java
2460,SQL
2460,Excel Avançado
2460,Python
2461,Windows Server
2461,Active Directory
2461,ITIL
2461,Redes
2462,Power BI
2462,Python
2462,SQL
2462,Excel Avançado
2463,Python
2463,Java
2463,PostgreSQL
2464,JavaScript
2464,React
2464,CSS
2465,Active Directory
2465,Windows Server
2465,ITIL
2466,Windows Server
2466,Active Directory
2466,Redes
2467,TypeScript
2467,JavaScript
2467,React
2468,Docker
2468,Node.js
2468,PostgreSQL
2469,Windows Server
2469,Redes
2469,Active Directory
2470,AWS
2470,Node.js
2470,Python
2471,TypeScript
2471,React
2471,CSS
2472,SQL
2472,Power BI
2473,AWS
2473,PostgreSQL
2473,Python
2474,Python
2474,PostgreSQL
2474,Docker
2475,Redes
2475,Windows Server
2475,Active Directory
2476,ITIL
2476,Redes
2477,Active Directory
2477,Redes
2477,ITIL
2477,Windows Server
2478,ITIL
2478,Active Directory
2478,Windows Server
2479,JavaScript
2479,React
2479,CSS
2480,JavaScript
2480,React
2481,React
2481,JavaScript
2482,SQL
2482,Power BI
2483,Active Directory
2483,Windows Server
2483,ITIL
2483,Redes
2484,Excel Avançado
2484,Python
2484,SQL
2484,Power BI
2485,Python
2485,SQL
2485,Power BI
2485,Excel Avançado
2486,Redes
2486,ITIL
2486,Windows Server
2486,Active Directory
2487,JavaScript
2487,React
2488,JavaScript
2488,TypeScript
2488,CSS
2488,React
2489,Redes
2489,Active Directory
2490,ITIL
2490,Active Directory
2490,Windows Server
2490,Redes
2491,Active Directory
2491,ITIL
2492,Power BI
2492,Python
2493,Power BI
2493,Excel Avançado
2494,Java
2494,Docker
2494,Node.js
2495,Active Directory
2495,Windows Server
2495,Redes
2495,ITIL
2496,Windows Server
2496,ITIL
2496,Active Directory
2497,Active Directory
2497,Windows Server
2498,SQL
2498,Python
2498,Excel Avançado
2498,Power BI
2499,Excel Avançado
2499,Power BI
2500,SQL
2500,Python
2501,Power BI
2501,Python
2501,Excel Avançado
2501,SQL
2502,Python
2502,Power BI
2502,Excel Avançado
2503,Active Directory
2503,ITIL
2503,Windows Server
2503,Redes
2504,Python
2504,Java
2505,Windows Server
2505,ITIL
2505,Redes
2506,Power BI
2506,Python
2506,Excel Avançado
2506,SQL
2507,ITIL
2507,Active Directory
2508,Java
2508,PostgreSQL
2509,JavaScript
2509,CSS
2509,React
2509,TypeScript
2510,Node.js
2510,Python
2510,AWS
2510,Java
2511,Power BI
2511,Python
2511,SQL
2512,Power BI
2512,Excel Avançado
2513,Redes
2513,Active Directory
2513,ITIL
2514,CSS
2514,React
2514,JavaScript
2514,TypeScript
2515,Active Directory
2515,Windows Server
2516,SQL
2516,Python
2517,Python
2517,Excel Avançado
2518,Windows Server
2518,Active Directory
2518,Redes
2518,ITIL
2519,TypeScript
2519,React
2520,Python
2520,SQL
2520,Excel Avançado
2521,PostgreSQL
2521,Python
2522,Redes
2522,Windows Server
2522,Active Directory
2522,ITIL
2523,AWS
2523,Docker
2523,Python
2524,CSS
2524,JavaScript
2525,Python
2525,Power BI
2525,SQL
2526,Java
2526,AWS
2526,Node.js
2526,Python
2527,ITIL
2527,Redes
2528,ITIL
2528,Windows Server
2529,PostgreSQL
2529,Docker
2530,ITIL
2530,Active Directory
2531,Python
2531,SQL
2531,Power BI
2532,PostgreSQL
2532,Java
2532,Docker
2533,AWS
2533,Java
2533,Python
2533,PostgreSQL
2534,Python
2534,Power BI
2534,Excel Avançado
2534,SQL
2535,Node.js
2535,PostgreSQL
2535,AWS
2536,CSS
2536,JavaScript
2536,TypeScript
2536,React
2537,JavaScript
2537,React
2538,Redes
2538,ITIL
2539,PostgreSQL
2539,Java
2539,Node.js
2540,Docker
2540,Python
2540,AWS
2541,Power BI
2541,SQL
2541,Excel Avançado
2541,Python
2542,Python
2542,Node.js
2543,Docker
2543,Java
2543,AWS
2543,Python
2544,Active Directory
2544,Redes
2544,Windows Server
2544,ITIL
2545,SQL
2545,Excel Avançado
2545,Python
2545,Power BI
2546,AWS
2546,Docker
2546,Java
2547,Docker
2547,PostgreSQL
2548,PostgreSQL
2548,Python
2548,AWS
2549,SQL
2549,Power BI
2549,Python
2549,Excel Avançado
2550,JavaScript
2550,React
2551,Windows Server
2551,ITIL
2552,Windows Server
2552,Active Directory
2552,ITIL
2552,Redes
2553,ITIL
2553,Windows Server
2553,Redes
2554,Windows Server
2554,Active Directory
2555,Python
2555,Power BI
2555,Excel Avançado
2556,Windows Server
2556,Redes
2557,Redes
2557,Active Directory
2558,SQL
2558,Excel Avançado
2558,Python
2559,PostgreSQL
2559,Java
2559,AWS
2560,Excel Avançado
2560,Python
2560,SQL
2560,Power BI
2561,Java
2561,Python
2561,AWS
2561,PostgreSQL
2562,ITIL
2562,Redes
2562,Windows Server
2563,Active Directory
2563,Redes
2563,Windows Server
2564,ITIL
2564,Windows Server
2564,Redes
2565,ITIL
2565,Redes
2565,Windows Server
2565,Active Directory
2566,Docker
2566,PostgreSQL
2566,Node.js
2566,AWS
2567,Redes
2567,Active Directory
2567,ITIL
2568,CSS
2568,React
2568,JavaScript
2569,PostgreSQL
2569,Python
2569,AWS
2569,Docker
2570,Windows Server
2570,Active Directory
2571,AWS
2571,Python
2572,TypeScript
2572,React
2573,Python
2573,Java
2573,Docker
2574,TypeScript
2574,JavaScript
2574,CSS
2575,Excel Avançado
2575,SQL
2575,Power BI
2576,TypeScript
2576,CSS
2576,React
2576,JavaScript
2577,Redes
2577,Windows Server
2577,ITIL
2577,Active Directory
2578,AWS
2578,PostgreSQL
2579,Active Directory
2579,ITIL
2579,Redes
2579,Windows Server
2580,Redes
2580,Active Directory
2581,Java
2581,Docker
2582,Redes
2582,ITIL
2582,Active Directory
2583,Docker
2583,Node.js
2583,Java
2583,Python
2584,SQL
2584,Python
2585,Node.js
2585,PostgreSQL
2586,PostgreSQL
2586,Node.js
2586,Docker
2586,Python
2587,Node.js
2587,PostgreSQL
2587,Python
2588,Windows Server
2588,Active Directory
2588,ITIL
2589,PostgreSQL
2589,AWS
2590,CSS
2590,React
2591,Node.js
2591,Python
2591,Java
2591,PostgreSQL
2592,ITIL
2592,Active Directory
2593,Excel Avançado
2593,Python
2594,CSS
2594,React
2595,Active Directory
2595,Redes
2596,ITIL
2596,Windows Server
2596,Active Directory
2597,Python
2597,Power BI
2598,SQL
2598,Python
2598,Power BI
2599,Docker
2599,Java
2599,AWS
2600,Docker
2600,Node.js
2601,SQL
2601,Power BI
2601,Excel Avançado
2601,Python
2602,Java
2602,PostgreSQL
2603,ITIL
2603,Windows Server
2603,Redes
2603,Active Directory
2604,CSS
2604,JavaScript
2604,TypeScript
2604,React
2605,TypeScript
2605,JavaScript
2605,React
2605,CSS
2606,Node.js
2606,PostgreSQL
2606,AWS
2606,Java
2607,TypeScript
2607,CSS
2607,React
2607,JavaScript
2608,Excel Avançado
2608,SQL
2609,Excel Avançado
2609,SQL
2610,Redes
2610,ITIL
2610,Windows Server
2610,Active Directory
2611,CSS
2611,React
2611,JavaScript
2612,Docker
2612,PostgreSQL
2612,Node.js
2613,Node.js
2613,Python
2614,ITIL
2614,Active Directory
2614,Windows Server
2615,Docker
2615,PostgreSQL
2615,Python
2616,PostgreSQL
2616,Python
2617,Windows Server
2617,Active Directory
2617,Redes
2618,Python
2618,SQL
2618,Excel Avançado
2618,Power BI
2619,Excel Avançado
2619,Power BI
2619,Python
2619,SQL
2620,PostgreSQL
2620,Docker
2620,Node.js
2621,CSS
2621,React
2621,JavaScript
2622,Node.js
2622,Docker
2623,Docker
2623,Node.js
2623,AWS
2623,Python
2624,React
2624,CSS
2624,TypeScript
2624,JavaScript
2625,Excel Avançado
2625,Python
2625,Power BI
2626,Excel Avançado
2626,Power BI
2627,AWS
2627,Java
2627,Node.js
2627,PostgreSQL
2628,Java
2628,AWS
2628,Docker
2629,Power BI
2629,SQL
2629,Python
2630,Windows Server
2630,ITIL
2630,Active Directory
2631,ITIL
2631,Active Directory
2632,React
2632,CSS
2632,JavaScript
2632,TypeScript
2633,Excel Avançado
2633,SQL
2634,Docker
2634,AWS
2634,Python
2634,PostgreSQL
2635,Node.js
2635,AWS
2635,PostgreSQL
2636,Power BI
2636,SQL
2636,Python
2636,Excel Avançado
2637,Active Directory
2637,Windows Server
2637,Redes
2637,ITIL
2638,Node.js
2638,AWS
2638,PostgreSQL
2638,Python
2639,JavaScript
2639,CSS
2640,SQL
2640,Excel Avançado
2640,Power BI
2640,Python
2641,Excel Avançado
2641,Power BI
2642,Python
2642,PostgreSQL
2642,Docker
2643,Java
2643,AWS
2643,PostgreSQL
2643,Python
2644,Docker
2644,PostgreSQL
2644,Node.js
2644,AWS
2645,CSS
2645,TypeScript
2645,React
2646,JavaScript
2646,React
2646,TypeScript
2647,Active Directory
2647,Windows Server
2648,TypeScript
2648,JavaScript
2649,Power BI
2649,Excel Avançado
2649,Python
2649,SQL
2650,Active Directory
2650,Windows Server
2650,ITIL
2651,ITIL
2651,Active Directory
2651,Redes
2651,Windows Server
2652,Active Directory
2652,ITIL
2652,Redes
2652,Windows Server
2653,ITIL
2653,Redes
2654,SQL
2654,Excel Avançado
2654,Python
2655,TypeScript
2655,React
2656,TypeScript
2656,React
2656,JavaScript
2657,Docker
2657,Java
2657,Python
2658,Python
2658,SQL
2658,Power BI
2659,AWS
2659,Node.js
2659,Java
2660,PostgreSQL
2660,AWS
2660,Node.js
2661,JavaScript
2661,TypeScript
2661,React
2662,Node.js
2662,Python
2663,JavaScript
2663,TypeScript
2663,React
2663,CSS
2664,TypeScript
2664,CSS
2665,Windows Server
2665,ITIL
2665,Redes
2665,Active Directory
2666,ITIL
2666,Redes
2666,Active Directory
2667,PostgreSQL
2667,AWS
2668,JavaScript
2668,CSS
2669,Windows Server
2669,Active Directory
2670,Python
2670,Power BI
2671,JavaScript
2671,CSS
2671,React
2671,TypeScript
2672,TypeScript
2672,JavaScript
2672,CSS
2673,Redes
2673,Windows Server
2673,Active Directory
2674,PostgreSQL
2674,Java
2675,Power BI
2675,Python
2675,SQL
2675,Excel Avançado
2676,Python
2676,AWS
2676,Java
2676,Node.js
2677,Java
2677,Node.js
2677,Docker
2677,PostgreSQL
2678,Active Directory
2678,Windows Server
2679,JavaScript
2679,React
2679,TypeScript
2680,PostgreSQL
2680,Docker
2680,AWS
2680,Node.js
2681,Node.js
2681,AWS
2681,Java
2681,PostgreSQL
2682,SQL
2682,Excel Avançado
2682,Power BI
2683,Node.js
2683,Python
2684,Python
2684,PostgreSQL
2685,Power BI
2685,Python
2685,Excel Avançado
2685,SQL
2686,Python
2686,Excel Avançado
2687,Java
2687,AWS
2687,Python
2688,TypeScript
2688,CSS
2688,JavaScript
2689,Java
2689,Python
2689,PostgreSQL
2690,Python
2690,SQL
2690,Power BI
2690,Excel Avançado
2691,Node.js
2691,Python
2692,Python
2692,Node.js
2693,SQL
2693,Excel Avançado
2694,AWS
2694,Java
2695,AWS
2695,Docker
2696,Java
2696,Docker
2696,PostgreSQL
2697,Docker
2697,AWS
2697,PostgreSQL
2698,Python
2698,Excel Avançado
2698,Power BI
2699,Docker
2699,Node.js
2699,Java
2699,AWS
2700,CSS
2700,React
2701,Windows Server
2701,Redes
2701,Active Directory
2702,PostgreSQL
2702,Node.js
2702,Java
2703,Redes
2703,Windows Server
2703,ITIL
2704,Python
2704,Power BI
2704,Excel Avançado
2705,Redes
2705,ITIL
2705,Active Directory
2706,Redes
2706,Active Directory
2706,ITIL
2706,Windows Server
2707,React
2707,TypeScript
2707,JavaScript
2708,Python
2708,Power BI
2708,SQL
2708,Excel Avançado
2709,AWS
2709,Java
2709,PostgreSQL
2709,Python
2710,React
2710,JavaScript
2710,TypeScript
2711,PostgreSQL
2711,Node.js
2712,ITIL
2712,Windows Server
2712,Redes
2712,Active Directory
2713,Power BI
2713,Python
2713,Excel Avançado
2714,ITIL
2714,Active Directory
2714,Redes
2714,Windows Server
2715,PostgreSQL
2715,AWS
2715,Node.js
2715,Docker
2716,React
2716,JavaScript
2716,CSS
2716,TypeScript
2717,JavaScript
2717,CSS
2717,React
2717,TypeScript
2718,Java
2718,Node.js
2719,Power BI
2719,Excel Avançado
2720,SQL
2720,Excel Avançado
2721,Active Directory
2721,Windows Server
2722,SQL
2722,Python
2723,Excel Avançado
2723,SQL
2723,Python
2724,Python
2724,Excel Avançado
2725,ITIL
2725,Redes
2725,Windows Server
2726,CSS
2726,TypeScript
2726,JavaScript
2726,React
2727,TypeScript
2727,React
2728,AWS
2728,Python
2729,AWS
2729,Python
2729,Java
2730,Docker
2730,PostgreSQL
2731,Python
2731,Excel Avançado
2731,Power BI
2731,SQL
2732,Python
2732,PostgreSQL
2733,Windows Server
2733,Active Directory
2733,ITIL
2734,Java
2734,Node.js
2734,Python
2735,Node.js
2735,AWS
2735,Docker
2735,Python
2736,Windows Server
2736,ITIL
2737,Power BI
2737,Excel Avançado
2737,Python
2737,SQL
2738,Python
2738,Node.js
2739,CSS
2739,JavaScript
2739,React
2739,TypeScript
2740,Excel Avançado
2740,SQL
2741,Python
2741,PostgreSQL
2741,AWS
2742,Python
2742,PostgreSQL
2743,Docker
2743,PostgreSQL
2743,Python
2743,AWS
2744,Power BI
2744,SQL
2744,Python
2744,Excel Avançado
2745,Power BI
2745,Excel Avançado
2746,SQL
2746,Power BI
2746,Python
2747,SQL
2747,Excel Avançado
2747,Python
2748,ITIL
2748,Active Directory
2749,Windows Server
2749,Redes
2749,ITIL
2750,Redes
2750,Windows Server
2751,Excel Avançado
2751,Power BI
2752,Python
2752,Docker
2752,Node.js
2753,SQL
2753,Power BI
2754,Python
2754,Power BI
2754,SQL
2754,Excel Avançado
2755,Node.js
2755,PostgreSQL
2756,Active Directory
2756,ITIL
2756,Redes
2757,CSS
2757,TypeScript
2758,ITIL
2758,Redes
2758,Active Directory
2759,Redes
2759,ITIL
2759,Active Directory
2759,Windows Server
2760,AWS
2760,Python
2761,Python
2761,AWS
2761,PostgreSQL
2762,Power BI
2762,Excel Avançado
2763,CSS
2763,TypeScript
2764,PostgreSQL
2764,AWS
2764,Java
2765,Java
2765,Node.js
2765,AWS
2765,Python
2766,SQL
2766,Power BI
2766,Python
2767,Excel Avançado
2767,Python
2767,SQL
2768,Node.js
2768,PostgreSQL
2769,Power BI
2769,Python
2769,SQL
2770,Redes
2770,Active Directory
2770,ITIL
2770,Windows Server
2771,Active Directory
2771,Windows Server
2771,Redes
2771,ITIL
2772,PostgreSQL
2772,AWS
2773,PostgreSQL
2773,AWS
2774,Node.js
2774,Python
2775,Node.js
2775,Python
2775,Java
2775,Docker
2776,Java
2776,Node.js
2777,Python
2777,Java
2777,Node.js
2777,Docker
2778,Excel Avançado
2778,SQL
2778,Python
2779,Windows Server
2779,Active Directory
2780,Python
2780,PostgreSQL
2781,PostgreSQL
2781,Node.js
2781,AWS
2782,Node.js
2782,Java
2782,Python
2783,SQL
2783,Python
2783,Excel Avançado
2784,Java
2784,Docker
2784,Python
2784,Node.js
2785,Active Directory
2785,Redes
2785,ITIL
2785,Windows Server
2786,Redes
2786,ITIL
2787,PostgreSQL
2787,Python
2787,Node.js
2787,AWS
2788,Power BI
2788,Python
2788,SQL
2788,Excel Avançado
2789,AWS
2789,Java
2790,Python
2790,SQL
2790,Power BI
2790,Excel Avançado
2791,Windows Server
2791,Active Directory
2791,Redes
2792,Excel Avançado
2792,Python
2792,Power BI
2792,SQL
2793,Node.js
2793,Python
2794,PostgreSQL
2794,Java
2794,Node.js
2795,Windows Server
2795,Redes
2796,CSS
2796,React
2796,TypeScript
2797,ITIL
2797,Active Directory
2797,Redes
2798,Excel Avançado
2798,Python
2798,Power BI
2798,SQL
2799,Redes
2799,ITIL
2799,Windows Server
2800,Python
2800,Excel Avançado
2800,Power BI
2800,SQL
2801,Python
2801,SQL
2802,SQL
2802,Python
2802,Power BI
2802,Excel Avançado
2803,Active Directory
2803,Windows Server
2803,Redes
2804,React
2804,JavaScript
2804,TypeScript
2804,CSS
2805,Power BI
2805,SQL
2805,Python
2806,React
2806,TypeScript
2807,Active Directory
2807,Redes
2808,Node.js
2808,Docker
2808,Java
2809,Python
2809,Power BI
2810,SQL
2810,Python
2810,Power BI
2811,Node.js
2811,PostgreSQL
2811,AWS
2811,Docker
2812,Python
2812,Excel Avançado
2813,Node.js
2813,PostgreSQL
2813,Python
2814,SQL
2814,Excel Avançado
2815,Power BI
2815,Excel Avançado
2815,SQL
2816,TypeScript
2816,JavaScript
2816,CSS
2816,React
2817,PostgreSQL
2817,Node.js
2817,Docker
2818,ITIL
2818,Windows Server
2818,Redes
2818,Active Directory
2819,Python
2819,Java
2819,PostgreSQL
2819,Node.js
2820,SQL
2820,Python
2820,Excel Avançado
2821,Active Directory
2821,ITIL
2822,Python
2822,Power BI
2822,SQL
2822,Excel Avançado
2823,Java
2823,Node.js
2823,AWS
2823,PostgreSQL
2824,TypeScript
2824,JavaScript
2825,Windows Server
2825,Redes
2825,Active Directory
2825,ITIL
2826,JavaScript
2826,CSS
2826,React
2826,TypeScript
2827,Python
2827,Java
2828,PostgreSQL
2828,Docker
2828,Java
2829,Java
2829,Docker
2829,Node.js
2830,SQL
2830,Power BI
2831,Java
2831,Docker
2831,AWS
2832,Active Directory
2832,ITIL
2833,React
2833,JavaScript
2833,TypeScript
2834,Java
2834,AWS
2834,Node.js
2835,Excel Avançado
2835,Python
2835,SQL
2836,Redes
2836,Active Directory
2836,Windows Server
2836,ITIL
2837,JavaScript
2837,TypeScript
2837,React
2838,Node.js
2838,Java
2838,Docker
2838,PostgreSQL
2839,Docker
2839,Java
2839,AWS
2840,Active Directory
2840,Windows Server
2840,Redes
2840,ITIL
2841,AWS
2841,Docker
2841,Python
2842,AWS
2842,Java
2842,PostgreSQL
2843,Power BI
2843,Python
2844,Docker
2844,AWS
2844,Java
2845,SQL
2845,Python
2845,Power BI
2846,React
2846,JavaScript
2846,TypeScript
2847,PostgreSQL
2847,AWS
2847,Node.js
2847,Python
2848,Windows Server
2848,ITIL
2848,Redes
2848,Active Directory
2849,SQL
2849,Power BI
2850,Active Directory
2850,ITIL
2850,Redes
2851,Windows Server
2851,ITIL
2851,Active Directory
2852,Windows Server
2852,Redes
2852,Active Directory
2852,ITIL
2853,Python
2853,SQL
2853,Excel Avançado
2853,Power BI
2854,Windows Server
2854,Redes
2855,Active Directory
2855,ITIL
2855,Redes
2855,Windows Server
2856,PostgreSQL
2856,Java
2856,Python
2857,SQL
2857,Python
2857,Power BI
2857,Excel Avançado
2858,Windows Server
2858,Active Directory
2858,ITIL
2858,Redes
2859,Excel Avançado
2859,Python
2860,Python
2860,Node.js
2860,Java
2860,Docker
2861,SQL
2861,Python
2861,Power BI
2861,Excel Avançado
2862,Windows Server
2862,Redes
2863,CSS
2863,TypeScript
2864,CSS
2864,TypeScript
2864,JavaScript
2865,Windows Server
2865,Active Directory
2865,ITIL
2866,Power BI
2866,Python
2867,ITIL
2867,Active Directory
2867,Redes
2868,AWS
2868,Node.js
2869,React
2869,TypeScript
2869,JavaScript
2869,CSS
2870,Redes
2870,Active Directory
2870,ITIL
2870,Windows Server
2871,Docker
2871,Java
2871,Node.js
2871,AWS
2872,ITIL
2872,Redes
2872,Windows Server
2873,SQL
2873,Excel Avançado
2874,JavaScript
2874,React
2874,TypeScript
2874,CSS
2875,React
2875,JavaScript
2876,Python
2876,SQL
2876,Power BI
2877,Redes
2877,ITIL
2878,TypeScript
2878,JavaScript
2878,React
2879,AWS
2879,Docker
2879,Node.js
2880,Excel Avançado
2880,SQL
2880,Python
2880,Power BI
2881,PostgreSQL
2881,Docker
2881,AWS
2881,Java
2882,React
2882,TypeScript
2882,CSS
2883,Redes
2883,Windows Server
2884,Excel Avançado
2884,Python
2884,Power BI
2885,Redes
2885,ITIL
2885,Active Directory
2885,Windows Server
2886,JavaScript
2886,React
2886,CSS
2886,TypeScript
2887,PostgreSQL
2887,AWS
2887,Java
2888,Windows Server
2888,ITIL
2888,Active Directory
2888,Redes
2889,ITIL
2889,Redes
2889,Windows Server
2890,Java
2890,Node.js
2890,Docker
2891,Python
2891,Java
2891,AWS
2892,Python
2892,SQL
2892,Excel Avançado
2892,Power BI
2893,Node.js
2893,Docker
2893,Python
2893,Java
2894,Redes
2894,ITIL
2895,PostgreSQL
2895,Java
2895,Docker
2896,Python
2896,Docker
2896,AWS
2897,ITIL
2897,Windows Server
2897,Active Directory
2898,JavaScript
2898,React
2898,TypeScript
2898,CSS
2899,ITIL
2899,Windows Server
2899,Redes
2899,Active Directory
2900,Java
2900,PostgreSQL
2901,Python
2901,SQL
2901,Power BI
2902,Docker
2902,AWS
2903,AWS
2903,Node.js
2904,AWS
2904,PostgreSQL
2904,Docker
2904,Python
2905,Docker
2905,AWS
2906,Python
2906,SQL
2906,Power BI
2906,Excel Avançado
2907,Python
2907,Power BI
2907,SQL
2907,Excel Avançado
2908,JavaScript
2908,CSS
2909,Docker
2909,Java
2910,Active Directory
2910,ITIL
2911,Python
2911,Node.js
2911,AWS
2911,Java
2912,Python
2912,PostgreSQL
2912,Java
2913,SQL
2913,Power BI
2913,Python
2913,Excel Avançado
2914,TypeScript
2914,React
2915,Docker
2915,AWS
2916,Active Directory
2916,Windows Server
2916,Redes
2916,ITIL
2917,PostgreSQL
2917,Docker
2917,Java
2917,Node.js
2918,Python
2918,Power BI
2919,Power BI
2919,SQL
2920,Power BI
2920,Python
2920,SQL
2920,Excel Avançado
2921,Windows Server
2921,Redes
2921,Active Directory
2921,ITIL
2922,TypeScript
2922,JavaScript
2923,React
2923,JavaScript
2924,Active Directory
2924,ITIL
2924,Windows Server
2925,Excel Avançado
2925,SQL
2926,Excel Avançado
2926,Python
2926,Power BI
2926,SQL
2927,Excel Avançado
2927,SQL
2928,ITIL
2928,Active Directory
2928,Redes
2928,Windows Server
2929,ITIL
2929,Redes
2930,Node.js
2930,AWS
2930,PostgreSQL
2931,AWS
2931,Python
2931,PostgreSQL
2932,PostgreSQL
2932,AWS
2932,Docker
2932,Node.js
2933,Docker
2933,PostgreSQL
2933,Node.js
2933,Python
2934,Redes
2934,Active Directory
2934,Windows Server
2935,Python
2935,Node.js
2936,Java
2936,Python
2936,Node.js
2937,Excel Avançado
2937,Python
2938,Redes
2938,Active Directory
2938,ITIL
2939,PostgreSQL
2939,Docker
2940,Docker
2940,Java
2940,AWS
2941,SQL
2941,Python
2941,Power BI
2942,React
2942,TypeScript
2942,JavaScript
2942,CSS
2943,Python
2943,AWS
2944,Power BI
2944,Excel Avançado
2944,Python
2945,PostgreSQL
2945,Node.js
2945,AWS
2945,Docker
2946,TypeScript
2946,CSS
2947,SQL
2947,Excel Avançado
2947,Python
2947,Power BI
2948,Python
2948,SQL
2948,Excel Avançado
2949,Windows Server
2949,ITIL
2949,Redes
2950,Active Directory
2950,Redes
2950,ITIL
2950,Windows Server
2951,Active Directory
2951,Windows Server
2951,Redes
2951,ITIL
2952,AWS
2952,Java
2953,Power BI
2953,Python
2953,SQL
2953,Excel Avançado
2954,AWS
2954,Node.js
2954,Docker
2955,Active Directory
2955,Redes
2956,Node.js
2956,Python
2956,PostgreSQL
2957,TypeScript
2957,React
2958,Python
2958,Excel Avançado
2959,Power BI
2959,SQL
2959,Excel Avançado
2960,React
2960,JavaScript
2961,SQL
2961,Power BI
2961,Python
2961,Excel Avançado
2962,Python
2962,Docker
2962,Java
2962,Node.js
2963,Excel Avançado
2963,Python
2964,CSS
2964,JavaScript
2964,React
2965,Windows Server
2965,Redes
2965,Active Directory
2965,ITIL
2966,Python
2966,SQL
2966,Excel Avançado
2966,Power BI
2967,Python
2967,Node.js
2967,Docker
2967,Java
2968,Python
2968,Java
2968,Node.js
2968,AWS
2969,JavaScript
2969,CSS
2969,React
2970,Power BI
2970,SQL
2970,Python
2970,Excel Avançado
2971,Node.js
2971,AWS
2972,Python
2972,Excel Avançado
2973,Excel Avançado
2973,Python
2973,Power BI
2974,Redes
2974,Windows Server
2975,Docker
2975,Node.js
2976,Windows Server
2976,ITIL
2976,Active Directory
2976,Redes
2977,PostgreSQL
2977,AWS
2978,AWS
2978,Docker
2978,Java
2979,Power BI
2979,Excel Avançado
2979,SQL
2980,Docker
2980,Java
2980,PostgreSQL
2980,Node.js
2981,Docker
2981,Node.js
2982,ITIL
2982,Windows Server
2982,Active Directory
2983,Node.js
2983,Docker
2984,React
2984,JavaScript
2984,TypeScript
2984,CSS
2985,Redes
2985,ITIL
2985,Windows Server
2985,Active Directory
2986,Python
2986,PostgreSQL
2986,AWS
2986,Java
2987,Java
2987,Docker
2988,PostgreSQL
2988,Node.js
2988,AWS
2989,SQL
2989,Power BI
2989,Excel Avançado
2990,Power BI
2990,Excel Avançado
2991,SQL
2991,Python
2991,Power BI
2992,Windows Server
2992,Redes
2992,ITIL
2992,Active Directory
2993,PostgreSQL
2993,Python
2993,AWS
2993,Node.js
2994,Java
2994,Node.js
2995,Redes
2995,ITIL
2995,Active Directory
2996,Power BI
2996,Excel Avançado
2997,Power BI
2997,Excel Avançado
2998,PostgreSQL
2998,Docker
2999,Power BI
2999,Excel Avançado
3000,Power BI
3000,Excel Avançado
3000,Python
