id,cargo,cidade,senioridade,salario_min,salario_max,modalidade
1,Desenvolvimento Backend,Remoto (Brasil),Pleno,5012,9309,Híbrido
2,Desenvolvimento Backend,Rio de Janeiro - RJ,Júnior,2608,4336,Híbrido
3,Desenvolvimento Frontend,São Paulo - SP,Pleno,5359,9108,Híbrido
4,Desenvolvimento Frontend,São Paulo - SP,Júnior,2745,4710,Remoto
5,Desenvolvimento Frontend,Remoto (Brasil),Júnior,2511,4693,Híbrido
6,Dados / BI,Remoto (Brasil),Pleno,5441,8920,Presencial
7,Desenvolvimento Frontend,São Paulo - SP,Sênior,9889,15869,Remoto
8,Dados / BI,São Paulo - SP,Sênior,10163,15446,Híbrido
9,Desenvolvimento Backend,São Paulo - SP,Sênior,10204,16440,Híbrido
10,Suporte / Infraestrutura,Remoto (Brasil),Júnior,2733,4610,Remoto
11,Desenvolvimento Backend,São Paulo - SP,Pleno,5135,8692,Remoto
12,Desenvolvimento Backend,Remoto (Brasil),Sênior,10021,16310,Híbrido
13,Desenvolvimento Frontend,São Paulo - SP,Pleno,5032,8944,Híbrido
14,Suporte / Infraestrutura,São Paulo - SP,Sênior,10268,15846,Remoto
15,Suporte / Infraestrutura,Rio de Janeiro - RJ,Pleno,5368,8819,Remoto
16,Suporte / Infraestrutura,Remoto (Brasil),Pleno,5078,8932,Remoto
17,Desenvolvimento Backend,São Paulo - SP,Sênior,10351,16952,Presencial
18,Dados / BI,São Paulo - SP,Pleno,5035,9328,Híbrido
19,Desenvolvimento Frontend,Remoto (Brasil),Júnior,2723,4630,Remoto
20,Dados / BI,São Paulo - SP,Pleno,5224,9471,Remoto
21,Desenvolvimento Backend,Remoto (Brasil),Pleno,5301,8775,Presencial
22,Dados / BI,Rio de Janeiro - RJ,Júnior,2560,4462,Presencial
23,Suporte / Infraestrutura,São Paulo - SP,Pleno,5401,9034,Híbrido
24,Desenvolvimento Backend,Remoto (Brasil),Pleno,5442,9296,Híbrido
25,Dados / BI,São Paulo - SP,Júnior,2549,4417,Remoto
26,Suporte / Infraestrutura,Remoto (Brasil),Sênior,9953,16954,Presencial
27,Desenvolvimento Backend,São Paulo - SP,Júnior,2624,4566,Remoto
28,Desenvolvimento Backend,São Paulo - SP,Sênior,10303,16231,Remoto
29,Desenvolvimento Backend,Remoto (Brasil),Júnior,2688,4597,Híbrido
30,Desenvolvimento Backend,Remoto (Brasil),Júnior,2745,4580,Remoto
31,Dados / BI,Rio de Janeiro - RJ,Pleno,5482,9461,Híbrido
32,Dados / BI,Rio de Janeiro - RJ,Júnior,2566,4424,Remoto
33,Suporte / Infraestrutura,Remoto (Brasil),Pleno,5475,9319,Presencial
34,Desenvolvimento Backend,São Paulo - SP,Júnior,2554,4579,Remoto
35,Suporte / Infraestrutura,São Paulo - SP,Pleno,5154,9176,Presencial
36,Dados / BI,São Paulo - SP,Júnior,2527,4700,Híbrido
37,Desenvolvimento Frontend,São Paulo - SP,Pleno,5135,9067,Remoto
38,Dados / BI,São Paulo - SP,Júnior,2697,4386,Híbrido
39,Dados / BI,São Paulo - SP,Júnior,2519,4772,Híbrido
40,Suporte / Infraestrutura,Rio de Janeiro - RJ,Júnior,2578,4506,Híbrido
41,Suporte / Infraestrutura,São Paulo - SP,Júnior,2643,4772,Presencial
42,Suporte / Infraestrutura,São Paulo - SP,Pleno,5170,9351,Remoto
43,Suporte / Infraestrutura,São Paulo - SP,Pleno,5102,9386,Remoto
44,Suporte / Infraestrutura,Remoto (Brasil),Júnior,2721,4355,Híbrido
45,Suporte / Infraestrutura,Rio de Janeiro - RJ,Júnior,2507,4379,Remoto
46,Desenvolvimento Frontend,São Paulo - SP,Júnior,2701,4480,Remoto
47,Dados / BI,Remoto (Brasil),Pleno,5412,9101,Presencial
48,Desenvolvimento Backend,Rio de Janeiro - RJ,Pleno,5339,9418,Remoto
49,Dados / BI,Remoto (Brasil),Pleno,5098,8980,Remoto
50,Suporte / Infraestrutura,São Paulo - SP,Júnior,2553,4540,Híbrido
51,Desenvolvimento Backend,Rio de Janeiro - RJ,Sênior,10315,16807,Híbrido
52,Desenvolvimento Backend,São Paulo - SP,Júnior,2743,4704,Remoto
53,Desenvolvimento Backend,São Paulo - SP,Pleno,5435,9336,Híbrido
54,Dados / BI,Remoto (Brasil),Pleno,5075,9221,Remoto
55,Desenvolvimento Backend,Rio de Janeiro - RJ,Pleno,5025,9120,Híbrido
56,Suporte / Infraestrutura,Rio de Janeiro - RJ,Sênior,10109,15949,Presencial
57,Desenvolvimento Backend,São Paulo - SP,Pleno,5132,9319,Remoto
58,Desenvolvimento Frontend,São Paulo - SP,Pleno,5120,8828,Remoto
59,Desenvolvimento Frontend,São Paulo - SP,Júnior,2606,4528,Presencial
60,Suporte / Infraestrutura,São Paulo - SP,Sênior,10212,15340,Remoto
61,Dados / BI,São Paulo - SP,Sênior,10355,16158,Remoto
62,Desenvolvimento Frontend,São Paulo - SP,Júnior,2673,4728,Presencial
63,Dados / BI,São Paulo - SP,Sênior,10106,16455,Presencial
64,Desenvolvimento Frontend,São Paulo - SP,Júnior,2583,4428,Remoto
65,Suporte / Infraestrutura,Rio de Janeiro - RJ,Júnior,2638,4346,Híbrido
66,Desenvolvimento Backend,São Paulo - SP,Pleno,5486,8803,Remoto
67,Desenvolvimento Frontend,São Paulo - SP,Júnior,2742,4431,Híbrido
68,Suporte / Infraestrutura,Remoto (Brasil),Júnior,2648,4333,Híbrido
69,Desenvolvimento Backend,Rio de Janeiro - RJ,Júnior,2678,4715,Híbrido
70,Desenvolvimento Backend,Rio de Janeiro - RJ,Júnior,2665,4494,Presencial
71,Desenvolvimento Frontend,Rio de Janeiro - RJ,Sênior,10224,15613,Remoto
72,Suporte / Infraestrutura,São Paulo - SP,Júnior,2718,4445,Remoto
73,Desenvolvimento Backend,São Paulo - SP,Pleno,5194,8894,Remoto
74,Suporte / Infraestrutura,São Paulo - SP,Júnior,2652,4679,Remoto
75,Desenvolvimento Frontend,São Paulo - SP,Pleno,5123,9257,Remoto
76,Desenvolvimento Frontend,São Paulo - SP,Júnior,2669,4617,Híbrido
77,Desenvolvimento Backend,Rio de Janeiro - RJ,Júnior,2530,4689,Presencial
78,Desenvolvimento Backend,São Paulo - SP,Júnior,2689,4567,Presencial
79,Dados / BI,São Paulo - SP,Júnior,2577,4327,Presencial
80,Suporte / Infraestrutura,São Paulo - SP,Pleno,5064,9203,Híbrido
81,Suporte / Infraestrutura,Rio de Janeiro - RJ,Júnior,2513,4449,Híbrido
82,Suporte / Infraestrutura,São Paulo - SP,Pleno,5077,8702,Híbrido
83,Suporte / Infraestrutura,Remoto (Brasil),Pleno,5316,8781,Presencial
84,Dados / BI,São Paulo - SP,Júnior,2658,4350,Híbrido
85,Desenvolvimento Backend,São Paulo - SP,Júnior,2519,4400,Remoto
86,Desenvolvimento Frontend,São Paulo - SP,Pleno,5359,9430,Remoto
87,Desenvolvimento Backend,Remoto (Brasil),Júnior,2568,4743,Híbrido
88,Desenvolvimento Frontend,Rio de Janeiro - RJ,Sênior,9949,15554,Remoto
89,Dados / BI,Remoto (Brasil),Sênior,10252,15960,Presencial
90,Suporte / Infraestrutura,Rio de Janeiro - RJ,Pleno,5486,8571,Híbrido
91,Desenvolvimento Frontend,São Paulo - SP,Sênior,9685,16498,Remoto
92,Desenvolvimento Frontend,São Paulo - SP,Júnior,2541,4488,Híbrido
93,Desenvolvimento Frontend,São Paulo - SP,Pleno,5161,8808,Remoto
94,Dados / BI,Remoto (Brasil),Júnior,2693,4575,Híbrido
95,Desenvolvimento Backend,São Paulo - SP,Pleno,5357,9046,Híbrido
96,Desenvolvimento Backend,Rio de Janeiro - RJ,Júnior,2715,4787,Híbrido
97,Suporte / Infraestrutura,Remoto (Brasil),Pleno,5139,8975,Remoto
98,Suporte / Infraestrutura,São Paulo - SP,Pleno,5450,8689,Presencial
99,Suporte / Infraestrutura,São Paulo - SP,Júnior,2650,4616,Remoto
100,Suporte / Infraestrutura,São Paulo - SP,Pleno,5233,8879,Presencial
101,Suporte / Infraestrutura,São Paulo - SP,Júnior,2621,4681,Híbrido
102,Suporte / Infraestrutura,São Paulo - SP,Pleno,5302,8889,Remoto
103,Desenvolvimento Frontend,Remoto (Brasil),Sênior,9658,15453,Híbrido
104,Desenvolvimento Frontend,São Paulo - SP,Sênior,10379,16392,Híbrido
105,Suporte / Infraestrutura,Rio de Janeiro - RJ,Pleno,5147,8782,Remoto
106,Suporte / Infraestrutura,São Paulo - SP,Sênior,9547,15964,Remoto
107,Desenvolvimento Backend,São Paulo - SP,Pleno,5405,8734,Híbrido
108,Desenvolvimento Frontend,São Paulo - SP,Sênior,9646,15775,Presencial
109,Desenvolvimento Backend,São Paulo - SP,Júnior,2639,4400,Híbrido
110,Desenvolvimento Frontend,São Paulo - SP,Júnior,2598,4756,Remoto
111,Dados / BI,Rio de Janeiro - RJ,Pleno,5011,9399,Presencial
112,Suporte / Infraestrutura,Rio de Janeiro - RJ,Sênior,10424,15886,Híbrido
113,Dados / BI,São Paulo - SP,Pleno,5369,9335,Híbrido
114,Dados / BI,São Paulo - SP,Pleno,5296,8923,Híbrido
115,Suporte / Infraestrutura,São Paulo - SP,Júnior,2638,4768,Presencial
116,Desenvolvimento Frontend,Rio de Janeiro - RJ,Sênior,10323,15535,Presencial
117,Dados / BI,São Paulo - SP,Sênior,10366,16947,Remoto
118,Desenvolvimento Backend,São Paulo - SP,Júnior,2691,4664,Híbrido
119,Desenvolvimento Frontend,São Paulo - SP,Pleno,5482,9124,Presencial
120,Suporte / Infraestrutura,São Paulo - SP,Pleno,5071,8596,Remoto
121,Suporte / Infraestrutura,Remoto (Brasil),Pleno,5189,9236,Híbrido
122,Desenvolvimento Backend,Remoto (Brasil),Pleno,5480,8836,Presencial
123,Dados / BI,São Paulo - SP,Júnior,2675,4508,Remoto
124,Dados / BI,Remoto (Brasil),Sênior,9965,15487,Presencial
125,Dados / BI,Rio de Janeiro - RJ,Júnior,2712,4711,Híbrido
126,Dados / BI,São Paulo - SP,Júnior,2537,4386,Presencial
127,Dados / BI,Rio de Janeiro - RJ,Júnior,2701,4441,Remoto
128,Desenvolvimento Frontend,São Paulo - SP,Pleno,5381,8615,Presencial
129,Dados / BI,São Paulo - SP,Sênior,10387,16649,Presencial
130,Desenvolvimento Frontend,São Paulo - SP,Júnior,2682,4785,Remoto
131,Dados / BI,Rio de Janeiro - RJ,Pleno,5299,9111,Remoto
132,Dados / BI,São Paulo - SP,Sênior,10166,16874,Presencial
133,Dados / BI,São Paulo - SP,Sênior,9908,16151,Remoto
134,Suporte / Infraestrutura,São Paulo - SP,Sênior,9568,15486,Híbrido
135,Suporte / Infraestrutura,Rio de Janeiro - RJ,Júnior,2515,4620,Remoto
136,Dados / BI,São Paulo - SP,Pleno,5444,9487,Híbrido
137,Desenvolvimento Backend,São Paulo - SP,Pleno,5114,9417,Remoto
138,Dados / BI,Rio de Janeiro - RJ,Pleno,5392,9388,Remoto
139,Desenvolvimento Backend,Rio de Janeiro - RJ,Júnior,2586,4499,Remoto
140,Dados / BI,São Paulo - SP,Sênior,9593,16828,Remoto
141,Dados / BI,São Paulo - SP,Júnior,2741,4610,Híbrido
142,Desenvolvimento Frontend,São Paulo - SP,Júnior,2613,4658,Híbrido
143,Dados / BI,Rio de Janeiro - RJ,Pleno,5145,9244,Remoto
144,Suporte / Infraestrutura,Rio de Janeiro - RJ,Júnior,2577,4428,Remoto
145,Dados / BI,São Paulo - SP,Júnior,2597,4592,Remoto
146,Desenvolvimento Frontend,Remoto (Brasil),Júnior,2580,4614,Remoto
147,Desenvolvimento Frontend,Rio de Janeiro - RJ,Júnior,2742,4636,Remoto
148,Desenvolvimento Backend,Rio de Janeiro - RJ,Pleno,5202,9441,Remoto
149,Suporte / Infraestrutura,São Paulo - SP,Pleno,5099,9477,Remoto
150,Dados / BI,Remoto (Brasil),Pleno,5389,9327,Híbrido
151,Dados / BI,São Paulo - SP,Pleno,5473,9453,Remoto
152,Dados / BI,São Paulo - SP,Pleno,5407,8831,Remoto
153,Suporte / Infraestrutura,Remoto (Brasil),Sênior,9578,16620,Híbrido
154,Suporte / Infraestrutura,São Paulo - SP,Pleno,5021,9010,Presencial
155,Suporte / Infraestrutura,São Paulo - SP,Sênior,10357,16003,Remoto
156,Desenvolvimento Backend,Rio de Janeiro - RJ,Pleno,5267,9174,Híbrido
157,Desenvolvimento Frontend,Rio de Janeiro - RJ,Júnior,2661,4651,Remoto
158,Suporte / Infraestrutura,São Paulo - SP,Pleno,5464,9167,Presencial
159,Desenvolvimento Backend,Remoto (Brasil),Pleno,5339,8951,Híbrido
160,Suporte / Infraestrutura,São Paulo - SP,Pleno,5424,9306,Remoto
161,Desenvolvimento Frontend,Remoto (Brasil),Sênior,9849,16869,Remoto
162,Suporte / Infraestrutura,São Paulo - SP,Júnior,2697,4596,Híbrido
163,Dados / BI,Rio de Janeiro - RJ,Júnior,2677,4714,Remoto
164,Desenvolvimento Backend,Remoto (Brasil),Júnior,2613,4632,Presencial
165,Dados / BI,São Paulo - SP,Sênior,9698,16053,Híbrido
166,Dados / BI,São Paulo - SP,Júnior,2551,4730,Presencial
167,Suporte / Infraestrutura,São Paulo - SP,Júnior,2716,4584,Remoto
168,Suporte / Infraestrutura,São Paulo - SP,Sênior,9593,15754,Remoto
169,Desenvolvimento Backend,São Paulo - SP,Pleno,5041,8933,Remoto
170,Suporte / Infraestrutura,São Paulo - SP,Sênior,10212,15584,Presencial
171,Suporte / Infraestrutura,São Paulo - SP,Júnior,2538,4600,Remoto
172,Desenvolvimento Frontend,Rio de Janeiro - RJ,Pleno,5406,9187,Híbrido
173,Desenvolvimento Backend,São Paulo - SP,Pleno,5367,8697,Remoto
174,Suporte / Infraestrutura,São Paulo - SP,Pleno,5043,9086,Presencial
175,Suporte / Infraestrutura,Rio de Janeiro - RJ,Pleno,5191,8809,Híbrido
176,Desenvolvimento Frontend,Rio de Janeiro - RJ,Sênior,10252,16849,Remoto
177,Suporte / Infraestrutura,Remoto (Brasil),Sênior,10201,16251,Híbrido
178,Suporte / Infraestrutura,Remoto (Brasil),Júnior,2551,4342,Híbrido
179,Suporte / Infraestrutura,São Paulo - SP,Pleno,5129,8587,Presencial
180,Suporte / Infraestrutura,São Paulo - SP,Pleno,5139,8677,Presencial
181,Desenvolvimento Frontend,Remoto (Brasil),Sênior,10008,16717,Remoto
182,Desenvolvimento Backend,Rio de Janeiro - RJ,Júnior,2575,4484,Remoto
183,Desenvolvimento Frontend,Remoto (Brasil),Júnior,2613,4499,Híbrido
184,Desenvolvimento Frontend,São Paulo - SP,Júnior,2671,4646,Remoto
185,Desenvolvimento Frontend,São Paulo - SP,Sênior,9875,16041,Presencial
186,Dados / BI,São Paulo - SP,Pleno,5293,8690,Remoto
187,Desenvolvimento Frontend,Rio de Janeiro - RJ,Pleno,5255,9080,Remoto
188,Desenvolvimento Backend,São Paulo - SP,Pleno,5251,8754,Presencial
189,Suporte / Infraestrutura,Remoto (Brasil),Júnior,2674,4752,Presencial
190,Dados / BI,São Paulo - SP,Pleno,5474,9267,Híbrido
191,Dados / BI,São Paulo - SP,Pleno,5184,9117,Remoto
192,Desenvolvimento Frontend,São Paulo - SP,Pleno,5245,9088,Híbrido
193,Suporte / Infraestrutura,São Paulo - SP,Pleno,5176,8681,Presencial
194,Suporte / Infraestrutura,Remoto (Brasil),Júnior,2541,4485,Presencial
195,Desenvolvimento Backend,Rio de Janeiro - RJ,Júnior,2662,4602,Híbrido
196,Dados / BI,Remoto (Brasil),Pleno,5087,9224,Remoto
197,Desenvolvimento Backend,São Paulo - SP,Sênior,9771,16633,Presencial
198,Desenvolvimento Backend,São Paulo - SP,Pleno,5154,9044,Híbrido
199,Desenvolvimento Frontend,Remoto (Brasil),Pleno,5237,8758,Remoto
200,Suporte / Infraestrutura,São Paulo - SP,Júnior,2602,4386,Remoto
201,Suporte / Infraestrutura,Rio de Janeiro - RJ,Júnior,2512,4468,Presencial
202,Suporte / Infraestrutura,Remoto (Brasil),Júnior,2540,4575,Remoto
203,Desenvolvimento Backend,Remoto (Brasil),Pleno,5494,8796,Híbrido
204,Dados / BI,Rio de Janeiro - RJ,Pleno,5240,8842,Presencial
205,Desenvolvimento Frontend,São Paulo - SP,Pleno,5187,8596,Remoto
206,Dados / BI,Remoto (Brasil),Pleno,5422,9188,Remoto
207,Suporte / Infraestrutura,São Paulo - SP,Júnior,2740,4507,Remoto
208,Dados / BI,São Paulo - SP,Pleno,5411,9035,Presencial
209,Suporte / Infraestrutura,São Paulo - SP,Pleno,5315,9307,Híbrido
210,Dados / BI,Remoto (Brasil),Júnior,2528,4533,Presencial
211,Dados / BI,São Paulo - SP,Sênior,10091,15766,Presencial
212,Desenvolvimento Backend,São Paulo - SP,Pleno,5358,8662,Remoto
213,Desenvolvimento Frontend,Remoto (Brasil),Pleno,5313,9492,Híbrido
214,Suporte / Infraestrutura,Remoto (Brasil),Pleno,5192,8871,Híbrido
215,Desenvolvimento Backend,São Paulo - SP,Pleno,5411,9259,Híbrido
216,Desenvolvimento Backend,São Paulo - SP,Sênior,9804,16879,Remoto
217,Desenvolvimento Backend,Remoto (Brasil),Sênior,10314,16777,Remoto
218,Desenvolvimento Backend,São Paulo - SP,Sênior,10291,16947,Remoto
219,Desenvolvimento Backend,Rio de Janeiro - RJ,Júnior,2622,4429,Remoto
220,Suporte / Infraestrutura,São Paulo - SP,Júnior,2512,4662,Remoto
221,Desenvolvimento Backend,Rio de Janeiro - RJ,Pleno,5348,9339,Híbrido
222,Desenvolvimento Backend,Rio de Janeiro - RJ,Júnior,2573,4650,Remoto
223,Desenvolvimento Frontend,São Paulo - SP,Sênior,9538,15658,Híbrido
224,Desenvolvimento Backend,São Paulo - SP,Pleno,5446,9498,Híbrido
225,Suporte / Infraestrutura,São Paulo - SP,Sênior,9791,16230,Remoto
226,Desenvolvimento Backend,Rio de Janeiro - RJ,Júnior,2617,4651,Híbrido
227,Suporte / Infraestrutura,Rio de Janeiro - RJ,Pleno,5089,9175,Remoto
228,Desenvolvimento Frontend,São Paulo - SP,Júnior,2535,4564,Remoto
229,Dados / BI,São Paulo - SP,Júnior,2584,4474,Remoto
230,Desenvolvimento Frontend,São Paulo - SP,Júnior,2603,4671,Remoto
231,Desenvolvimento Frontend,Rio de Janeiro - RJ,Sênior,9989,15613,Híbrido
232,Dados / BI,Remoto (Brasil),Pleno,5403,8633,Presencial
233,Desenvolvimento Backend,São Paulo - SP,Júnior,2637,4396,Híbrido
234,Desenvolvimento Frontend,São Paulo - SP,Pleno,5414,8606,Híbrido
235,Desenvolvimento Backend,São Paulo - SP,Júnior,2565,4738,Remoto
236,Suporte / Infraestrutura,São Paulo - SP,Júnior,2515,4798,Remoto
237,Suporte / Infraestrutura,Rio de Janeiro - RJ,Pleno,5373,9211,Remoto
238,Dados / BI,Rio de Janeiro - RJ,Pleno,5276,8686,Híbrido
239,Desenvolvimento Backend,Remoto (Brasil),Júnior,2500,4707,Híbrido
240,Desenvolvimento Backend,Remoto (Brasil),Júnior,2588,4399,Híbrido
241,Desenvolvimento Backend,Remoto (Brasil),Júnior,2552,4354,Híbrido
242,Desenvolvimento Frontend,Remoto (Brasil),Júnior,2511,4525,Remoto
243,Suporte / Infraestrutura,São Paulo - SP,Pleno,5295,9162,Presencial
244,Dados / BI,São Paulo - SP,Pleno,5140,8612,Remoto
245,Dados / BI,Rio de Janeiro - RJ,Pleno,5195,9354,Remoto
246,Desenvolvimento Backend,São Paulo - SP,Pleno,5434,8780,Remoto
247,Desenvolvimento Backend,São Paulo - SP,Pleno,5198,8798,Presencial
248,Desenvolvimento Backend,Remoto (Brasil),Pleno,5097,8602,Remoto
249,Desenvolvimento Frontend,Remoto (Brasil),Pleno,5286,8772,Presencial
250,Suporte / Infraestrutura,São Paulo - SP,Júnior,2693,4565,Híbrido
251,Desenvolvimento Backend,Remoto (Brasil),Pleno,5183,8865,Híbrido
252,Desenvolvimento Frontend,Remoto (Brasil),Sênior,9879,15940,Remoto
253,Desenvolvimento Backend,Rio de Janeiro - RJ,Pleno,5213,8852,Híbrido
254,Suporte / Infraestrutura,Rio de Janeiro - RJ,Pleno,5131,9331,Remoto
255,Dados / BI,Rio de Janeiro - RJ,Pleno,5469,9460,Presencial
256,Suporte / Infraestrutura,São Paulo - SP,Pleno,5211,8690,Remoto
257,Dados / BI,São Paulo - SP,Pleno,5030,9182,Remoto
258,Desenvolvimento Backend,Remoto (Brasil),Júnior,2635,4689,Híbrido
259,Desenvolvimento Backend,São Paulo - SP,Júnior,2524,4588,Remoto
260,Suporte / Infraestrutura,Remoto (Brasil),Sênior,9580,16064,Remoto
261,Suporte / Infraestrutura,São Paulo - SP,Júnior,2719,4652,Remoto
262,Desenvolvimento Backend,Remoto (Brasil),Pleno,5359,8725,Presencial
263,Dados / BI,São Paulo - SP,Júnior,2730,4764,Híbrido
264,Desenvolvimento Backend,Rio de Janeiro - RJ,Pleno,5336,8583,Híbrido
265,Desenvolvimento Backend,São Paulo - SP,Pleno,5039,8856,Híbrido
266,Suporte / Infraestrutura,São Paulo - SP,Pleno,5378,8693,Remoto
267,Dados / BI,São Paulo - SP,Júnior,2654,4713,Híbrido
268,Desenvolvimento Frontend,São Paulo - SP,Júnior,2641,4512,Híbrido
269,Dados / BI,Remoto (Brasil),Júnior,2682,4721,Remoto
270,Desenvolvimento Backend,São Paulo - SP,Pleno,5389,8826,Remoto
271,Desenvolvimento Frontend,São Paulo - SP,Pleno,5013,8641,Remoto
272,Suporte / Infraestrutura,São Paulo - SP,Sênior,10242,16445,Remoto
273,Desenvolvimento Backend,São Paulo - SP,Júnior,2626,4394,Híbrido
274,Dados / BI,Remoto (Brasil),Júnior,2563,4689,Remoto
275,Suporte / Infraestrutura,Remoto (Brasil),Júnior,2658,4514,Híbrido
276,Desenvolvimento Frontend,Remoto (Brasil),Sênior,9639,15915,Presencial
277,Desenvolvimento Frontend,São Paulo - SP,Júnior,2677,4644,Híbrido
278,Dados / BI,São Paulo - SP,Júnior,2644,4422,Presencial
279,Desenvolvimento Backend,São Paulo - SP,Sênior,10351,16718,Híbrido
280,Suporte / Infraestrutura,São Paulo - SP,Pleno,5366,8983,Híbrido
281,Dados / BI,Rio de Janeiro - RJ,Pleno,5471,9440,Híbrido
282,Desenvolvimento Backend,São Paulo - SP,Júnior,2665,4633,Remoto
283,Dados / BI,Rio de Janeiro - RJ,Júnior,2691,4585,Híbrido
284,Suporte / Infraestrutura,São Paulo - SP,Pleno,5077,8903,Presencial
285,Desenvolvimento Frontend,São Paulo - SP,Sênior,10247,15590,Remoto
286,Desenvolvimento Backend,São Paulo - SP,Pleno,5231,8876,Remoto
287,Suporte / Infraestrutura,São Paulo - SP,Júnior,2704,4404,Remoto
288,Dados / BI,Rio de Janeiro - RJ,Pleno,5408,8964,Remoto
289,Desenvolvimento Frontend,Remoto (Brasil),Júnior,2651,4539,Híbrido
290,Desenvolvimento Backend,Rio de Janeiro - RJ,Pleno,5187,8883,Híbrido
291,Dados / BI,Rio de Janeiro - RJ,Pleno,5312,8951,Híbrido
292,Desenvolvimento Backend,São Paulo - SP,Júnior,2657,4622,Remoto
293,Desenvolvimento Frontend,Rio de Janeiro - RJ,Pleno,5072,9073,Remoto
294,Dados / BI,São Paulo - SP,Pleno,5330,8727,Remoto
295,Desenvolvimento Frontend,São Paulo - SP,Júnior,2591,4324,Híbrido
296,Suporte / Infraestrutura,São Paulo - SP,Pleno,5212,9277,Híbrido
297,Desenvolvimento Backend,São Paulo - SP,Júnior,2557,4595,Híbrido
298,Suporte / Infraestrutura,São Paulo - SP,Pleno,5187,9105,Remoto
299,Desenvolvimento Backend,Remoto (Brasil),Pleno,5334,9319,Remoto
300,Suporte / Infraestrutura,São Paulo - SP,Pleno,5060,9344,Híbrido
301,Suporte / Infraestrutura,São Paulo - SP,Pleno,5401,8761,Remoto
302,Desenvolvimento Backend,Remoto (Brasil),Júnior,2680,4469,Presencial
303,Desenvolvimento Backend,Remoto (Brasil),Sênior,9783,16643,Híbrido
304,Desenvolvimento Frontend,Rio de Janeiro - RJ,Pleno,5346,8952,Remoto
305,Dados / BI,São Paulo - SP,Sênior,9595,16125,Remoto
306,Dados / BI,São Paulo - SP,Sênior,10250,15490,Remoto
307,Suporte / Infraestrutura,Remoto (Brasil),Júnior,2568,4485,Híbrido
308,Dados / BI,São Paulo - SP,Pleno,5023,8651,Remoto
309,Suporte / Infraestrutura,São Paulo - SP,Sênior,9707,16710,Híbrido
310,Desenvolvimento Backend,São Paulo - SP,Pleno,5462,9214,Remoto
311,Desenvolvimento Backend,São Paulo - SP,Júnior,2554,4564,Remoto
312,Dados / BI,Remoto (Brasil),Júnior,2720,4536,Remoto
313,Desenvolvimento Backend,São Paulo - SP,Júnior,2594,4771,Híbrido
314,Dados / BI,São Paulo - SP,Pleno,5225,8909,Remoto
315,Desenvolvimento Frontend,São Paulo - SP,Pleno,5301,9297,Remoto
316,Dados / BI,São Paulo - SP,Pleno,5307,9288,Híbrido
317,Desenvolvimento Backend,São Paulo - SP,Pleno,5151,9211,Remoto
318,Suporte / Infraestrutura,Rio de Janeiro - RJ,Pleno,5270,9460,Presencial
319,Suporte / Infraestrutura,São Paulo - SP,Júnior,2674,4408,Remoto
320,Desenvolvimento Frontend,São Paulo - SP,Júnior,2515,4724,Remoto
321,Desenvolvimento Backend,Remoto (Brasil),Pleno,5142,8635,Híbrido
322,Desenvolvimento Backend,Remoto (Brasil),Pleno,5329,8617,Remoto
323,Desenvolvimento Backend,Rio de Janeiro - RJ,Júnior,2656,4631,Híbrido
324,Dados / BI,Remoto (Brasil),Júnior,2743,4497,Híbrido
325,Suporte / Infraestrutura,Remoto (Brasil),Pleno,5060,9339,Remoto
326,Desenvolvimento Frontend,São Paulo - SP,Pleno,5254,9016,Remoto
327,Dados / BI,São Paulo - SP,Sênior,10415,16475,Híbrido
328,Desenvolvimento Frontend,Remoto (Brasil),Sênior,9750,15394,Híbrido
329,Desenvolvimento Frontend,São Paulo - SP,Pleno,5214,8779,Híbrido
330,Desenvolvimento Backend,Remoto (Brasil),Pleno,5026,8733,Presencial
331,Desenvolvimento Frontend,São Paulo - SP,Júnior,2522,4603,Híbrido
332,Suporte / Infraestrutura,São Paulo - SP,Júnior,2748,4572,Remoto
333,Suporte / Infraestrutura,São Paulo - SP,Júnior,2588,4645,Híbrido
334,Desenvolvimento Backend,Remoto (Brasil),Pleno,5157,8656,Presencial
335,Desenvolvimento Backend,São Paulo - SP,Júnior,2571,4367,Híbrido
336,Desenvolvimento Backend,Rio de Janeiro - RJ,Sênior,9586,16489,Remoto
337,Desenvolvimento Backend,São Paulo - SP,Pleno,5493,8683,Remoto
338,Suporte / Infraestrutura,São Paulo - SP,Júnior,2551,4389,Remoto
339,Desenvolvimento Backend,Remoto (Brasil),Júnior,2591,4714,Remoto
340,Dados / BI,São Paulo - SP,Júnior,2680,4676,Remoto
341,Dados / BI,Rio de Janeiro - RJ,Júnior,2631,4345,Presencial
342,Desenvolvimento Backend,Remoto (Brasil),Pleno,5048,9023,Remoto
343,Desenvolvimento Frontend,São Paulo - SP,Júnior,2550,4741,Remoto
344,Desenvolvimento Backend,Remoto (Brasil),Sênior,9954,16957,Remoto
345,Desenvolvimento Frontend,São Paulo - SP,Pleno,5370,8954,Remoto
346,Desenvolvimento Backend,São Paulo - SP,Júnior,2726,4396,Remoto
347,Desenvolvimento Backend,Remoto (Brasil),Júnior,2571,4516,Remoto
348,Suporte / Infraestrutura,Rio de Janeiro - RJ,Pleno,5009,8941,Remoto
349,Desenvolvimento Backend,São Paulo - SP,Júnior,2569,4412,Híbrido
350,Suporte / Infraestrutura,São Paulo - SP,Júnior,2649,4439,Remoto
351,Suporte / Infraestrutura,Remoto (Brasil),Sênior,10254,15414,Presencial
352,Desenvolvimento Frontend,Rio de Janeiro - RJ,Júnior,2560,4623,Presencial
353,Suporte / Infraestrutura,São Paulo - SP,Pleno,5096,9406,Remoto
354,Desenvolvimento Frontend,Remoto (Brasil),Pleno,5010,9089,Híbrido
355,Desenvolvimento Backend,Remoto (Brasil),Sênior,9831,15421,Presencial
356,Desenvolvimento Frontend,Remoto (Brasil),Pleno,5482,9228,Remoto
357,Dados / BI,Rio de Janeiro - RJ,Pleno,5223,9360,Remoto
358,Dados / BI,Rio de Janeiro - RJ,Júnior,2578,4695,Remoto
359,Suporte / Infraestrutura,Remoto (Brasil),Pleno,5435,9339,Remoto
360,Desenvolvimento Backend,Remoto (Brasil),Pleno,5327,9129,Remoto
361,Suporte / Infraestrutura,Rio de Janeiro - RJ,Júnior,2726,4365,Remoto
362,Dados / BI,Remoto (Brasil),Júnior,2701,4375,Híbrido
363,Desenvolvimento Frontend,São Paulo - SP,Sênior,10004,16075,Remoto
364,Desenvolvimento Frontend,São Paulo - SP,Sênior,9801,15341,Remoto
365,Suporte / Infraestrutura,Rio de Janeiro - RJ,Pleno,5280,9469,Remoto
366,Desenvolvimento Backend,Rio de Janeiro - RJ,Pleno,5222,8710,Híbrido
367,Desenvolvimento Backend,São Paulo - SP,Pleno,5135,9226,Remoto
368,Desenvolvimento Backend,São Paulo - SP,Pleno,5027,8919,Híbrido
369,Suporte / Infraestrutura,Remoto (Brasil),Júnior,2663,4469,Híbrido
370,Desenvolvimento Frontend,São Paulo - SP,Júnior,2664,4598,Remoto
371,Desenvolvimento Backend,São Paulo - SP,Pleno,5115,9407,Remoto
372,Dados / BI,São Paulo - SP,Pleno,5497,9324,Híbrido
373,Suporte / Infraestrutura,São Paulo - SP,Júnior,2601,4782,Presencial
374,Suporte / Infraestrutura,Rio de Janeiro - RJ,Sênior,9671,15733,Remoto
375,Desenvolvimento Backend,São Paulo - SP,Júnior,2710,4641,Remoto
376,Desenvolvimento Frontend,São Paulo - SP,Júnior,2570,4586,Remoto
377,Suporte / Infraestrutura,Rio de Janeiro - RJ,Pleno,5388,8652,Remoto
378,Desenvolvimento Backend,Remoto (Brasil),Pleno,5242,8588,Remoto
379,Suporte / Infraestrutura,São Paulo - SP,Júnior,2560,4345,Híbrido
380,Dados / BI,Rio de Janeiro - RJ,Júnior,2625,4759,Remoto
381,Dados / BI,São Paulo - SP,Sênior,9828,15851,Presencial
382,Desenvolvimento Frontend,São Paulo - SP,Pleno,5264,9438,Remoto
383,Suporte / Infraestrutura,São Paulo - SP,Júnior,2717,4588,Presencial
384,Desenvolvimento Backend,São Paulo - SP,Júnior,2508,4553,Remoto
385,Dados / BI,São Paulo - SP,Pleno,5472,8676,Híbrido
386,Desenvolvimento Frontend,São Paulo - SP,Sênior,10100,16429,Presencial
387,Suporte / Infraestrutura,São Paulo - SP,Júnior,2512,4403,Remoto
388,Suporte / Infraestrutura,São Paulo - SP,Pleno,5262,8570,Híbrido
389,Dados / BI,São Paulo - SP,Júnior,2706,4476,Remoto
390,Dados / BI,São Paulo - SP,Júnior,2633,4742,Remoto
391,Desenvolvimento Frontend,São Paulo - SP,Júnior,2570,4647,Remoto
392,Suporte / Infraestrutura,Rio de Janeiro - RJ,Júnior,2514,4732,Híbrido
393,Desenvolvimento Frontend,São Paulo - SP,Sênior,9765,16157,Híbrido
394,Suporte / Infraestrutura,Remoto (Brasil),Pleno,5401,9037,Presencial
395,Desenvolvimento Backend,Remoto (Brasil),Júnior,2524,4561,Presencial
396,Desenvolvimento Backend,São Paulo - SP,Pleno,5113,8913,Remoto
397,Suporte / Infraestrutura,São Paulo - SP,Sênior,9981,15409,Presencial
398,Suporte / Infraestrutura,Rio de Janeiro - RJ,Júnior,2513,4765,Remoto
399,Desenvolvimento Frontend,São Paulo - SP,Sênior,9968,15593,Híbrido
400,Desenvolvimento Backend,Remoto (Brasil),Pleno,5002,9012,Híbrido
401,Dados / BI,São Paulo - SP,Júnior,2657,4542,Remoto
402,Suporte / Infraestrutura,Remoto (Brasil),Pleno,5486,8564,Remoto
403,Desenvolvimento Frontend,São Paulo - SP,Júnior,2526,4516,Remoto
404,Desenvolvimento Frontend,São Paulo - SP,Pleno,5305,9086,Híbrido
405,Desenvolvimento Backend,São Paulo - SP,Sênior,10331,16126,Remoto
406,Dados / BI,São Paulo - SP,Pleno,5063,8925,Remoto
407,Desenvolvimento Backend,São Paulo - SP,Júnior,2512,4658,Remoto
408,Desenvolvimento Backend,Rio de Janeiro - RJ,Pleno,5242,9268,Híbrido
409,Desenvolvimento Backend,São Paulo - SP,Júnior,2655,4678,Remoto
410,Desenvolvimento Backend,São Paulo - SP,Júnior,2550,4631,Híbrido
411,Desenvolvimento Backend,São Paulo - SP,Júnior,2627,4786,Remoto
412,Desenvolvimento Frontend,Remoto (Brasil),Júnior,2646,4662,Híbrido
413,Desenvolvimento Backend,Remoto (Brasil),Pleno,5233,8853,Presencial
414,Desenvolvimento Frontend,São Paulo - SP,Júnior,2673,4480,Remoto
415,Suporte / Infraestrutura,São Paulo - SP,Pleno,5168,8916,Híbrido
416,Desenvolvimento Backend,Remoto (Brasil),Pleno,5492,9017,Híbrido
417,Desenvolvimento Backend,São Paulo - SP,Júnior,2678,4691,Presencial
418,Dados / BI,São Paulo - SP,Pleno,5224,8735,Híbrido
419,Desenvolvimento Backend,São Paulo - SP,Sênior,9951,15394,Presencial
420,Desenvolvimento Frontend,Remoto (Brasil),Pleno,5316,8647,Remoto
421,Desenvolvimento Backend,Remoto (Brasil),Sênior,10127,15411,Presencial
422,Desenvolvimento Backend,São Paulo - SP,Júnior,2625,4484,Híbrido
423,Desenvolvimento Frontend,Remoto (Brasil),Sênior,9580,16240,Remoto
424,Desenvolvimento Frontend,Remoto (Brasil),Pleno,5009,8655,Híbrido
425,Dados / BI,Remoto (Brasil),Pleno,5455,9070,Híbrido
426,Dados / BI,Rio de Janeiro - RJ,Júnior,2696,4637,Remoto
427,Dados / BI,São Paulo - SP,Júnior,2590,4744,Remoto
428,Dados / BI,São Paulo - SP,Júnior,2683,4700,Remoto
429,Suporte / Infraestrutura,São Paulo - SP,Sênior,9720,16236,Híbrido
430,Desenvolvimento Backend,São Paulo - SP,Pleno,5344,9152,Presencial
431,Suporte / Infraestrutura,São Paulo - SP,Pleno,5283,8993,Híbrido
432,Suporte / Infraestrutura,São Paulo - SP,Pleno,5307,9170,Remoto
433,Desenvolvimento Backend,São Paulo - SP,Júnior,2706,4388,Híbrido
434,Desenvolvimento Backend,Remoto (Brasil),Pleno,5283,9197,Híbrido
435,Suporte / Infraestrutura,São Paulo - SP,Júnior,2681,4652,Remoto
436,Dados / BI,São Paulo - SP,Pleno,5292,9233,Remoto
437,Suporte / Infraestrutura,Remoto (Brasil),Pleno,5102,8823,Remoto
438,Suporte / Infraestrutura,Remoto (Brasil),Pleno,5151,8758,Remoto
439,Dados / BI,São Paulo - SP,Pleno,5442,8779,Presencial
440,Suporte / Infraestrutura,Rio de Janeiro - RJ,Sênior,10201,15940,Remoto
441,Suporte / Infraestrutura,São Paulo - SP,Sênior,10391,16207,Remoto
442,Dados / BI,Rio de Janeiro - RJ,Pleno,5095,8727,Remoto
443,Desenvolvimento Backend,São Paulo - SP,Júnior,2649,4753,Remoto
444,Dados / BI,São Paulo - SP,Júnior,2738,4640,Híbrido
445,Desenvolvimento Backend,Remoto (Brasil),Júnior,2547,4586,Remoto
446,Desenvolvimento Backend,São Paulo - SP,Pleno,5169,8919,Híbrido
447,Desenvolvimento Backend,Remoto (Brasil),Sênior,10128,16572,Remoto
448,Dados / BI,São Paulo - SP,Júnior,2565,4596,Híbrido
449,Desenvolvimento Backend,Rio de Janeiro - RJ,Júnior,2729,4653,Híbrido
450,Desenvolvimento Backend,Remoto (Brasil),Júnior,2661,4716,Presencial
451,Suporte / Infraestrutura,São Paulo - SP,Pleno,5222,9212,Remoto
452,Suporte / Infraestrutura,São Paulo - SP,Júnior,2513,4411,Remoto
453,Desenvolvimento Frontend,São Paulo - SP,Pleno,5161,8567,Híbrido
454,Suporte / Infraestrutura,São Paulo - SP,Pleno,5023,9267,Híbrido
455,Suporte / Infraestrutura,São Paulo - SP,Sênior,9890,16109,Híbrido
456,Dados / BI,São Paulo - SP,Pleno,5408,9419,Híbrido
457,Dados / BI,Remoto (Brasil),Júnior,2501,4613,Remoto
458,Desenvolvimento Backend,Rio de Janeiro - RJ,Sênior,9645,15629,Híbrido
459,Suporte / Infraestrutura,São Paulo - SP,Júnior,2692,4797,Híbrido
460,Suporte / Infraestrutura,Rio de Janeiro - RJ,Júnior,2648,4569,Remoto
461,Desenvolvimento Frontend,Remoto (Brasil),Sênior,9825,16295,Híbrido
462,Suporte / Infraestrutura,São Paulo - SP,Júnior,2580,4446,Híbrido
463,Suporte / Infraestrutura,Remoto (Brasil),Pleno,5228,8917,Presencial
464,Desenvolvimento Backend,Remoto (Brasil),Júnior,2637,4420,Híbrido
465,Desenvolvimento Backend,Remoto (Brasil),Pleno,5393,9154,Híbrido
466,Desenvolvimento Frontend,São Paulo - SP,Pleno,5396,8702,Híbrido
467,Dados / BI,Rio de Janeiro - RJ,Pleno,5257,8560,Remoto
468,Dados / BI,São Paulo - SP,Pleno,5446,8699,Híbrido
469,Dados / BI,São Paulo - SP,Júnior,2559,4341,Presencial
470,Suporte / Infraestrutura,São Paulo - SP,Pleno,5052,9270,Remoto
471,Desenvolvimento Backend,Remoto (Brasil),Pleno,5459,9405,Remoto
472,Dados / BI,Rio de Janeiro - RJ,Pleno,5246,9458,Remoto
473,Desenvolvimento Frontend,Rio de Janeiro - RJ,Júnior,2547,4400,Híbrido
474,Desenvolvimento Backend,São Paulo - SP,Pleno,5245,9040,Remoto
475,Dados / BI,Remoto (Brasil),Pleno,5082,8687,Remoto
476,Suporte / Infraestrutura,Rio de Janeiro - RJ,Pleno,5207,9163,Remoto
477,Desenvolvimento Backend,São Paulo - SP,Pleno,5246,8724,Híbrido
478,Suporte / Infraestrutura,São Paulo - SP,Júnior,2675,4495,Remoto
479,Dados / BI,Rio de Janeiro - RJ,Pleno,5465,9066,Híbrido
480,Desenvolvimento Frontend,Remoto (Brasil),Júnior,2700,4592,Híbrido
481,Suporte / Infraestrutura,Rio de Janeiro - RJ,Pleno,5000,9468,Presencial
482,Desenvolvimento Frontend,São Paulo - SP,Pleno,5480,9371,Remoto
483,Desenvolvimento Backend,Remoto (Brasil),Sênior,10431,15471,Híbrido
484,Desenvolvimento Backend,São Paulo - SP,Pleno,5060,9082,Remoto
485,Dados / BI,São Paulo - SP,Pleno,5133,9425,Híbrido
486,Desenvolvimento Frontend,São Paulo - SP,Sênior,9994,15666,Híbrido
487,Desenvolvimento Backend,São Paulo - SP,Júnior,2721,4657,Remoto
488,Dados / BI,Remoto (Brasil),Sênior,10320,16427,Híbrido
489,Desenvolvimento Backend,Rio de Janeiro - RJ,Pleno,5307,8995,Híbrido
490,Dados / BI,São Paulo - SP,Sênior,9910,16557,Remoto
491,Desenvolvimento Backend,São Paulo - SP,Pleno,5411,9080,Híbrido
492,Desenvolvimento Backend,Remoto (Brasil),Júnior,2509,4504,Presencial
493,Dados / BI,Rio de Janeiro - RJ,Júnior,2601,4527,Híbrido
494,Desenvolvimento Frontend,São Paulo - SP,Pleno,5298,8906,Remoto
495,Desenvolvimento Frontend,Remoto (Brasil),Júnior,2544,4528,Presencial
496,Suporte / Infraestrutura,Remoto (Brasil),Sênior,10397,16401,Híbrido
497,Desenvolvimento Frontend,São Paulo - SP,Pleno,5492,9344,Remoto
498,Dados / BI,São Paulo - SP,Sênior,9725,16686,Híbrido
499,Suporte / Infraestrutura,São Paulo - SP,Júnior,2602,4664,Híbrido
500,Suporte / Infraestrutura,Remoto (Brasil),Sênior,9775,15674,Híbrido
501,Desenvolvimento Backend,Rio de Janeiro - RJ,Júnior,2551,4747,Presencial
502,Suporte / Infraestrutura,Remoto (Brasil),Pleno,5314,8556,Híbrido
503,Desenvolvimento Frontend,Remoto (Brasil),Sênior,10389,15862,Remoto
504,Desenvolvimento Frontend,São Paulo - SP,Pleno,5276,8583,Híbrido
505,Desenvolvimento Backend,São Paulo - SP,Pleno,5006,9240,Presencial
506,Suporte / Infraestrutura,São Paulo - SP,Júnior,2568,4561,Remoto
507,Desenvolvimento Frontend,Rio de Janeiro - RJ,Pleno,5186,9424,Presencial
508,Suporte / Infraestrutura,Rio de Janeiro - RJ,Sênior,10238,15852,Híbrido
509,Desenvolvimento Frontend,Rio de Janeiro - RJ,Pleno,5004,8730,Remoto
510,Dados / BI,Rio de Janeiro - RJ,Pleno,5203,8651,Híbrido
511,Desenvolvimento Frontend,Remoto (Brasil),Pleno,5171,8816,Remoto
512,Dados / BI,São Paulo - SP,Sênior,9703,16481,Híbrido
513,Desenvolvimento Frontend,Rio de Janeiro - RJ,Pleno,5455,8630,Presencial
514,Dados / BI,São Paulo - SP,Sênior,9931,16592,Remoto
515,Dados / BI,São Paulo - SP,Pleno,5363,8823,Híbrido
516,Suporte / Infraestrutura,Rio de Janeiro - RJ,Pleno,5085,8738,Remoto
517,Desenvolvimento Frontend,São Paulo - SP,Pleno,5107,8720,Híbrido
518,Desenvolvimento Backend,Rio de Janeiro - RJ,Pleno,5391,8635,Remoto
519,Dados / BI,Remoto (Brasil),Pleno,5064,8684,Híbrido
520,Suporte / Infraestrutura,Rio de Janeiro - RJ,Júnior,2621,4559,Presencial
521,Dados / BI,São Paulo - SP,Júnior,2652,4553,Híbrido
522,Desenvolvimento Frontend,Remoto (Brasil),Júnior,2578,4507,Remoto
523,Desenvolvimento Frontend,Remoto (Brasil),Sênior,9852,15887,Remoto
524,Suporte / Infraestrutura,São Paulo - SP,Sênior,10111,15773,Remoto
525,Desenvolvimento Frontend,Remoto (Brasil),Pleno,5199,9398,Híbrido
526,Desenvolvimento Backend,São Paulo - SP,Pleno,5355,9251,Remoto
527,Desenvolvimento Frontend,São Paulo - SP,Júnior,2528,4646,Remoto
528,Desenvolvimento Backend,São Paulo - SP,Júnior,2636,4331,Remoto
529,Desenvolvimento Backend,Remoto (Brasil),Júnior,2523,4397,Remoto
530,Suporte / Infraestrutura,São Paulo - SP,Sênior,9974,16727,Remoto
531,Suporte / Infraestrutura,Rio de Janeiro - RJ,Pleno,5092,8746,Presencial
532,Desenvolvimento Backend,São Paulo - SP,Pleno,5499,9003,Híbrido
533,Desenvolvimento Frontend,São Paulo - SP,Pleno,5106,9034,Híbrido
534,Desenvolvimento Backend,São Paulo - SP,Júnior,2623,4646,Remoto
535,Dados / BI,Rio de Janeiro - RJ,Júnior,2703,4461,Híbrido
536,Suporte / Infraestrutura,Rio de Janeiro - RJ,Pleno,5079,8930,Remoto
537,Desenvolvimento Backend,São Paulo - SP,Sênior,10277,16580,Remoto
538,Suporte / Infraestrutura,São Paulo - SP,Sênior,10307,16620,Remoto
539,Desenvolvimento Frontend,São Paulo - SP,Sênior,9996,16747,Híbrido
540,Dados / BI,São Paulo - SP,Pleno,5444,9401,Remoto
541,Dados / BI,São Paulo - SP,Júnior,2500,4717,Híbrido
542,Suporte / Infraestrutura,São Paulo - SP,Pleno,5337,9101,Remoto
543,Desenvolvimento Backend,São Paulo - SP,Pleno,5164,8663,Presencial
544,Dados / BI,São Paulo - SP,Pleno,5050,8582,Remoto
545,Desenvolvimento Backend,Rio de Janeiro - RJ,Pleno,5006,9493,Remoto
546,Suporte / Infraestrutura,São Paulo - SP,Sênior,10341,16055,Remoto
547,Suporte / Infraestrutura,São Paulo - SP,Júnior,2741,4430,Remoto
548,Dados / BI,Rio de Janeiro - RJ,Júnior,2668,4447,Remoto
549,Dados / BI,São Paulo - SP,Júnior,2617,4679,Híbrido
550,Desenvolvimento Frontend,São Paulo - SP,Pleno,5273,9164,Presencial
551,Desenvolvimento Frontend,Remoto (Brasil),Pleno,5422,9293,Híbrido
552,Desenvolvimento Frontend,Rio de Janeiro - RJ,Júnior,2746,4551,Presencial
553,Desenvolvimento Backend,Remoto (Brasil),Pleno,5455,8859,Remoto
554,Dados / BI,São Paulo - SP,Pleno,5141,9491,Remoto
555,Desenvolvimento Backend,São Paulo - SP,Júnior,2649,4447,Híbrido
556,Desenvolvimento Frontend,Remoto (Brasil),Júnior,2583,4725,Remoto
557,Suporte / Infraestrutura,São Paulo - SP,Pleno,5399,8607,Presencial
558,Suporte / Infraestrutura,São Paulo - SP,Sênior,10265,16636,Remoto
559,Desenvolvimento Frontend,Remoto (Brasil),Pleno,5076,8884,Híbrido
560,Dados / BI,São Paulo - SP,Sênior,10270,16518,Remoto
561,Dados / BI,São Paulo - SP,Júnior,2521,4563,Remoto
562,Desenvolvimento Backend,Rio de Janeiro - RJ,Sênior,9633,16860,Híbrido
563,Desenvolvimento Backend,São Paulo - SP,Sênior,10036,15804,Remoto
564,Desenvolvimento Frontend,Remoto (Brasil),Júnior,2548,4484,Híbrido
565,Desenvolvimento Backend,Rio de Janeiro - RJ,Pleno,5074,9001,Remoto
566,Desenvolvimento Backend,São Paulo - SP,Júnior,2689,4347,Híbrido
567,Desenvolvimento Backend,Rio de Janeiro - RJ,Pleno,5011,8889,Híbrido
568,Desenvolvimento Backend,São Paulo - SP,Júnior,2678,4662,Remoto
569,Desenvolvimento Backend,Remoto (Brasil),Sênior,10132,15855,Remoto
570,Desenvolvimento Backend,São Paulo - SP,Pleno,5442,8660,Presencial
571,Dados / BI,Rio de Janeiro - RJ,Júnior,2721,4625,Presencial
572,Suporte / Infraestrutura,São Paulo - SP,Pleno,5020,8803,Híbrido
573,Desenvolvimento Backend,Remoto (Brasil),Pleno,5181,9190,Presencial
574,Desenvolvimento Backend,São Paulo - SP,Júnior,2642,4463,Híbrido
575,Dados / BI,São Paulo - SP,Pleno,5446,9190,Remoto
576,Desenvolvimento Backend,Rio de Janeiro - RJ,Pleno,5229,9105,Remoto
577,Suporte / Infraestrutura,São Paulo - SP,Pleno,5069,8990,Remoto
578,Suporte / Infraestrutura,São Paulo - SP,Pleno,5094,8875,Presencial
579,Suporte / Infraestrutura,São Paulo - SP,Pleno,5226,9313,Remoto
580,Dados / BI,São Paulo - SP,Sênior,10131,15846,Híbrido
581,Desenvolvimento Frontend,São Paulo - SP,Pleno,5244,8687,Presencial
582,Desenvolvimento Backend,Rio de Janeiro - RJ,Júnior,2549,4435,Remoto
583,Desenvolvimento Backend,Remoto (Brasil),Júnior,2552,4353,Presencial
584,Dados / BI,São Paulo - SP,Pleno,5397,8592,Híbrido
585,Dados / BI,Rio de Janeiro - RJ,Sênior,9543,15803,Híbrido
586,Desenvolvimento Frontend,Rio de Janeiro - RJ,Júnior,2574,4545,Remoto
587,Desenvolvimento Backend,Remoto (Brasil),Júnior,2632,4782,Híbrido
588,Desenvolvimento Frontend,Rio de Janeiro - RJ,Pleno,5069,8952,Híbrido
589,Desenvolvimento Backend,São Paulo - SP,Júnior,2616,4366,Remoto
590,Desenvolvimento Frontend,Remoto (Brasil),Júnior,2634,4682,Híbrido
591,Desenvolvimento Backend,São Paulo - SP,Pleno,5337,9433,Remoto
592,Dados / BI,Remoto (Brasil),Sênior,9956,15891,Remoto
593,Desenvolvimento Frontend,Rio de Janeiro - RJ,Júnior,2627,4757,Remoto
594,Dados / BI,Rio de Janeiro - RJ,Pleno,5226,8631,Remoto
595,Desenvolvimento Backend,Remoto (Brasil),Sênior,9712,15400,Remoto
596,Desenvolvimento Backend,São Paulo - SP,Pleno,5429,9167,Remoto
597,Dados / BI,São Paulo - SP,Pleno,5312,9226,Remoto
598,Desenvolvimento Backend,São Paulo - SP,Júnior,2597,4739,Híbrido
599,Desenvolvimento Frontend,Rio de Janeiro - RJ,Sênior,9837,16379,Remoto
600,Desenvolvimento Frontend,Remoto (Brasil),Sênior,10041,15479,Híbrido
601,Dados / BI,Remoto (Brasil),Júnior,2533,4634,Híbrido
602,Dados / BI,São Paulo - SP,Júnior,2506,4558,Presencial
603,Dados / BI,Remoto (Brasil),Júnior,2643,4732,Remoto
604,Desenvolvimento Frontend,São Paulo - SP,Júnior,2629,4601,Remoto
605,Suporte / Infraestrutura,São Paulo - SP,Pleno,5491,8579,Presencial
606,Desenvolvimento Backend,São Paulo - SP,Pleno,5018,9211,Presencial
607,Desenvolvimento Frontend,São Paulo - SP,Júnior,2700,4736,Híbrido
608,Suporte / Infraestrutura,São Paulo - SP,Pleno,5169,9368,Presencial
609,Desenvolvimento Backend,São Paulo - SP,Pleno,5273,9412,Híbrido
610,Desenvolvimento Frontend,São Paulo - SP,Júnior,2605,4364,Presencial
611,Desenvolvimento Frontend,São Paulo - SP,Pleno,5089,8664,Remoto
612,Desenvolvimento Backend,São Paulo - SP,Pleno,5256,8707,Híbrido
613,Dados / BI,São Paulo - SP,Sênior,10341,16357,Remoto
614,Desenvolvimento Backend,São Paulo - SP,Sênior,9618,15308,Presencial
615,Suporte / Infraestrutura,São Paulo - SP,Sênior,9605,16366,Remoto
616,Desenvolvimento Frontend,São Paulo - SP,Júnior,2581,4715,Remoto
617,Desenvolvimento Backend,Rio de Janeiro - RJ,Sênior,10073,16352,Remoto
618,Desenvolvimento Backend,São Paulo - SP,Júnior,2562,4407,Remoto
619,Desenvolvimento Backend,São Paulo - SP,Pleno,5054,8942,Híbrido
620,Dados / BI,Remoto (Brasil),Sênior,10230,16853,Híbrido
621,Dados / BI,Remoto (Brasil),Pleno,5233,8867,Remoto
622,Desenvolvimento Backend,São Paulo - SP,Júnior,2593,4520,Remoto
623,Desenvolvimento Backend,São Paulo - SP,Júnior,2618,4753,Híbrido
624,Dados / BI,Rio de Janeiro - RJ,Pleno,5054,8883,Híbrido
625,Desenvolvimento Backend,Rio de Janeiro - RJ,Júnior,2562,4600,Remoto
626,Suporte / Infraestrutura,Rio de Janeiro - RJ,Pleno,5222,9130,Remoto
627,Desenvolvimento Frontend,Rio de Janeiro - RJ,Júnior,2524,4740,Híbrido
628,Dados / BI,Remoto (Brasil),Sênior,9835,16312,Híbrido
629,Desenvolvimento Backend,São Paulo - SP,Sênior,10151,16958,Remoto
630,Desenvolvimento Backend,Remoto (Brasil),Pleno,5228,8750,Presencial
631,Suporte / Infraestrutura,São Paulo - SP,Pleno,5468,8902,Presencial
632,Dados / BI,Rio de Janeiro - RJ,Sênior,9554,15301,Remoto
633,Desenvolvimento Frontend,São Paulo - SP,Pleno,5162,9278,Híbrido
634,Suporte / Infraestrutura,São Paulo - SP,Júnior,2598,4751,Remoto
635,Desenvolvimento Frontend,São Paulo - SP,Júnior,2684,4773,Híbrido
636,Dados / BI,São Paulo - SP,Pleno,5403,9262,Híbrido
637,Dados / BI,São Paulo - SP,Júnior,2547,4537,Remoto
638,Dados / BI,Rio de Janeiro - RJ,Júnior,2750,4339,Remoto
639,Desenvolvimento Backend,Rio de Janeiro - RJ,Sênior,10268,16895,Híbrido
640,Dados / BI,São Paulo - SP,Sênior,9579,16700,Híbrido
641,Dados / BI,São Paulo - SP,Pleno,5463,9030,Remoto
642,Dados / BI,Rio de Janeiro - RJ,Sênior,10267,15922,Híbrido
643,Desenvolvimento Backend,São Paulo - SP,Júnior,2688,4639,Presencial
644,Suporte / Infraestrutura,Rio de Janeiro - RJ,Júnior,2571,4460,Remoto
645,Suporte / Infraestrutura,Remoto (Brasil),Júnior,2614,4509,Híbrido
646,Dados / BI,São Paulo - SP,Júnior,2521,4394,Híbrido
647,Desenvolvimento Backend,São Paulo - SP,Pleno,5326,8721,Remoto
648,Suporte / Infraestrutura,São Paulo - SP,Pleno,5243,9314,Remoto
649,Suporte / Infraestrutura,São Paulo - SP,Pleno,5147,9499,Remoto
650,Dados / BI,São Paulo - SP,Júnior,2716,4541,Híbrido
651,Dados / BI,Rio de Janeiro - RJ,Pleno,5236,9341,Remoto
652,Dados / BI,São Paulo - SP,Júnior,2640,4325,Remoto
653,Desenvolvimento Backend,São Paulo - SP,Pleno,5112,9292,Híbrido
654,Desenvolvimento Backend,São Paulo - SP,Pleno,5457,9405,Presencial
655,Dados / BI,São Paulo - SP,Pleno,5460,9213,Remoto
656,Desenvolvimento Frontend,Remoto (Brasil),Pleno,5038,9204,Remoto
657,Desenvolvimento Frontend,São Paulo - SP,Júnior,2515,4515,Remoto
658,Desenvolvimento Frontend,Rio de Janeiro - RJ,Sênior,9705,16549,Remoto
659,Desenvolvimento Backend,Remoto (Brasil),Sênior,10232,15830,Híbrido
660,Dados / BI,São Paulo - SP,Júnior,2627,4396,Remoto
661,Desenvolvimento Backend,Remoto (Brasil),Júnior,2600,4614,Presencial
662,Desenvolvimento Backend,São Paulo - SP,Sênior,10053,15762,Híbrido
663,Desenvolvimento Backend,São Paulo - SP,Pleno,5490,9212,Híbrido
664,Desenvolvimento Backend,Rio de Janeiro - RJ,Júnior,2598,4658,Remoto
665,Desenvolvimento Backend,São Paulo - SP,Pleno,5071,8586,Remoto
666,Suporte / Infraestrutura,Remoto (Brasil),Júnior,2636,4747,Remoto
667,Suporte / Infraestrutura,São Paulo - SP,Júnior,2530,4428,Presencial
668,Desenvolvimento Frontend,São Paulo - SP,Júnior,2667,4329,Remoto
669,Desenvolvimento Frontend,Rio de Janeiro - RJ,Júnior,2703,4369,Remoto
670,Desenvolvimento Backend,Rio de Janeiro - RJ,Pleno,5032,9373,Remoto
671,Suporte / Infraestrutura,São Paulo - SP,Pleno,5164,9406,Remoto
672,Desenvolvimento Backend,Rio de Janeiro - RJ,Júnior,2693,4532,Remoto
673,Dados / BI,São Paulo - SP,Júnior,2702,4753,Remoto
674,Dados / BI,São Paulo - SP,Sênior,10223,16634,Híbrido
675,Desenvolvimento Frontend,São Paulo - SP,Pleno,5267,9011,Remoto
676,Suporte / Infraestrutura,Remoto (Brasil),Sênior,10142,16992,Remoto
677,Suporte / Infraestrutura,São Paulo - SP,Sênior,10133,16041,Remoto
678,Desenvolvimento Frontend,São Paulo - SP,Júnior,2716,4786,Presencial
679,Desenvolvimento Backend,São Paulo - SP,Júnior,2553,4542,Remoto
680,Dados / BI,Rio de Janeiro - RJ,Júnior,2507,4568,Remoto
681,Suporte / Infraestrutura,São Paulo - SP,Pleno,5382,9243,Remoto
682,Suporte / Infraestrutura,Remoto (Brasil),Pleno,5102,8934,Híbrido
683,Desenvolvimento Frontend,Rio de Janeiro - RJ,Júnior,2737,4632,Híbrido
684,Desenvolvimento Backend,São Paulo - SP,Sênior,9707,15987,Remoto
685,Desenvolvimento Backend,São Paulo - SP,Pleno,5389,8901,Híbrido
686,Dados / BI,Rio de Janeiro - RJ,Júnior,2605,4758,Remoto
687,Desenvolvimento Frontend,São Paulo - SP,Pleno,5126,8803,Remoto
688,Desenvolvimento Frontend,São Paulo - SP,Sênior,10251,16874,Remoto
689,Dados / BI,Rio de Janeiro - RJ,Pleno,5006,9259,Remoto
690,Desenvolvimento Backend,São Paulo - SP,Júnior,2622,4662,Híbrido
691,Suporte / Infraestrutura,Rio de Janeiro - RJ,Pleno,5094,9358,Remoto
692,Suporte / Infraestrutura,São Paulo - SP,Pleno,5151,8986,Híbrido
693,Suporte / Infraestrutura,São Paulo - SP,Sênior,10190,16045,Híbrido
694,Dados / BI,Rio de Janeiro - RJ,Júnior,2665,4606,Híbrido
695,Suporte / Infraestrutura,São Paulo - SP,Pleno,5385,9144,Remoto
696,Desenvolvimento Backend,São Paulo - SP,Pleno,5141,8605,Híbrido
697,Desenvolvimento Frontend,São Paulo - SP,Sênior,10421,15898,Remoto
698,Desenvolvimento Backend,São Paulo - SP,Júnior,2745,4359,Remoto
699,Desenvolvimento Frontend,Rio de Janeiro - RJ,Sênior,9523,15900,Remoto
700,Suporte / Infraestrutura,Rio de Janeiro - RJ,Júnior,2516,4331,Híbrido
701,Dados / BI,São Paulo - SP,Sênior,9997,16515,Presencial
702,Desenvolvimento Frontend,Remoto (Brasil),Sênior,9732,16291,Remoto
703,Dados / BI,Rio de Janeiro - RJ,Pleno,5082,9278,Híbrido
704,Desenvolvimento Backend,São Paulo - SP,Júnior,2560,4379,Remoto
705,Desenvolvimento Frontend,São Paulo - SP,Pleno,5017,9231,Híbrido
706,Desenvolvimento Frontend,Remoto (Brasil),Júnior,2735,4332,Remoto
707,Dados / BI,Rio de Janeiro - RJ,Pleno,5259,8889,Híbrido
708,Desenvolvimento Backend,São Paulo - SP,Sênior,9846,16711,Remoto
709,Desenvolvimento Backend,São Paulo - SP,Sênior,9956,16031,Híbrido
710,Desenvolvimento Backend,Rio de Janeiro - RJ,Sênior,9784,15700,Híbrido
711,Dados / BI,São Paulo - SP,Pleno,5028,9480,Remoto
712,Suporte / Infraestrutura,São Paulo - SP,Júnior,2589,4477,Híbrido
713,Dados / BI,São Paulo - SP,Sênior,10419,16168,Remoto
714,Desenvolvimento Backend,São Paulo - SP,Sênior,10037,15986,Híbrido
715,Dados / BI,São Paulo - SP,Júnior,2618,4683,Presencial
716,Desenvolvimento Backend,São Paulo - SP,Pleno,5421,9396,Remoto
717,Suporte / Infraestrutura,São Paulo - SP,Júnior,2744,4647,Remoto
718,Desenvolvimento Backend,Rio de Janeiro - RJ,Pleno,5125,8579,Híbrido
719,Desenvolvimento Frontend,São Paulo - SP,Sênior,10143,16704,Remoto
720,Desenvolvimento Backend,Rio de Janeiro - RJ,Júnior,2724,4674,Remoto
721,Desenvolvimento Backend,São Paulo - SP,Sênior,9549,15893,Remoto
722,Suporte / Infraestrutura,São Paulo - SP,Pleno,5278,8880,Híbrido
723,Desenvolvimento Backend,São Paulo - SP,Júnior,2535,4585,Remoto
724,Suporte / Infraestrutura,São Paulo - SP,Júnior,2548,4727,Remoto
725,Dados / BI,Remoto (Brasil),Júnior,2589,4479,Híbrido
726,Suporte / Infraestrutura,São Paulo - SP,Júnior,2577,4334,Presencial
727,Desenvolvimento Backend,Remoto (Brasil),Júnior,2532,4427,Remoto
728,Desenvolvimento Backend,São Paulo - SP,Pleno,5021,8751,Remoto
729,Suporte / Infraestrutura,São Paulo - SP,Júnior,2670,4325,Presencial
730,Suporte / Infraestrutura,Remoto (Brasil),Júnior,2523,4394,Presencial
731,Desenvolvimento Backend,São Paulo - SP,Pleno,5258,9133,Remoto
732,Suporte / Infraestrutura,São Paulo - SP,Sênior,10050,15308,Presencial
733,Dados / BI,São Paulo - SP,Pleno,5094,9000,Presencial
734,Suporte / Infraestrutura,São Paulo - SP,Pleno,5208,8665,Híbrido
735,Dados / BI,São Paulo - SP,Júnior,2573,4605,Remoto
736,Suporte / Infraestrutura,Remoto (Brasil),Pleno,5159,9253,Remoto
737,Suporte / Infraestrutura,São Paulo - SP,Júnior,2517,4778,Presencial
738,Dados / BI,Rio de Janeiro - RJ,Júnior,2612,4587,Remoto
739,Desenvolvimento Backend,Remoto (Brasil),Sênior,10259,15645,Híbrido
740,Dados / BI,Rio de Janeiro - RJ,Júnior,2714,4537,Remoto
741,Desenvolvimento Backend,São Paulo - SP,Sênior,9996,16347,Híbrido
742,Dados / BI,São Paulo - SP,Sênior,9530,15503,Remoto
743,Desenvolvimento Backend,Rio de Janeiro - RJ,Pleno,5167,8706,Remoto
744,Desenvolvimento Frontend,São Paulo - SP,Pleno,5133,9105,Remoto
745,Desenvolvimento Backend,São Paulo - SP,Pleno,5235,8586,Remoto
746,Dados / BI,São Paulo - SP,Pleno,5391,8662,Híbrido
747,Dados / BI,São Paulo - SP,Pleno,5497,8936,Remoto
748,Dados / BI,São Paulo - SP,Sênior,9857,16957,Remoto
749,Dados / BI,São Paulo - SP,Júnior,2589,4348,Remoto
750,Desenvolvimento Backend,São Paulo - SP,Pleno,5444,8862,Remoto
751,Suporte / Infraestrutura,Remoto (Brasil),Sênior,10081,16354,Híbrido
752,Dados / BI,São Paulo - SP,Pleno,5199,8880,Remoto
753,Dados / BI,Remoto (Brasil),Pleno,5173,8720,Híbrido
754,Desenvolvimento Backend,Rio de Janeiro - RJ,Júnior,2717,4594,Híbrido
755,Desenvolvimento Backend,São Paulo - SP,Sênior,10234,16484,Remoto
756,Desenvolvimento Frontend,São Paulo - SP,Júnior,2710,4474,Remoto
757,Suporte / Infraestrutura,Remoto (Brasil),Pleno,5232,9237,Híbrido
758,Suporte / Infraestrutura,São Paulo - SP,Pleno,5109,9226,Híbrido
759,Dados / BI,Remoto (Brasil),Júnior,2538,4702,Presencial
760,Desenvolvimento Backend,São Paulo - SP,Pleno,5433,8972,Híbrido
761,Desenvolvimento Backend,Remoto (Brasil),Júnior,2538,4418,Remoto
762,Desenvolvimento Backend,São Paulo - SP,Júnior,2569,4389,Híbrido
763,Desenvolvimento Backend,São Paulo - SP,Pleno,5400,8570,Remoto
764,Dados / BI,São Paulo - SP,Sênior,10418,16044,Presencial
765,Dados / BI,Remoto (Brasil),Pleno,5256,8673,Híbrido
766,Dados / BI,São Paulo - SP,Júnior,2713,4619,Remoto
767,Suporte / Infraestrutura,Remoto (Brasil),Júnior,2604,4450,Remoto
768,Dados / BI,Remoto (Brasil),Júnior,2608,4563,Híbrido
769,Dados / BI,São Paulo - SP,Júnior,2747,4783,Híbrido
770,Dados / BI,São Paulo - SP,Sênior,9871,16963,Presencial
771,Desenvolvimento Backend,São Paulo - SP,Sênior,9761,15916,Presencial
772,Suporte / Infraestrutura,Remoto (Brasil),Pleno,5162,9450,Presencial
773,Suporte / Infraestrutura,São Paulo - SP,Pleno,5211,9498,Híbrido
774,Dados / BI,Remoto (Brasil),Pleno,5416,9110,Híbrido
775,Dados / BI,Rio de Janeiro - RJ,Júnior,2602,4422,Remoto
776,Desenvolvimento Backend,Rio de Janeiro - RJ,Sênior,10164,16862,Híbrido
777,Suporte / Infraestrutura,São Paulo - SP,Júnior,2675,4623,Remoto
778,Dados / BI,Rio de Janeiro - RJ,Pleno,5427,9455,Híbrido
779,Desenvolvimento Backend,Rio de Janeiro - RJ,Sênior,9973,15706,Híbrido
780,Desenvolvimento Backend,São Paulo - SP,Júnior,2745,4508,Presencial
781,Suporte / Infraestrutura,São Paulo - SP,Júnior,2552,4417,Remoto
782,Desenvolvimento Backend,São Paulo - SP,Júnior,2555,4741,Híbrido
783,Desenvolvimento Frontend,São Paulo - SP,Sênior,9741,16565,Híbrido
784,Desenvolvimento Frontend,Rio de Janeiro - RJ,Júnior,2534,4766,Híbrido
785,Desenvolvimento Backend,Remoto (Brasil),Júnior,2524,4605,Presencial
786,Suporte / Infraestrutura,São Paulo - SP,Sênior,10112,16753,Híbrido
787,Desenvolvimento Backend,São Paulo - SP,Sênior,10187,16059,Remoto
788,Desenvolvimento Backend,São Paulo - SP,Júnior,2619,4387,Remoto
789,Desenvolvimento Backend,Remoto (Brasil),Júnior,2723,4747,Híbrido
790,Suporte / Infraestrutura,São Paulo - SP,Júnior,2580,4543,Remoto
791,Desenvolvimento Backend,São Paulo - SP,Júnior,2509,4560,Remoto
792,Desenvolvimento Frontend,São Paulo - SP,Pleno,5248,9018,Remoto
793,Suporte / Infraestrutura,São Paulo - SP,Sênior,10267,16341,Remoto
794,Suporte / Infraestrutura,São Paulo - SP,Sênior,10193,15493,Presencial
795,Suporte / Infraestrutura,Rio de Janeiro - RJ,Pleno,5475,8658,Híbrido
796,Dados / BI,Remoto (Brasil),Pleno,5321,8825,Híbrido
797,Suporte / Infraestrutura,São Paulo - SP,Júnior,2687,4695,Remoto
798,Desenvolvimento Frontend,Remoto (Brasil),Júnior,2743,4628,Presencial
799,Desenvolvimento Backend,Remoto (Brasil),Júnior,2718,4426,Remoto
800,Suporte / Infraestrutura,São Paulo - SP,Pleno,5471,8867,Híbrido
801,Dados / BI,São Paulo - SP,Sênior,9987,15849,Híbrido
802,Desenvolvimento Frontend,São Paulo - SP,Pleno,5020,9075,Presencial
803,Desenvolvimento Frontend,São Paulo - SP,Pleno,5042,8847,Remoto
804,Dados / BI,São Paulo - SP,Sênior,10361,15809,Presencial
805,Desenvolvimento Frontend,São Paulo - SP,Pleno,5211,8646,Híbrido
806,Suporte / Infraestrutura,São Paulo - SP,Pleno,5236,8733,Presencial
807,Dados / BI,Rio de Janeiro - RJ,Pleno,5232,9325,Remoto
808,Desenvolvimento Backend,Rio de Janeiro - RJ,Pleno,5446,9239,Remoto
809,Dados / BI,São Paulo - SP,Pleno,5207,9439,Híbrido
810,Suporte / Infraestrutura,Rio de Janeiro - RJ,Júnior,2548,4377,Híbrido
811,Suporte / Infraestrutura,São Paulo - SP,Pleno,5320,9428,Híbrido
812,Suporte / Infraestrutura,Rio de Janeiro - RJ,Pleno,5059,8720,Presencial
813,Suporte / Infraestrutura,Remoto (Brasil),Júnior,2645,4744,Remoto
814,Desenvolvimento Frontend,Rio de Janeiro - RJ,Pleno,5212,9418,Híbrido
815,Suporte / Infraestrutura,São Paulo - SP,Pleno,5347,9476,Híbrido
816,Suporte / Infraestrutura,Rio de Janeiro - RJ,Júnior,2516,4457,Híbrido
817,Desenvolvimento Backend,São Paulo - SP,Pleno,5223,8571,Remoto
818,Suporte / Infraestrutura,Remoto (Brasil),Sênior,9847,16533,Presencial
819,Suporte / Infraestrutura,São Paulo - SP,Pleno,5376,8918,Híbrido
820,Desenvolvimento Backend,São Paulo - SP,Pleno,5088,8754,Remoto
821,Suporte / Infraestrutura,São Paulo - SP,Júnior,2504,4503,Híbrido
822,Dados / BI,Remoto (Brasil),Júnior,2558,4381,Híbrido
823,Suporte / Infraestrutura,Remoto (Brasil),Pleno,5458,8704,Híbrido
824,Suporte / Infraestrutura,São Paulo - SP,Pleno,5499,8658,Remoto
825,Dados / BI,São Paulo - SP,Júnior,2592,4400,Remoto
826,Desenvolvimento Frontend,São Paulo - SP,Sênior,9625,15713,Remoto
827,Suporte / Infraestrutura,São Paulo - SP,Júnior,2595,4686,Híbrido
828,Suporte / Infraestrutura,Rio de Janeiro - RJ,Pleno,5470,8969,Híbrido
829,Desenvolvimento Frontend,São Paulo - SP,Pleno,5035,8636,Remoto
830,Desenvolvimento Backend,Rio de Janeiro - RJ,Sênior,9654,16476,Remoto
831,Dados / BI,São Paulo - SP,Pleno,5155,9288,Híbrido
832,Suporte / Infraestrutura,Remoto (Brasil),Júnior,2639,4639,Híbrido
833,Desenvolvimento Frontend,São Paulo - SP,Júnior,2637,4491,Remoto
834,Desenvolvimento Backend,Remoto (Brasil),Pleno,5387,9200,Remoto
835,Desenvolvimento Backend,São Paulo - SP,Júnior,2608,4578,Híbrido
836,Desenvolvimento Frontend,Remoto (Brasil),Júnior,2666,4383,Híbrido
837,Dados / BI,Remoto (Brasil),Pleno,5457,9192,Híbrido
838,Desenvolvimento Frontend,São Paulo - SP,Pleno,5071,9281,Presencial
839,Suporte / Infraestrutura,São Paulo - SP,Júnior,2682,4537,Remoto
840,Dados / BI,Remoto (Brasil),Júnior,2519,4509,Híbrido
841,Dados / BI,São Paulo - SP,Pleno,5485,9051,Híbrido
842,Desenvolvimento Backend,São Paulo - SP,Sênior,10025,16383,Remoto
843,Dados / BI,São Paulo - SP,Pleno,5471,8671,Híbrido
844,Suporte / Infraestrutura,São Paulo - SP,Júnior,2595,4476,Híbrido
845,Desenvolvimento Backend,São Paulo - SP,Pleno,5024,9465,Remoto
846,Desenvolvimento Frontend,Rio de Janeiro - RJ,Júnior,2511,4533,Híbrido
847,Desenvolvimento Frontend,Rio de Janeiro - RJ,Pleno,5390,8691,Remoto
848,Dados / BI,Remoto (Brasil),Júnior,2659,4660,Híbrido
849,Dados / BI,Remoto (Brasil),Sênior,10253,15868,Híbrido
850,Dados / BI,Rio de Janeiro - RJ,Júnior,2665,4383,Híbrido
851,Suporte / Infraestrutura,São Paulo - SP,Sênior,10034,15687,Remoto
852,Desenvolvimento Frontend,São Paulo - SP,Sênior,10359,16486,Presencial
853,Suporte / Infraestrutura,São Paulo - SP,Pleno,5212,8574,Remoto
854,Desenvolvimento Backend,Rio de Janeiro - RJ,Júnior,2536,4413,Presencial
855,Desenvolvimento Backend,São Paulo - SP,Júnior,2746,4486,Remoto
856,Suporte / Infraestrutura,Rio de Janeiro - RJ,Júnior,2596,4743,Híbrido
857,Desenvolvimento Frontend,São Paulo - SP,Pleno,5385,9066,Remoto
858,Dados / BI,Rio de Janeiro - RJ,Júnior,2507,4528,Presencial
859,Suporte / Infraestrutura,São Paulo - SP,Júnior,2642,4653,Presencial
860,Dados / BI,Remoto (Brasil),Sênior,9645,16064,Presencial
861,Suporte / Infraestrutura,Remoto (Brasil),Pleno,5021,8551,Remoto
862,Dados / BI,Rio de Janeiro - RJ,Júnior,2564,4749,Remoto
863,Desenvolvimento Frontend,São Paulo - SP,Pleno,5153,8641,Híbrido
864,Suporte / Infraestrutura,Rio de Janeiro - RJ,Pleno,5312,9066,Presencial
865,Desenvolvimento Frontend,São Paulo - SP,Júnior,2669,4484,Híbrido
866,Dados / BI,Rio de Janeiro - RJ,Pleno,5461,8559,Híbrido
867,Suporte / Infraestrutura,São Paulo - SP,Júnior,2507,4776,Presencial
868,Suporte / Infraestrutura,São Paulo - SP,Pleno,5198,8731,Presencial
869,Desenvolvimento Backend,Remoto (Brasil),Júnior,2505,4708,Híbrido
870,Suporte / Infraestrutura,Rio de Janeiro - RJ,Júnior,2750,4572,Presencial
871,Dados / BI,São Paulo - SP,Júnior,2550,4740,Híbrido
872,Dados / BI,Remoto (Brasil),Júnior,2689,4609,Remoto
873,Dados / BI,Rio de Janeiro - RJ,Sênior,10402,16371,Presencial
874,Dados / BI,São Paulo - SP,Pleno,5129,9247,Presencial
875,Desenvolvimento Backend,Remoto (Brasil),Sênior,9916,15861,Híbrido
876,Desenvolvimento Frontend,São Paulo - SP,Júnior,2571,4790,Remoto
877,Desenvolvimento Backend,São Paulo - SP,Pleno,5012,9305,Remoto
878,Desenvolvimento Frontend,São Paulo - SP,Pleno,5049,8578,Remoto
879,Suporte / Infraestrutura,Rio de Janeiro - RJ,Sênior,10352,15411,Híbrido
880,Desenvolvimento Backend,Remoto (Brasil),Júnior,2515,4789,Remoto
881,Desenvolvimento Frontend,Remoto (Brasil),Júnior,2656,4640,Remoto
882,Desenvolvimento Frontend,Remoto (Brasil),Pleno,5316,9320,Híbrido
883,Suporte / Infraestrutura,São Paulo - SP,Pleno,5173,9216,Remoto
884,Desenvolvimento Backend,São Paulo - SP,Júnior,2652,4685,Híbrido
885,Desenvolvimento Frontend,São Paulo - SP,Pleno,5371,9185,Remoto
886,Suporte / Infraestrutura,São Paulo - SP,Pleno,5491,9217,Remoto
887,Dados / BI,São Paulo - SP,Júnior,2502,4585,Remoto
888,Suporte / Infraestrutura,Remoto (Brasil),Júnior,2732,4423,Híbrido
889,Dados / BI,São Paulo - SP,Pleno,5169,9422,Remoto
890,Desenvolvimento Backend,São Paulo - SP,Sênior,9543,16315,Híbrido
891,Suporte / Infraestrutura,Remoto (Brasil),Júnior,2623,4696,Remoto
892,Desenvolvimento Backend,Rio de Janeiro - RJ,Júnior,2518,4503,Remoto
893,Suporte / Infraestrutura,Remoto (Brasil),Sênior,9868,15389,Remoto
894,Dados / BI,São Paulo - SP,Pleno,5173,9417,Remoto
895,Desenvolvimento Backend,São Paulo - SP,Júnior,2712,4666,Remoto
896,Suporte / Infraestrutura,Remoto (Brasil),Pleno,5087,9089,Remoto
897,Desenvolvimento Frontend,São Paulo - SP,Sênior,9696,16390,Presencial
898,Desenvolvimento Backend,Remoto (Brasil),Júnior,2657,4620,Remoto
899,Suporte / Infraestrutura,Remoto (Brasil),Sênior,10371,16340,Híbrido
900,Desenvolvimento Frontend,São Paulo - SP,Pleno,5085,9070,Remoto
901,Desenvolvimento Frontend,São Paulo - SP,Pleno,5366,9056,Remoto
902,Desenvolvimento Backend,São Paulo - SP,Sênior,9905,15747,Remoto
903,Dados / BI,São Paulo - SP,Pleno,5151,9005,Híbrido
904,Desenvolvimento Frontend,São Paulo - SP,Pleno,5221,8968,Remoto
905,Suporte / Infraestrutura,São Paulo - SP,Júnior,2519,4503,Remoto
906,Desenvolvimento Backend,Rio de Janeiro - RJ,Júnior,2551,4490,Remoto
907,Dados / BI,Remoto (Brasil),Júnior,2718,4705,Presencial
908,Dados / BI,Rio de Janeiro - RJ,Pleno,5207,9391,Remoto
909,Dados / BI,São Paulo - SP,Júnior,2559,4584,Híbrido
910,Desenvolvimento Frontend,Rio de Janeiro - RJ,Júnior,2697,4677,Remoto
911,Desenvolvimento Backend,Rio de Janeiro - RJ,Júnior,2741,4697,Remoto
912,Desenvolvimento Backend,Remoto (Brasil),Pleno,5353,9100,Remoto
913,Dados / BI,São Paulo - SP,Júnior,2661,4729,Remoto
914,Suporte / Infraestrutura,São Paulo - SP,Pleno,5168,9133,Híbrido
915,Desenvolvimento Backend,São Paulo - SP,Sênior,10117,16300,Remoto
916,Desenvolvimento Backend,Remoto (Brasil),Pleno,5035,9015,Remoto
917,Suporte / Infraestrutura,Remoto (Brasil),Júnior,2607,4564,Remoto
918,Dados / BI,São Paulo - SP,Pleno,5081,9168,Remoto
919,Desenvolvimento Frontend,São Paulo - SP,Júnior,2516,4742,Presencial
920,Desenvolvimento Backend,Remoto (Brasil),Pleno,5377,8643,Híbrido
921,Suporte / Infraestrutura,São Paulo - SP,Júnior,2563,4411,Híbrido
922,Suporte / Infraestrutura,Rio de Janeiro - RJ,Pleno,5022,8795,Híbrido
923,Suporte / Infraestrutura,São Paulo - SP,Júnior,2685,4689,Presencial
924,Desenvolvimento Frontend,São Paulo - SP,Júnior,2696,4719,Híbrido
925,Suporte / Infraestrutura,São Paulo - SP,Júnior,2677,4665,Presencial
926,Suporte / Infraestrutura,São Paulo - SP,Júnior,2529,4683,Remoto
927,Desenvolvimento Backend,São Paulo - SP,Júnior,2743,4544,Híbrido
928,Desenvolvimento Backend,São Paulo - SP,Júnior,2689,4520,Remoto
929,Desenvolvimento Backend,São Paulo - SP,Júnior,2672,4592,Híbrido
930,Desenvolvimento Frontend,São Paulo - SP,Pleno,5024,9340,Presencial
931,Desenvolvimento Frontend,São Paulo - SP,Júnior,2507,4327,Presencial
932,Dados / BI,São Paulo - SP,Sênior,10180,15643,Remoto
933,Desenvolvimento Backend,São Paulo - SP,Pleno,5097,9189,Remoto
934,Desenvolvimento Frontend,Remoto (Brasil),Júnior,2602,4654,Remoto
935,Desenvolvimento Backend,São Paulo - SP,Pleno,5188,8594,Híbrido
936,Suporte / Infraestrutura,Rio de Janeiro - RJ,Sênior,10229,16398,Presencial
937,Dados / BI,Rio de Janeiro - RJ,Pleno,5497,9339,Presencial
938,Suporte / Infraestrutura,Rio de Janeiro - RJ,Júnior,2504,4631,Híbrido
939,Suporte / Infraestrutura,Rio de Janeiro - RJ,Júnior,2505,4635,Híbrido
940,Desenvolvimento Frontend,São Paulo - SP,Pleno,5030,8690,Remoto
941,Dados / BI,Remoto (Brasil),Sênior,10112,16208,Híbrido
942,Dados / BI,São Paulo - SP,Pleno,5500,8974,Remoto
943,Suporte / Infraestrutura,Rio de Janeiro - RJ,Júnior,2734,4660,Remoto
944,Suporte / Infraestrutura,São Paulo - SP,Júnior,2625,4355,Remoto
945,Desenvolvimento Backend,Rio de Janeiro - RJ,Pleno,5407,8759,Remoto
946,Desenvolvimento Backend,Remoto (Brasil),Júnior,2545,4630,Remoto
947,Desenvolvimento Frontend,Rio de Janeiro - RJ,Júnior,2748,4504,Remoto
948,Suporte / Infraestrutura,Rio de Janeiro - RJ,Pleno,5079,9389,Presencial
949,Desenvolvimento Backend,São Paulo - SP,Sênior,10109,16400,Remoto
950,Desenvolvimento Frontend,Remoto (Brasil),Pleno,5246,8623,Remoto
951,Desenvolvimento Frontend,São Paulo - SP,Pleno,5191,9053,Remoto
952,Suporte / Infraestrutura,Remoto (Brasil),Sênior,9572,16137,Remoto
953,Dados / BI,Remoto (Brasil),Sênior,10289,16839,Híbrido
954,Desenvolvimento Backend,São Paulo - SP,Pleno,5124,9039,Remoto
955,Dados / BI,Remoto (Brasil),Pleno,5130,8803,Híbrido
956,Desenvolvimento Backend,São Paulo - SP,Pleno,5300,9472,Presencial
957,Dados / BI,Remoto (Brasil),Júnior,2747,4592,Híbrido
958,Dados / BI,São Paulo - SP,Sênior,9611,16602,Presencial
959,Desenvolvimento Frontend,São Paulo - SP,Júnior,2543,4737,Remoto
960,Desenvolvimento Backend,São Paulo - SP,Júnior,2610,4407,Remoto
961,Suporte / Infraestrutura,Remoto (Brasil),Sênior,9961,16461,Híbrido
962,Desenvolvimento Frontend,São Paulo - SP,Júnior,2730,4766,Remoto
963,Dados / BI,São Paulo - SP,Júnior,2587,4335,Remoto
964,Suporte / Infraestrutura,São Paulo - SP,Sênior,10181,16492,Híbrido
965,Desenvolvimento Backend,Rio de Janeiro - RJ,Pleno,5492,9329,Remoto
966,Desenvolvimento Backend,Remoto (Brasil),Júnior,2580,4738,Híbrido
967,Desenvolvimento Backend,São Paulo - SP,Sênior,10325,15505,Remoto
968,Desenvolvimento Backend,São Paulo - SP,Sênior,10269,16969,Híbrido
969,Desenvolvimento Frontend,São Paulo - SP,Pleno,5482,9382,Remoto
970,Desenvolvimento Frontend,São Paulo - SP,Pleno,5406,8633,Remoto
971,Dados / BI,Rio de Janeiro - RJ,Júnior,2633,4768,Remoto
972,Desenvolvimento Backend,São Paulo - SP,Pleno,5447,9028,Remoto
973,Desenvolvimento Backend,São Paulo - SP,Sênior,10216,15483,Híbrido
974,Dados / BI,São Paulo - SP,Júnior,2621,4779,Híbrido
975,Suporte / Infraestrutura,Rio de Janeiro - RJ,Júnior,2647,4712,Presencial
976,Suporte / Infraestrutura,São Paulo - SP,Pleno,5334,9207,Remoto
977,Suporte / Infraestrutura,Remoto (Brasil),Júnior,2689,4623,Presencial
978,Desenvolvimento Backend,Remoto (Brasil),Pleno,5000,8868,Híbrido
979,Dados / BI,São Paulo - SP,Sênior,9629,16364,Híbrido
980,Suporte / Infraestrutura,Rio de Janeiro - RJ,Júnior,2741,4471,Remoto
981,Dados / BI,São Paulo - SP,Sênior,10219,15370,Híbrido
982,Desenvolvimento Backend,São Paulo - SP,Júnior,2747,4512,Híbrido
983,Dados / BI,Rio de Janeiro - RJ,Sênior,9683,16298,Remoto
984,Desenvolvimento Frontend,São Paulo - SP,Sênior,10275,16101,Remoto
985,Desenvolvimento Backend,Rio de Janeiro - RJ,Sênior,10386,16948,Remoto
986,Desenvolvimento Backend,São Paulo - SP,Júnior,2537,4427,Presencial
987,Desenvolvimento Frontend,São Paulo - SP,Sênior,10379,15602,Remoto
988,Dados / BI,São Paulo - SP,Sênior,9620,16355,Remoto
989,Suporte / Infraestrutura,Rio de Janeiro - RJ,Pleno,5352,9160,Presencial
990,Desenvolvimento Frontend,Rio de Janeiro - RJ,Júnior,2667,4547,Remoto
991,Dados / BI,Remoto (Brasil),Sênior,9730,15347,Remoto
992,Desenvolvimento Backend,Rio de Janeiro - RJ,Pleno,5152,9135,Remoto
993,Suporte / Infraestrutura,Remoto (Brasil),Pleno,5418,9099,Presencial
994,Desenvolvimento Backend,São Paulo - SP,Júnior,2653,4675,Remoto
995,Suporte / Infraestrutura,São Paulo - SP,Júnior,2643,4451,Híbrido
996,Desenvolvimento Backend,São Paulo - SP,Pleno,5216,9223,Híbrido
997,Dados / BI,São Paulo - SP,Pleno,5355,8870,Híbrido
998,Suporte / Infraestrutura,Rio de Janeiro - RJ,Júnior,2536,4473,Híbrido
999,Desenvolvimento Frontend,São Paulo - SP,Júnior,2686,4638,Remoto
1000,Desenvolvimento Backend,Rio de Janeiro - RJ,Júnior,2608,4675,Presencial
1001,Dados / BI,São Paulo - SP,Júnior,2595,4608,Presencial
1002,Desenvolvimento Backend,São Paulo - SP,Júnior,2654,4446,Híbrido
1003,Suporte / Infraestrutura,São Paulo - SP,Júnior,2522,4505,Remoto
1004,Suporte / Infraestrutura,São Paulo - SP,Sênior,9887,15515,Híbrido
1005,Dados / BI,São Paulo - SP,Sênior,10001,15495,Presencial
1006,Desenvolvimento Frontend,São Paulo - SP,Sênior,9898,15670,Remoto
1007,Desenvolvimento Frontend,São Paulo - SP,Júnior,2532,4393,Híbrido
1008,Suporte / Infraestrutura,Remoto (Brasil),Pleno,5224,8912,Remoto
1009,Desenvolvimento Backend,São Paulo - SP,Sênior,9916,16878,Remoto
1010,Desenvolvimento Backend,São Paulo - SP,Júnior,2647,4349,Presencial
1011,Desenvolvimento Frontend,Rio de Janeiro - RJ,Pleno,5374,8689,Presencial
1012,Suporte / Infraestrutura,São Paulo - SP,Pleno,5359,9097,Remoto
1013,Suporte / Infraestrutura,São Paulo - SP,Sênior,10282,16372,Presencial
1014,Desenvolvimento Frontend,Remoto (Brasil),Sênior,9932,16314,Presencial
1015,Desenvolvimento Frontend,São Paulo - SP,Sênior,9797,15912,Remoto
1016,Suporte / Infraestrutura,São Paulo - SP,Sênior,10158,16355,Presencial
1017,Desenvolvimento Backend,São Paulo - SP,Júnior,2617,4488,Presencial
1018,Desenvolvimento Frontend,São Paulo - SP,Júnior,2525,4540,Remoto
1019,Desenvolvimento Backend,São Paulo - SP,Júnior,2668,4448,Remoto
1020,Dados / BI,São Paulo - SP,Sênior,9611,16198,Híbrido
1021,Desenvolvimento Backend,São Paulo - SP,Sênior,10226,15706,Remoto
1022,Suporte / Infraestrutura,Remoto (Brasil),Júnior,2670,4421,Híbrido
1023,Suporte / Infraestrutura,Remoto (Brasil),Pleno,5166,9319,Presencial
1024,Desenvolvimento Backend,Rio de Janeiro - RJ,Júnior,2588,4576,Presencial
1025,Desenvolvimento Frontend,São Paulo - SP,Pleno,5148,8838,Híbrido
1026,Desenvolvimento Backend,Remoto (Brasil),Júnior,2529,4762,Híbrido
1027,Desenvolvimento Backend,São Paulo - SP,Pleno,5257,9175,Remoto
1028,Desenvolvimento Backend,São Paulo - SP,Sênior,9649,16173,Remoto
1029,Desenvolvimento Frontend,São Paulo - SP,Pleno,5118,8777,Híbrido
1030,Dados / BI,São Paulo - SP,Júnior,2571,4499,Remoto
1031,Desenvolvimento Backend,Remoto (Brasil),Pleno,5164,8767,Remoto
1032,Desenvolvimento Backend,São Paulo - SP,Júnior,2577,4377,Híbrido
1033,Suporte / Infraestrutura,São Paulo - SP,Júnior,2707,4505,Híbrido
1034,Dados / BI,Remoto (Brasil),Júnior,2661,4700,Híbrido
1035,Desenvolvimento Frontend,São Paulo - SP,Júnior,2639,4636,Remoto
1036,Suporte / Infraestrutura,São Paulo - SP,Pleno,5456,9448,Presencial
1037,Suporte / Infraestrutura,São Paulo - SP,Pleno,5476,9065,Presencial
1038,Suporte / Infraestrutura,Remoto (Brasil),Sênior,9562,16926,Híbrido
1039,Suporte / Infraestrutura,São Paulo - SP,Sênior,9669,16196,Remoto
1040,Desenvolvimento Backend,São Paulo - SP,Pleno,5303,9263,Presencial
1041,Desenvolvimento Backend,Remoto (Brasil),Júnior,2530,4407,Remoto
1042,Desenvolvimento Backend,Rio de Janeiro - RJ,Sênior,9776,16919,Remoto
1043,Desenvolvimento Frontend,São Paulo - SP,Pleno,5497,8927,Presencial
1044,Desenvolvimento Backend,São Paulo - SP,Sênior,10140,16971,Remoto
1045,Suporte / Infraestrutura,Rio de Janeiro - RJ,Pleno,5444,9346,Presencial
1046,Desenvolvimento Backend,São Paulo - SP,Pleno,5418,9002,Remoto
1047,Suporte / Infraestrutura,Remoto (Brasil),Pleno,5188,8701,Remoto
1048,Suporte / Infraestrutura,Remoto (Brasil),Júnior,2645,4571,Remoto
1049,Desenvolvimento Backend,Remoto (Brasil),Sênior,10203,16544,Remoto
1050,Dados / BI,São Paulo - SP,Sênior,9602,16783,Remoto
1051,Suporte / Infraestrutura,Remoto (Brasil),Júnior,2712,4649,Remoto
1052,Suporte / Infraestrutura,São Paulo - SP,Pleno,5405,8559,Remoto
1053,Suporte / Infraestrutura,São Paulo - SP,Pleno,5456,9004,Remoto
1054,Desenvolvimento Backend,São Paulo - SP,Júnior,2639,4383,Remoto
1055,Suporte / Infraestrutura,São Paulo - SP,Sênior,9645,15302,Remoto
1056,Dados / BI,Remoto (Brasil),Júnior,2735,4770,Remoto
1057,Desenvolvimento Frontend,São Paulo - SP,Júnior,2519,4635,Remoto
1058,Desenvolvimento Backend,São Paulo - SP,Pleno,5347,8985,Presencial
1059,Suporte / Infraestrutura,São Paulo - SP,Pleno,5188,8821,Remoto
1060,Suporte / Infraestrutura,São Paulo - SP,Pleno,5402,9039,Remoto
1061,Desenvolvimento Frontend,São Paulo - SP,Sênior,9686,16871,Híbrido
1062,Suporte / Infraestrutura,São Paulo - SP,Sênior,9841,15583,Híbrido
1063,Desenvolvimento Backend,São Paulo - SP,Pleno,5117,8943,Remoto
1064,Desenvolvimento Frontend,São Paulo - SP,Júnior,2717,4328,Presencial
1065,Desenvolvimento Backend,Remoto (Brasil),Sênior,10297,16977,Remoto
1066,Suporte / Infraestrutura,Rio de Janeiro - RJ,Júnior,2535,4380,Remoto
1067,Suporte / Infraestrutura,São Paulo - SP,Pleno,5037,9038,Remoto
1068,Suporte / Infraestrutura,Rio de Janeiro - RJ,Júnior,2645,4745,Híbrido
1069,Desenvolvimento Frontend,São Paulo - SP,Pleno,5153,9031,Remoto
1070,Suporte / Infraestrutura,Remoto (Brasil),Sênior,9532,16537,Híbrido
1071,Suporte / Infraestrutura,São Paulo - SP,Pleno,5424,8814,Presencial
1072,Suporte / Infraestrutura,Rio de Janeiro - RJ,Júnior,2596,4384,Remoto
1073,Suporte / Infraestrutura,São Paulo - SP,Pleno,5430,8629,Presencial
1074,Desenvolvimento Backend,Remoto (Brasil),Sênior,10162,16168,Remoto
1075,Desenvolvimento Backend,Rio de Janeiro - RJ,Júnior,2561,4464,Híbrido
1076,Dados / BI,Rio de Janeiro - RJ,Júnior,2641,4423,Remoto
1077,Desenvolvimento Backend,Rio de Janeiro - RJ,Júnior,2702,4567,Presencial
1078,Desenvolvimento Frontend,Remoto (Brasil),Sênior,10012,15699,Remoto
1079,Suporte / Infraestrutura,Remoto (Brasil),Pleno,5257,9376,Híbrido
1080,Desenvolvimento Frontend,Rio de Janeiro - RJ,Júnior,2538,4669,Híbrido
1081,Dados / BI,Rio de Janeiro - RJ,Sênior,9664,16327,Remoto
1082,Suporte / Infraestrutura,Rio de Janeiro - RJ,Sênior,9540,16759,Presencial
1083,Desenvolvimento Backend,São Paulo - SP,Sênior,9599,16948,Remoto
1084,Desenvolvimento Backend,Remoto (Brasil),Sênior,9665,15439,Remoto
1085,Suporte / Infraestrutura,Remoto (Brasil),Júnior,2621,4451,Remoto
1086,Suporte / Infraestrutura,Rio de Janeiro - RJ,Pleno,5438,9184,Híbrido
1087,Desenvolvimento Frontend,Rio de Janeiro - RJ,Júnior,2521,4669,Híbrido
1088,Suporte / Infraestrutura,São Paulo - SP,Pleno,5125,9266,Remoto
1089,Desenvolvimento Frontend,São Paulo - SP,Pleno,5037,8778,Híbrido
1090,Desenvolvimento Backend,São Paulo - SP,Sênior,9611,15475,Remoto
1091,Desenvolvimento Backend,São Paulo - SP,Júnior,2654,4568,Remoto
1092,Desenvolvimento Frontend,São Paulo - SP,Pleno,5327,8768,Presencial
1093,Desenvolvimento Backend,Rio de Janeiro - RJ,Pleno,5242,8768,Remoto
1094,Desenvolvimento Frontend,São Paulo - SP,Júnior,2517,4460,Híbrido
1095,Desenvolvimento Frontend,São Paulo - SP,Sênior,9594,16177,Presencial
1096,Suporte / Infraestrutura,Rio de Janeiro - RJ,Pleno,5401,8714,Presencial
1097,Dados / BI,São Paulo - SP,Sênior,9703,15459,Remoto
1098,Desenvolvimento Backend,Remoto (Brasil),Júnior,2721,4482,Presencial
1099,Desenvolvimento Backend,São Paulo - SP,Pleno,5327,9142,Remoto
1100,Desenvolvimento Frontend,São Paulo - SP,Júnior,2596,4430,Híbrido
1101,Suporte / Infraestrutura,São Paulo - SP,Sênior,10014,16977,Remoto
1102,Desenvolvimento Frontend,São Paulo - SP,Pleno,5267,9333,Remoto
1103,Desenvolvimento Backend,Remoto (Brasil),Júnior,2611,4515,Híbrido
1104,Suporte / Infraestrutura,São Paulo - SP,Sênior,9589,16950,Presencial
1105,Dados / BI,São Paulo - SP,Pleno,5319,9499,Presencial
1106,Desenvolvimento Backend,Remoto (Brasil),Sênior,10064,16080,Remoto
1107,Desenvolvimento Backend,Rio de Janeiro - RJ,Pleno,5379,8955,Remoto
1108,Suporte / Infraestrutura,São Paulo - SP,Júnior,2731,4727,Remoto
1109,Suporte / Infraestrutura,Remoto (Brasil),Pleno,5418,9081,Remoto
1110,Suporte / Infraestrutura,São Paulo - SP,Júnior,2664,4521,Remoto
1111,Dados / BI,São Paulo - SP,Júnior,2559,4370,Híbrido
1112,Suporte / Infraestrutura,São Paulo - SP,Pleno,5469,8816,Remoto
1113,Desenvolvimento Backend,Rio de Janeiro - RJ,Júnior,2697,4623,Remoto
1114,Dados / BI,São Paulo - SP,Júnior,2616,4644,Remoto
1115,Suporte / Infraestrutura,Rio de Janeiro - RJ,Júnior,2699,4733,Presencial
1116,Desenvolvimento Backend,São Paulo - SP,Pleno,5296,9437,Remoto
1117,Suporte / Infraestrutura,São Paulo - SP,Júnior,2519,4573,Híbrido
1118,Desenvolvimento Backend,Remoto (Brasil),Júnior,2745,4640,Presencial
1119,Desenvolvimento Backend,Remoto (Brasil),Júnior,2502,4782,Presencial
1120,Dados / BI,São Paulo - SP,Pleno,5314,9164,Remoto
1121,Desenvolvimento Backend,São Paulo - SP,Júnior,2631,4709,Remoto
1122,Desenvolvimento Backend,Rio de Janeiro - RJ,Pleno,5481,8679,Híbrido
1123,Desenvolvimento Frontend,Remoto (Brasil),Pleno,5414,9057,Remoto
1124,Desenvolvimento Backend,Remoto (Brasil),Pleno,5492,8952,Híbrido
1125,Suporte / Infraestrutura,São Paulo - SP,Pleno,5382,8828,Remoto
1126,Desenvolvimento Frontend,Rio de Janeiro - RJ,Sênior,10339,15431,Remoto
1127,Desenvolvimento Frontend,São Paulo - SP,Sênior,10043,16021,Remoto
1128,Desenvolvimento Frontend,Rio de Janeiro - RJ,Júnior,2555,4656,Remoto
1129,Dados / BI,Rio de Janeiro - RJ,Pleno,5109,9026,Remoto
1130,Desenvolvimento Backend,São Paulo - SP,Pleno,5052,9124,Híbrido
1131,Suporte / Infraestrutura,São Paulo - SP,Júnior,2550,4345,Remoto
1132,Desenvolvimento Backend,Remoto (Brasil),Pleno,5302,8942,Híbrido
1133,Desenvolvimento Backend,São Paulo - SP,Sênior,10433,16245,Remoto
1134,Desenvolvimento Frontend,Rio de Janeiro - RJ,Pleno,5424,9371,Remoto
1135,Desenvolvimento Frontend,São Paulo - SP,Júnior,2656,4344,Presencial
1136,Desenvolvimento Backend,São Paulo - SP,Júnior,2711,4325,Remoto
1137,Suporte / Infraestrutura,São Paulo - SP,Sênior,9877,16971,Presencial
1138,Desenvolvimento Backend,São Paulo - SP,Júnior,2577,4358,Remoto
1139,Suporte / Infraestrutura,São Paulo - SP,Pleno,5064,8876,Híbrido
1140,Desenvolvimento Frontend,Rio de Janeiro - RJ,Pleno,5250,8837,Híbrido
1141,Desenvolvimento Backend,São Paulo - SP,Júnior,2713,4766,Presencial
1142,Suporte / Infraestrutura,Remoto (Brasil),Júnior,2555,4559,Remoto
1143,Desenvolvimento Backend,São Paulo - SP,Pleno,5263,9429,Presencial
1144,Desenvolvimento Frontend,São Paulo - SP,Júnior,2734,4506,Remoto
1145,Dados / BI,Rio de Janeiro - RJ,Pleno,5487,9440,Presencial
1146,Desenvolvimento Backend,São Paulo - SP,Júnior,2728,4555,Remoto
1147,Desenvolvimento Frontend,São Paulo - SP,Sênior,9586,16025,Remoto
1148,Desenvolvimento Backend,São Paulo - SP,Pleno,5189,8650,Remoto
1149,Desenvolvimento Frontend,Remoto (Brasil),Pleno,5271,9172,Híbrido
1150,Desenvolvimento Backend,Remoto (Brasil),Júnior,2513,4778,Remoto
1151,Desenvolvimento Frontend,Remoto (Brasil),Pleno,5207,8951,Remoto
1152,Dados / BI,Remoto (Brasil),Júnior,2573,4681,Híbrido
1153,Dados / BI,São Paulo - SP,Pleno,5087,8872,Presencial
1154,Desenvolvimento Frontend,Remoto (Brasil),Júnior,2621,4539,Remoto
1155,Dados / BI,São Paulo - SP,Júnior,2590,4562,Remoto
1156,Desenvolvimento Backend,Rio de Janeiro - RJ,Pleno,5148,9405,Remoto
1157,Suporte / Infraestrutura,Remoto (Brasil),Pleno,5376,8909,Remoto
1158,Dados / BI,São Paulo - SP,Júnior,2585,4776,Remoto
1159,Desenvolvimento Frontend,São Paulo - SP,Júnior,2536,4502,Remoto
1160,Desenvolvimento Backend,Remoto (Brasil),Sênior,9886,16608,Presencial
1161,Desenvolvimento Frontend,São Paulo - SP,Júnior,2733,4667,Presencial
1162,Dados / BI,Remoto (Brasil),Júnior,2648,4586,Remoto
1163,Desenvolvimento Frontend,São Paulo - SP,Pleno,5350,8700,Híbrido
1164,Desenvolvimento Backend,São Paulo - SP,Pleno,5033,9368,Presencial
1165,Desenvolvimento Frontend,Remoto (Brasil),Pleno,5002,8990,Remoto
1166,Suporte / Infraestrutura,São Paulo - SP,Sênior,10014,16662,Presencial
1167,Desenvolvimento Backend,Remoto (Brasil),Pleno,5041,8847,Remoto
1168,Desenvolvimento Backend,São Paulo - SP,Júnior,2566,4791,Híbrido
1169,Desenvolvimento Backend,São Paulo - SP,Pleno,5349,9336,Remoto
1170,Desenvolvimento Frontend,São Paulo - SP,Júnior,2737,4641,Remoto
1171,Dados / BI,São Paulo - SP,Pleno,5257,9251,Remoto
1172,Suporte / Infraestrutura,Rio de Janeiro - RJ,Júnior,2643,4333,Híbrido
1173,Suporte / Infraestrutura,São Paulo - SP,Pleno,5317,9106,Remoto
1174,Desenvolvimento Frontend,Remoto (Brasil),Sênior,10395,16360,Remoto
1175,Suporte / Infraestrutura,Rio de Janeiro - RJ,Júnior,2652,4369,Remoto
1176,Dados / BI,Rio de Janeiro - RJ,Pleno,5367,8604,Remoto
1177,Desenvolvimento Backend,São Paulo - SP,Sênior,9808,16586,Híbrido
1178,Desenvolvimento Backend,São Paulo - SP,Júnior,2654,4770,Remoto
1179,Suporte / Infraestrutura,Remoto (Brasil),Pleno,5200,8606,Presencial
1180,Dados / BI,Remoto (Brasil),Pleno,5420,9177,Remoto
1181,Dados / BI,São Paulo - SP,Pleno,5087,9073,Remoto
1182,Desenvolvimento Backend,São Paulo - SP,Pleno,5188,9233,Remoto
1183,Dados / BI,Remoto (Brasil),Júnior,2617,4381,Híbrido
1184,Suporte / Infraestrutura,São Paulo - SP,Pleno,5021,9479,Remoto
1185,Suporte / Infraestrutura,São Paulo - SP,Júnior,2628,4758,Híbrido
1186,Dados / BI,Rio de Janeiro - RJ,Júnior,2538,4500,Híbrido
1187,Desenvolvimento Frontend,São Paulo - SP,Sênior,9569,16621,Remoto
1188,Dados / BI,São Paulo - SP,Sênior,9856,16497,Presencial
1189,Suporte / Infraestrutura,Remoto (Brasil),Júnior,2527,4575,Remoto
1190,Suporte / Infraestrutura,São Paulo - SP,Pleno,5196,9323,Remoto
1191,Desenvolvimento Frontend,São Paulo - SP,Pleno,5226,9331,Híbrido
1192,Desenvolvimento Backend,Rio de Janeiro - RJ,Sênior,10087,16439,Remoto
1193,Suporte / Infraestrutura,São Paulo - SP,Pleno,5270,9378,Presencial
1194,Desenvolvimento Backend,Rio de Janeiro - RJ,Júnior,2535,4777,Remoto
1195,Dados / BI,São Paulo - SP,Sênior,10245,16615,Presencial
1196,Suporte / Infraestrutura,Remoto (Brasil),Júnior,2730,4606,Híbrido
1197,Dados / BI,Rio de Janeiro - RJ,Pleno,5065,9351,Remoto
1198,Suporte / Infraestrutura,Remoto (Brasil),Júnior,2557,4740,Remoto
1199,Dados / BI,Remoto (Brasil),Sênior,9576,16394,Híbrido
1200,Desenvolvimento Backend,São Paulo - SP,Sênior,10168,15361,Presencial
1201,Desenvolvimento Frontend,Rio de Janeiro - RJ,Júnior,2709,4695,Híbrido
1202,Suporte / Infraestrutura,São Paulo - SP,Pleno,5427,9333,Presencial
1203,Desenvolvimento Backend,São Paulo - SP,Júnior,2685,4341,Remoto
1204,Suporte / Infraestrutura,São Paulo - SP,Sênior,9733,15343,Híbrido
1205,Desenvolvimento Frontend,São Paulo - SP,Pleno,5009,9115,Remoto
1206,Suporte / Infraestrutura,São Paulo - SP,Júnior,2612,4380,Remoto
1207,Desenvolvimento Backend,São Paulo - SP,Júnior,2650,4325,Presencial
1208,Desenvolvimento Frontend,Remoto (Brasil),Júnior,2514,4384,Híbrido
1209,Desenvolvimento Frontend,São Paulo - SP,Sênior,9632,16541,Remoto
1210,Desenvolvimento Frontend,São Paulo - SP,Pleno,5376,9382,Remoto
1211,Desenvolvimento Backend,Remoto (Brasil),Pleno,5444,9219,Remoto
1212,Desenvolvimento Backend,Rio de Janeiro - RJ,Pleno,5318,9047,Remoto
1213,Suporte / Infraestrutura,Rio de Janeiro - RJ,Júnior,2595,4691,Híbrido
1214,Desenvolvimento Frontend,São Paulo - SP,Pleno,5058,8571,Híbrido
1215,Suporte / Infraestrutura,São Paulo - SP,Sênior,9561,15871,Remoto
1216,Desenvolvimento Frontend,São Paulo - SP,Júnior,2547,4657,Híbrido
1217,Suporte / Infraestrutura,Rio de Janeiro - RJ,Júnior,2655,4706,Híbrido
1218,Suporte / Infraestrutura,Rio de Janeiro - RJ,Sênior,10301,16793,Remoto
1219,Desenvolvimento Frontend,Remoto (Brasil),Pleno,5439,9097,Híbrido
1220,Suporte / Infraestrutura,São Paulo - SP,Júnior,2503,4463,Remoto
1221,Dados / BI,Remoto (Brasil),Pleno,5185,8825,Presencial
1222,Desenvolvimento Backend,Rio de Janeiro - RJ,Pleno,5008,9000,Híbrido
1223,Desenvolvimento Backend,Remoto (Brasil),Pleno,5296,8631,Remoto
1224,Desenvolvimento Backend,São Paulo - SP,Júnior,2722,4573,Remoto
1225,Dados / BI,Remoto (Brasil),Pleno,5440,9000,Presencial
1226,Suporte / Infraestrutura,São Paulo - SP,Sênior,9516,16689,Remoto
1227,Desenvolvimento Backend,São Paulo - SP,Pleno,5261,8629,Remoto
1228,Dados / BI,Remoto (Brasil),Júnior,2506,4487,Híbrido
1229,Desenvolvimento Backend,São Paulo - SP,Pleno,5082,8927,Remoto
1230,Dados / BI,São Paulo - SP,Júnior,2683,4719,Híbrido
1231,Suporte / Infraestrutura,Remoto (Brasil),Pleno,5332,8630,Híbrido
1232,Desenvolvimento Frontend,São Paulo - SP,Pleno,5026,9171,Presencial
1233,Suporte / Infraestrutura,São Paulo - SP,Júnior,2562,4729,Híbrido
1234,Desenvolvimento Frontend,Remoto (Brasil),Júnior,2687,4770,Híbrido
1235,Desenvolvimento Frontend,São Paulo - SP,Pleno,5309,8785,Presencial
1236,Dados / BI,São Paulo - SP,Sênior,10190,16497,Remoto
1237,Desenvolvimento Frontend,São Paulo - SP,Pleno,5075,9139,Remoto
1238,Suporte / Infraestrutura,São Paulo - SP,Júnior,2641,4684,Remoto
1239,Dados / BI,Rio de Janeiro - RJ,Júnior,2631,4763,Remoto
1240,Suporte / Infraestrutura,Remoto (Brasil),Pleno,5060,8894,Remoto
1241,Dados / BI,Rio de Janeiro - RJ,Sênior,10432,16137,Híbrido
1242,Desenvolvimento Backend,Rio de Janeiro - RJ,Pleno,5419,9071,Remoto
1243,Desenvolvimento Frontend,São Paulo - SP,Pleno,5224,8730,Híbrido
1244,Desenvolvimento Frontend,São Paulo - SP,Pleno,5268,9143,Remoto
1245,Suporte / Infraestrutura,São Paulo - SP,Júnior,2708,4696,Remoto
1246,Desenvolvimento Frontend,Rio de Janeiro - RJ,Júnior,2570,4569,Presencial
1247,Desenvolvimento Backend,São Paulo - SP,Sênior,10182,15870,Híbrido
1248,Dados / BI,São Paulo - SP,Sênior,10412,16405,Presencial
1249,Desenvolvimento Frontend,Rio de Janeiro - RJ,Júnior,2741,4612,Presencial
1250,Suporte / Infraestrutura,Rio de Janeiro - RJ,Sênior,9622,16210,Presencial
1251,Desenvolvimento Backend,São Paulo - SP,Júnior,2590,4731,Remoto
1252,Desenvolvimento Frontend,Remoto (Brasil),Júnior,2661,4696,Remoto
1253,Suporte / Infraestrutura,São Paulo - SP,Sênior,9825,15689,Remoto
1254,Desenvolvimento Backend,São Paulo - SP,Sênior,10189,15700,Híbrido
1255,Suporte / Infraestrutura,Rio de Janeiro - RJ,Júnior,2724,4365,Híbrido
1256,Dados / BI,Rio de Janeiro - RJ,Pleno,5019,8978,Híbrido
1257,Desenvolvimento Backend,São Paulo - SP,Júnior,2576,4750,Híbrido
1258,Desenvolvimento Backend,São Paulo - SP,Júnior,2623,4471,Presencial
1259,Desenvolvimento Frontend,Remoto (Brasil),Pleno,5059,8730,Híbrido
1260,Desenvolvimento Frontend,São Paulo - SP,Pleno,5412,9434,Remoto
1261,Dados / BI,Remoto (Brasil),Sênior,9918,15424,Remoto
1262,Desenvolvimento Backend,São Paulo - SP,Pleno,5133,9484,Híbrido
1263,Suporte / Infraestrutura,São Paulo - SP,Pleno,5113,9136,Remoto
1264,Desenvolvimento Frontend,São Paulo - SP,Sênior,9521,16943,Híbrido
1265,Dados / BI,São Paulo - SP,Júnior,2540,4749,Remoto
1266,Desenvolvimento Backend,Remoto (Brasil),Pleno,5481,8563,Híbrido
1267,Desenvolvimento Backend,Remoto (Brasil),Júnior,2572,4474,Híbrido
1268,Suporte / Infraestrutura,Rio de Janeiro - RJ,Pleno,5205,8684,Híbrido
1269,Dados / BI,Remoto (Brasil),Pleno,5010,8565,Presencial
1270,Suporte / Infraestrutura,Remoto (Brasil),Sênior,9935,16349,Remoto
1271,Desenvolvimento Frontend,São Paulo - SP,Pleno,5192,8848,Remoto
1272,Desenvolvimento Frontend,Rio de Janeiro - RJ,Pleno,5259,8800,Remoto
1273,Desenvolvimento Frontend,Remoto (Brasil),Júnior,2697,4438,Remoto
1274,Desenvolvimento Backend,Rio de Janeiro - RJ,Sênior,9597,16448,Remoto
1275,Dados / BI,São Paulo - SP,Pleno,5370,9409,Remoto
1276,Desenvolvimento Frontend,Remoto (Brasil),Júnior,2538,4338,Híbrido
1277,Desenvolvimento Backend,São Paulo - SP,Pleno,5160,9217,Presencial
1278,Desenvolvimento Backend,Remoto (Brasil),Júnior,2532,4707,Remoto
1279,Desenvolvimento Backend,São Paulo - SP,Júnior,2608,4573,Remoto
1280,Desenvolvimento Backend,São Paulo - SP,Sênior,10237,16685,Remoto
1281,Desenvolvimento Frontend,Remoto (Brasil),Júnior,2657,4685,Presencial
1282,Desenvolvimento Backend,São Paulo - SP,Pleno,5436,9500,Remoto
1283,Desenvolvimento Backend,São Paulo - SP,Júnior,2750,4322,Híbrido
1284,Desenvolvimento Backend,São Paulo - SP,Júnior,2619,4624,Remoto
1285,Suporte / Infraestrutura,Rio de Janeiro - RJ,Júnior,2572,4740,Presencial
1286,Dados / BI,Rio de Janeiro - RJ,Pleno,5103,8629,Remoto
1287,Dados / BI,Rio de Janeiro - RJ,Júnior,2633,4620,Presencial
1288,Desenvolvimento Backend,Remoto (Brasil),Pleno,5465,9034,Remoto
1289,Suporte / Infraestrutura,São Paulo - SP,Júnior,2542,4563,Híbrido
1290,Desenvolvimento Frontend,Remoto (Brasil),Pleno,5167,8859,Remoto
1291,Suporte / Infraestrutura,Remoto (Brasil),Pleno,5181,8869,Presencial
1292,Suporte / Infraestrutura,São Paulo - SP,Sênior,10228,15592,Híbrido
1293,Desenvolvimento Frontend,Rio de Janeiro - RJ,Júnior,2506,4763,Remoto
1294,Desenvolvimento Frontend,São Paulo - SP,Sênior,9695,16083,Híbrido
1295,Desenvolvimento Frontend,São Paulo - SP,Júnior,2524,4786,Remoto
1296,Dados / BI,Remoto (Brasil),Pleno,5022,9262,Presencial
1297,Desenvolvimento Frontend,Remoto (Brasil),Sênior,10147,16230,Remoto
1298,Suporte / Infraestrutura,São Paulo - SP,Júnior,2688,4410,Presencial
1299,Desenvolvimento Backend,Remoto (Brasil),Pleno,5363,8613,Presencial
1300,Suporte / Infraestrutura,Rio de Janeiro - RJ,Júnior,2681,4406,Remoto
1301,Suporte / Infraestrutura,São Paulo - SP,Júnior,2549,4742,Remoto
1302,Desenvolvimento Frontend,São Paulo - SP,Pleno,5352,9067,Remoto
1303,Suporte / Infraestrutura,São Paulo - SP,Sênior,9588,16459,Remoto
1304,Suporte / Infraestrutura,São Paulo - SP,Júnior,2660,4330,Remoto
1305,Suporte / Infraestrutura,Rio de Janeiro - RJ,Pleno,5126,8865,Remoto
1306,Desenvolvimento Frontend,São Paulo - SP,Júnior,2535,4609,Presencial
1307,Desenvolvimento Backend,Rio de Janeiro - RJ,Júnior,2678,4545,Remoto
1308,Suporte / Infraestrutura,São Paulo - SP,Pleno,5323,9253,Híbrido
1309,Suporte / Infraestrutura,Remoto (Brasil),Pleno,5177,9211,Remoto
1310,Desenvolvimento Backend,São Paulo - SP,Júnior,2619,4453,Híbrido
1311,Dados / BI,São Paulo - SP,Júnior,2644,4513,Remoto
1312,Desenvolvimento Frontend,São Paulo - SP,Sênior,9662,16163,Remoto
1313,Suporte / Infraestrutura,São Paulo - SP,Júnior,2505,4544,Híbrido
1314,Desenvolvimento Frontend,Remoto (Brasil),Pleno,5307,8895,Híbrido
1315,Suporte / Infraestrutura,Remoto (Brasil),Pleno,5215,8986,Híbrido
1316,Desenvolvimento Backend,São Paulo - SP,Sênior,10214,16373,Presencial
1317,Desenvolvimento Frontend,São Paulo - SP,Sênior,10320,16008,Híbrido
1318,Desenvolvimento Backend,São Paulo - SP,Júnior,2578,4361,Híbrido
1319,Desenvolvimento Backend,Rio de Janeiro - RJ,Pleno,5397,8933,Híbrido
1320,Dados / BI,Remoto (Brasil),Pleno,5467,9033,Remoto
1321,Suporte / Infraestrutura,Rio de Janeiro - RJ,Júnior,2697,4487,Remoto
1322,Suporte / Infraestrutura,São Paulo - SP,Sênior,9527,15754,Remoto
1323,Desenvolvimento Frontend,São Paulo - SP,Júnior,2653,4704,Híbrido
1324,Desenvolvimento Frontend,São Paulo - SP,Júnior,2523,4493,Remoto
1325,Suporte / Infraestrutura,Remoto (Brasil),Sênior,9535,15834,Híbrido
1326,Dados / BI,São Paulo - SP,Pleno,5042,8904,Remoto
1327,Desenvolvimento Backend,São Paulo - SP,Pleno,5351,9015,Remoto
1328,Suporte / Infraestrutura,Remoto (Brasil),Pleno,5309,9376,Presencial
1329,Dados / BI,Remoto (Brasil),Júnior,2545,4537,Remoto
1330,Suporte / Infraestrutura,São Paulo - SP,Pleno,5101,9077,Remoto
1331,Suporte / Infraestrutura,Remoto (Brasil),Pleno,5187,8601,Híbrido
1332,Desenvolvimento Backend,São Paulo - SP,Júnior,2568,4411,Remoto
1333,Dados / BI,São Paulo - SP,Júnior,2687,4338,Híbrido
1334,Suporte / Infraestrutura,Remoto (Brasil),Júnior,2626,4540,Presencial
1335,Dados / BI,São Paulo - SP,Sênior,10340,16372,Remoto
1336,Suporte / Infraestrutura,São Paulo - SP,Sênior,10153,16963,Remoto
1337,Dados / BI,Rio de Janeiro - RJ,Sênior,9763,16777,Híbrido
1338,Dados / BI,São Paulo - SP,Sênior,10130,16352,Híbrido
1339,Dados / BI,Rio de Janeiro - RJ,Sênior,9781,16829,Híbrido
1340,Desenvolvimento Backend,São Paulo - SP,Sênior,10194,15883,Híbrido
1341,Desenvolvimento Frontend,São Paulo - SP,Pleno,5404,9200,Híbrido
1342,Dados / BI,São Paulo - SP,Pleno,5372,9279,Híbrido
1343,Desenvolvimento Frontend,Rio de Janeiro - RJ,Pleno,5175,8898,Remoto
1344,Desenvolvimento Backend,Remoto (Brasil),Pleno,5130,8962,Remoto
1345,Desenvolvimento Frontend,Rio de Janeiro - RJ,Júnior,2574,4704,Híbrido
1346,Suporte / Infraestrutura,São Paulo - SP,Pleno,5391,8573,Presencial
1347,Desenvolvimento Backend,São Paulo - SP,Pleno,5435,8676,Híbrido
1348,Suporte / Infraestrutura,São Paulo - SP,Júnior,2699,4696,Presencial
1349,Dados / BI,São Paulo - SP,Sênior,10145,15516,Presencial
1350,Desenvolvimento Frontend,Remoto (Brasil),Pleno,5422,9496,Remoto
1351,Dados / BI,Remoto (Brasil),Pleno,5335,8726,Híbrido
1352,Dados / BI,São Paulo - SP,Pleno,5325,8579,Híbrido
1353,Desenvolvimento Backend,Remoto (Brasil),Júnior,2656,4447,Híbrido
1354,Suporte / Infraestrutura,São Paulo - SP,Pleno,5282,9073,Híbrido
1355,Desenvolvimento Backend,São Paulo - SP,Pleno,5364,9493,Presencial
1356,Dados / BI,São Paulo - SP,Pleno,5125,9250,Híbrido
1357,Suporte / Infraestrutura,São Paulo - SP,Pleno,5169,9443,Híbrido
1358,Desenvolvimento Frontend,Remoto (Brasil),Pleno,5349,9243,Presencial
1359,Dados / BI,São Paulo - SP,Pleno,5366,9345,Remoto
1360,Desenvolvimento Frontend,São Paulo - SP,Sênior,10287,15381,Remoto
1361,Desenvolvimento Backend,São Paulo - SP,Sênior,10271,16921,Híbrido
1362,Desenvolvimento Backend,São Paulo - SP,Júnior,2623,4427,Presencial
1363,Desenvolvimento Backend,Rio de Janeiro - RJ,Júnior,2566,4495,Híbrido
1364,Desenvolvimento Backend,São Paulo - SP,Pleno,5075,9084,Remoto
1365,Dados / BI,Remoto (Brasil),Sênior,9662,16462,Remoto
1366,Suporte / Infraestrutura,São Paulo - SP,Júnior,2655,4469,Híbrido
1367,Desenvolvimento Frontend,Rio de Janeiro - RJ,Júnior,2593,4689,Híbrido
1368,Desenvolvimento Frontend,Remoto (Brasil),Pleno,5267,8933,Remoto
1369,Desenvolvimento Frontend,Remoto (Brasil),Júnior,2742,4353,Remoto
1370,Desenvolvimento Frontend,São Paulo - SP,Sênior,10165,15703,Híbrido
1371,Suporte / Infraestrutura,São Paulo - SP,Júnior,2660,4370,Remoto
1372,Desenvolvimento Backend,Rio de Janeiro - RJ,Júnior,2704,4698,Remoto
1373,Desenvolvimento Backend,São Paulo - SP,Pleno,5046,9310,Remoto
1374,Desenvolvimento Frontend,São Paulo - SP,Júnior,2694,4617,Híbrido
1375,Desenvolvimento Frontend,Rio de Janeiro - RJ,Pleno,5226,8635,Híbrido
1376,Desenvolvimento Backend,São Paulo - SP,Pleno,5440,9476,Presencial
1377,Dados / BI,São Paulo - SP,Pleno,5138,9054,Presencial
1378,Desenvolvimento Backend,Remoto (Brasil),Sênior,9754,15998,Presencial
1379,Suporte / Infraestrutura,São Paulo - SP,Pleno,5163,9464,Remoto
1380,Desenvolvimento Frontend,São Paulo - SP,Júnior,2736,4761,Remoto
1381,Desenvolvimento Backend,São Paulo - SP,Júnior,2635,4561,Remoto
1382,Desenvolvimento Backend,São Paulo - SP,Pleno,5087,9422,Híbrido
1383,Desenvolvimento Frontend,São Paulo - SP,Pleno,5117,8819,Remoto
1384,Desenvolvimento Frontend,São Paulo - SP,Pleno,5230,8865,Remoto
1385,Suporte / Infraestrutura,São Paulo - SP,Pleno,5071,9017,Híbrido
1386,Desenvolvimento Frontend,Rio de Janeiro - RJ,Sênior,9524,15959,Híbrido
1387,Desenvolvimento Backend,Rio de Janeiro - RJ,Pleno,5140,8659,Presencial
1388,Dados / BI,São Paulo - SP,Sênior,9547,16899,Remoto
1389,Desenvolvimento Frontend,São Paulo - SP,Júnior,2637,4509,Presencial
1390,Suporte / Infraestrutura,São Paulo - SP,Sênior,10250,16147,Remoto
1391,Suporte / Infraestrutura,Remoto (Brasil),Júnior,2646,4599,Remoto
1392,Dados / BI,São Paulo - SP,Sênior,10216,16756,Remoto
1393,Dados / BI,São Paulo - SP,Pleno,5170,8753,Remoto
1394,Desenvolvimento Backend,Remoto (Brasil),Pleno,5249,9367,Híbrido
1395,Desenvolvimento Frontend,Rio de Janeiro - RJ,Sênior,10394,16934,Híbrido
1396,Dados / BI,Remoto (Brasil),Sênior,10299,15530,Híbrido
1397,Desenvolvimento Frontend,Rio de Janeiro - RJ,Pleno,5141,9026,Remoto
1398,Dados / BI,Remoto (Brasil),Pleno,5399,9259,Remoto
1399,Desenvolvimento Frontend,Rio de Janeiro - RJ,Júnior,2557,4485,Híbrido
1400,Suporte / Infraestrutura,São Paulo - SP,Júnior,2710,4614,Remoto
1401,Desenvolvimento Backend,São Paulo - SP,Pleno,5483,9414,Presencial
1402,Desenvolvimento Backend,Remoto (Brasil),Júnior,2558,4656,Remoto
1403,Suporte / Infraestrutura,Rio de Janeiro - RJ,Sênior,9527,15581,Remoto
1404,Desenvolvimento Frontend,São Paulo - SP,Pleno,5194,8600,Híbrido
1405,Dados / BI,São Paulo - SP,Sênior,10018,16484,Remoto
1406,Desenvolvimento Frontend,São Paulo - SP,Pleno,5383,8874,Remoto
1407,Desenvolvimento Backend,São Paulo - SP,Júnior,2616,4328,Remoto
1408,Dados / BI,São Paulo - SP,Júnior,2742,4754,Híbrido
1409,Dados / BI,São Paulo - SP,Pleno,5487,8831,Remoto
1410,Desenvolvimento Frontend,Remoto (Brasil),Pleno,5071,9261,Híbrido
1411,Desenvolvimento Frontend,São Paulo - SP,Pleno,5190,9182,Remoto
1412,Dados / BI,São Paulo - SP,Júnior,2707,4734,Híbrido
1413,Desenvolvimento Backend,São Paulo - SP,Pleno,5465,9411,Remoto
1414,Desenvolvimento Frontend,São Paulo - SP,Pleno,5073,9485,Remoto
1415,Desenvolvimento Backend,Rio de Janeiro - RJ,Júnior,2607,4353,Remoto
1416,Desenvolvimento Frontend,Rio de Janeiro - RJ,Pleno,5159,9037,Presencial
1417,Suporte / Infraestrutura,São Paulo - SP,Júnior,2626,4703,Híbrido
1418,Dados / BI,Rio de Janeiro - RJ,Pleno,5380,8647,Remoto
1419,Dados / BI,São Paulo - SP,Júnior,2681,4556,Remoto
1420,Suporte / Infraestrutura,Rio de Janeiro - RJ,Pleno,5435,8585,Remoto
1421,Desenvolvimento Frontend,São Paulo - SP,Sênior,9743,15631,Presencial
1422,Desenvolvimento Frontend,São Paulo - SP,Sênior,10091,16130,Remoto
1423,Dados / BI,Remoto (Brasil),Pleno,5335,9336,Remoto
1424,Desenvolvimento Backend,São Paulo - SP,Sênior,9967,16658,Híbrido
1425,Desenvolvimento Backend,São Paulo - SP,Júnior,2639,4384,Remoto
1426,Suporte / Infraestrutura,São Paulo - SP,Pleno,5283,8634,Presencial
1427,Desenvolvimento Frontend,Rio de Janeiro - RJ,Júnior,2687,4701,Híbrido
1428,Desenvolvimento Backend,Remoto (Brasil),Sênior,9670,16066,Remoto
1429,Desenvolvimento Backend,São Paulo - SP,Pleno,5439,8757,Presencial
1430,Desenvolvimento Backend,Rio de Janeiro - RJ,Júnior,2740,4473,Remoto
1431,Suporte / Infraestrutura,Remoto (Brasil),Pleno,5034,8610,Presencial
1432,Suporte / Infraestrutura,São Paulo - SP,Sênior,9748,16101,Presencial
1433,Suporte / Infraestrutura,Rio de Janeiro - RJ,Sênior,9782,15587,Remoto
1434,Desenvolvimento Backend,São Paulo - SP,Pleno,5005,9202,Remoto
1435,Dados / BI,São Paulo - SP,Sênior,10054,16821,Remoto
1436,Desenvolvimento Backend,Rio de Janeiro - RJ,Sênior,9890,15823,Presencial
1437,Desenvolvimento Backend,Remoto (Brasil),Sênior,10276,15896,Presencial
1438,Desenvolvimento Frontend,São Paulo - SP,Júnior,2717,4660,Presencial
1439,Desenvolvimento Backend,São Paulo - SP,Pleno,5141,9476,Remoto
1440,Desenvolvimento Frontend,Remoto (Brasil),Sênior,9748,16499,Presencial
1441,Dados / BI,São Paulo - SP,Pleno,5310,9407,Híbrido
1442,Dados / BI,São Paulo - SP,Pleno,5184,9144,Híbrido
1443,Desenvolvimento Backend,São Paulo - SP,Pleno,5442,9085,Remoto
1444,Desenvolvimento Backend,Rio de Janeiro - RJ,Pleno,5168,8651,Remoto
1445,Desenvolvimento Backend,Rio de Janeiro - RJ,Júnior,2747,4447,Híbrido
1446,Dados / BI,São Paulo - SP,Sênior,9664,15728,Híbrido
1447,Desenvolvimento Frontend,São Paulo - SP,Pleno,5045,8891,Presencial
1448,Dados / BI,Remoto (Brasil),Pleno,5318,9059,Remoto
1449,Suporte / Infraestrutura,Remoto (Brasil),Sênior,10272,15626,Híbrido
1450,Suporte / Infraestrutura,Rio de Janeiro - RJ,Pleno,5286,8853,Remoto
1451,Suporte / Infraestrutura,São Paulo - SP,Sênior,10179,16128,Remoto
1452,Suporte / Infraestrutura,São Paulo - SP,Pleno,5432,9303,Remoto
1453,Desenvolvimento Backend,São Paulo - SP,Pleno,5341,8830,Remoto
1454,Desenvolvimento Backend,São Paulo - SP,Pleno,5110,8698,Híbrido
1455,Desenvolvimento Frontend,Remoto (Brasil),Pleno,5290,8746,Híbrido
1456,Desenvolvimento Frontend,Remoto (Brasil),Sênior,9769,16183,Remoto
1457,Suporte / Infraestrutura,Remoto (Brasil),Júnior,2720,4743,Presencial
1458,Desenvolvimento Backend,Remoto (Brasil),Pleno,5243,9098,Remoto
1459,Dados / BI,Rio de Janeiro - RJ,Pleno,5224,9059,Híbrido
1460,Suporte / Infraestrutura,Remoto (Brasil),Júnior,2588,4564,Remoto
1461,Dados / BI,São Paulo - SP,Júnior,2564,4779,Remoto
1462,Desenvolvimento Frontend,São Paulo - SP,Pleno,5345,8861,Presencial
1463,Suporte / Infraestrutura,São Paulo - SP,Pleno,5300,8672,Remoto
1464,Suporte / Infraestrutura,São Paulo - SP,Júnior,2750,4627,Híbrido
1465,Suporte / Infraestrutura,São Paulo - SP,Júnior,2522,4368,Remoto
1466,Dados / BI,São Paulo - SP,Júnior,2590,4410,Remoto
1467,Desenvolvimento Backend,Rio de Janeiro - RJ,Júnior,2665,4644,Remoto
1468,Desenvolvimento Frontend,São Paulo - SP,Sênior,9560,16698,Remoto
1469,Dados / BI,São Paulo - SP,Júnior,2704,4783,Híbrido
1470,Desenvolvimento Backend,São Paulo - SP,Pleno,5499,8903,Remoto
1471,Desenvolvimento Frontend,Remoto (Brasil),Sênior,10290,15663,Presencial
1472,Suporte / Infraestrutura,São Paulo - SP,Sênior,9623,16953,Híbrido
1473,Desenvolvimento Backend,Rio de Janeiro - RJ,Júnior,2549,4628,Presencial
1474,Desenvolvimento Backend,Remoto (Brasil),Júnior,2563,4507,Remoto
1475,Dados / BI,Rio de Janeiro - RJ,Sênior,10330,16650,Presencial
1476,Suporte / Infraestrutura,São Paulo - SP,Pleno,5267,8953,Remoto
1477,Desenvolvimento Frontend,São Paulo - SP,Sênior,9936,16127,Híbrido
1478,Desenvolvimento Frontend,São Paulo - SP,Pleno,5199,8863,Remoto
1479,Dados / BI,São Paulo - SP,Sênior,10265,16469,Remoto
1480,Desenvolvimento Backend,Rio de Janeiro - RJ,Júnior,2746,4595,Remoto
1481,Suporte / Infraestrutura,São Paulo - SP,Sênior,9601,16236,Híbrido
1482,Desenvolvimento Backend,São Paulo - SP,Pleno,5313,8565,Remoto
1483,Suporte / Infraestrutura,São Paulo - SP,Sênior,10351,15977,Remoto
1484,Suporte / Infraestrutura,São Paulo - SP,Júnior,2671,4452,Remoto
1485,Suporte / Infraestrutura,Rio de Janeiro - RJ,Sênior,9886,15869,Híbrido
1486,Desenvolvimento Frontend,Remoto (Brasil),Pleno,5356,9335,Remoto
1487,Desenvolvimento Backend,Remoto (Brasil),Júnior,2637,4487,Remoto
1488,Desenvolvimento Frontend,São Paulo - SP,Júnior,2694,4381,Presencial
1489,Desenvolvimento Frontend,São Paulo - SP,Pleno,5018,9030,Presencial
1490,Desenvolvimento Backend,São Paulo - SP,Pleno,5412,8619,Híbrido
1491,Suporte / Infraestrutura,Remoto (Brasil),Sênior,10285,15687,Remoto
1492,Desenvolvimento Backend,São Paulo - SP,Sênior,9858,16246,Presencial
1493,Desenvolvimento Frontend,Rio de Janeiro - RJ,Júnior,2660,4419,Presencial
1494,Dados / BI,São Paulo - SP,Júnior,2541,4393,Remoto
1495,Suporte / Infraestrutura,São Paulo - SP,Pleno,5086,9291,Híbrido
1496,Desenvolvimento Frontend,Remoto (Brasil),Júnior,2514,4736,Remoto
1497,Desenvolvimento Frontend,São Paulo - SP,Pleno,5292,9210,Híbrido
1498,Suporte / Infraestrutura,São Paulo - SP,Sênior,9965,16281,Presencial
1499,Suporte / Infraestrutura,São Paulo - SP,Júnior,2687,4409,Híbrido
1500,Desenvolvimento Frontend,São Paulo - SP,Júnior,2510,4555,Remoto
1501,Desenvolvimento Frontend,São Paulo - SP,Sênior,9971,16802,Remoto
1502,Desenvolvimento Backend,Rio de Janeiro - RJ,Pleno,5105,8801,Presencial
1503,Dados / BI,São Paulo - SP,Sênior,9872,16248,Remoto
1504,Desenvolvimento Backend,Remoto (Brasil),Júnior,2666,4551,Remoto
1505,Desenvolvimento Frontend,Rio de Janeiro - RJ,Pleno,5479,9079,Remoto
1506,Dados / BI,São Paulo - SP,Júnior,2690,4668,Híbrido
1507,Suporte / Infraestrutura,Remoto (Brasil),Pleno,5239,8801,Híbrido
1508,Desenvolvimento Backend,Remoto (Brasil),Pleno,5321,9446,Remoto
1509,Desenvolvimento Backend,São Paulo - SP,Sênior,9839,15484,Remoto
1510,Suporte / Infraestrutura,São Paulo - SP,Pleno,5161,9147,Remoto
1511,Desenvolvimento Backend,São Paulo - SP,Pleno,5461,9451,Remoto
1512,Suporte / Infraestrutura,Remoto (Brasil),Pleno,5143,9256,Presencial
1513,Suporte / Infraestrutura,Rio de Janeiro - RJ,Júnior,2510,4389,Híbrido
1514,Dados / BI,Remoto (Brasil),Sênior,9871,16203,Presencial
1515,Suporte / Infraestrutura,Rio de Janeiro - RJ,Pleno,5453,8897,Híbrido
1516,Suporte / Infraestrutura,Remoto (Brasil),Sênior,9613,16919,Híbrido
1517,Desenvolvimento Frontend,São Paulo - SP,Júnior,2654,4729,Remoto
1518,Desenvolvimento Frontend,São Paulo - SP,Pleno,5468,8574,Remoto
1519,Desenvolvimento Backend,São Paulo - SP,Pleno,5221,8895,Híbrido
1520,Dados / BI,São Paulo - SP,Sênior,10139,15321,Remoto
1521,Desenvolvimento Backend,São Paulo - SP,Pleno,5355,9238,Remoto
1522,Dados / BI,Remoto (Brasil),Sênior,10236,15835,Presencial
1523,Desenvolvimento Frontend,São Paulo - SP,Júnior,2670,4787,Remoto
1524,Desenvolvimento Backend,Rio de Janeiro - RJ,Júnior,2646,4730,Híbrido
1525,Desenvolvimento Backend,São Paulo - SP,Júnior,2732,4636,Remoto
1526,Suporte / Infraestrutura,São Paulo - SP,Pleno,5102,9490,Híbrido
1527,Desenvolvimento Backend,São Paulo - SP,Pleno,5351,8788,Híbrido
1528,Dados / BI,São Paulo - SP,Júnior,2626,4629,Remoto
1529,Desenvolvimento Backend,São Paulo - SP,Júnior,2749,4421,Híbrido
1530,Desenvolvimento Backend,São Paulo - SP,Sênior,10274,15766,Híbrido
1531,Desenvolvimento Backend,São Paulo - SP,Júnior,2588,4696,Remoto
1532,Suporte / Infraestrutura,Remoto (Brasil),Júnior,2626,4496,Híbrido
1533,Dados / BI,Rio de Janeiro - RJ,Pleno,5500,9312,Híbrido
1534,Suporte / Infraestrutura,Remoto (Brasil),Júnior,2591,4700,Remoto
1535,Desenvolvimento Backend,Remoto (Brasil),Júnior,2650,4407,Remoto
1536,Suporte / Infraestrutura,São Paulo - SP,Sênior,9912,16249,Híbrido
1537,Suporte / Infraestrutura,Remoto (Brasil),Sênior,10394,15585,Remoto
1538,Dados / BI,São Paulo - SP,Pleno,5088,8704,Remoto
1539,Desenvolvimento Frontend,São Paulo - SP,Júnior,2550,4331,Remoto
1540,Desenvolvimento Frontend,Remoto (Brasil),Pleno,5255,8993,Remoto
1541,Desenvolvimento Frontend,São Paulo - SP,Júnior,2582,4681,Híbrido
1542,Desenvolvimento Backend,São Paulo - SP,Júnior,2578,4643,Remoto
1543,Suporte / Infraestrutura,São Paulo - SP,Júnior,2685,4511,Presencial
1544,Desenvolvimento Backend,Remoto (Brasil),Pleno,5213,8802,Híbrido
1545,Desenvolvimento Frontend,Rio de Janeiro - RJ,Pleno,5143,9118,Híbrido
1546,Dados / BI,São Paulo - SP,Sênior,10225,16514,Híbrido
1547,Suporte / Infraestrutura,Remoto (Brasil),Pleno,5048,8943,Híbrido
1548,Desenvolvimento Frontend,Remoto (Brasil),Sênior,9772,15437,Remoto
1549,Dados / BI,Remoto (Brasil),Júnior,2563,4434,Híbrido
1550,Dados / BI,São Paulo - SP,Sênior,9996,15943,Remoto
1551,Desenvolvimento Frontend,Remoto (Brasil),Sênior,10036,16936,Híbrido
1552,Desenvolvimento Backend,São Paulo - SP,Júnior,2552,4393,Remoto
1553,Dados / BI,São Paulo - SP,Sênior,9651,16214,Remoto
1554,Desenvolvimento Frontend,São Paulo - SP,Júnior,2680,4630,Presencial
1555,Desenvolvimento Frontend,Rio de Janeiro - RJ,Sênior,10065,16277,Híbrido
1556,Suporte / Infraestrutura,Rio de Janeiro - RJ,Pleno,5167,9177,Híbrido
1557,Dados / BI,São Paulo - SP,Sênior,9557,16780,Presencial
1558,Desenvolvimento Backend,Rio de Janeiro - RJ,Júnior,2541,4685,Remoto
1559,Dados / BI,São Paulo - SP,Pleno,5279,8613,Híbrido
1560,Desenvolvimento Backend,Rio de Janeiro - RJ,Júnior,2733,4764,Remoto
1561,Desenvolvimento Backend,São Paulo - SP,Pleno,5245,8593,Híbrido
1562,Desenvolvimento Backend,São Paulo - SP,Pleno,5343,8955,Híbrido
1563,Dados / BI,Remoto (Brasil),Pleno,5106,8785,Remoto
1564,Desenvolvimento Frontend,São Paulo - SP,Pleno,5424,8718,Híbrido
1565,Desenvolvimento Backend,São Paulo - SP,Pleno,5261,8947,Remoto
1566,Desenvolvimento Backend,Rio de Janeiro - RJ,Júnior,2530,4653,Presencial
1567,Desenvolvimento Backend,Rio de Janeiro - RJ,Sênior,9709,15678,Híbrido
1568,Desenvolvimento Backend,São Paulo - SP,Júnior,2676,4665,Híbrido
1569,Desenvolvimento Backend,São Paulo - SP,Sênior,10363,15816,Remoto
1570,Desenvolvimento Frontend,São Paulo - SP,Júnior,2627,4688,Presencial
1571,Suporte / Infraestrutura,São Paulo - SP,Pleno,5407,9233,Remoto
1572,Desenvolvimento Backend,Rio de Janeiro - RJ,Júnior,2512,4758,Remoto
1573,Desenvolvimento Backend,São Paulo - SP,Júnior,2513,4508,Remoto
1574,Suporte / Infraestrutura,Remoto (Brasil),Júnior,2697,4337,Presencial
1575,Suporte / Infraestrutura,Rio de Janeiro - RJ,Sênior,9709,15546,Remoto
1576,Dados / BI,Rio de Janeiro - RJ,Pleno,5453,9143,Remoto
1577,Desenvolvimento Frontend,São Paulo - SP,Júnior,2601,4667,Presencial
1578,Dados / BI,São Paulo - SP,Sênior,10090,15390,Remoto
1579,Desenvolvimento Backend,São Paulo - SP,Pleno,5493,9442,Presencial
1580,Desenvolvimento Backend,São Paulo - SP,Sênior,10000,16921,Híbrido
1581,Dados / BI,Rio de Janeiro - RJ,Pleno,5083,8932,Remoto
1582,Desenvolvimento Backend,São Paulo - SP,Pleno,5177,9335,Presencial
1583,Suporte / Infraestrutura,Remoto (Brasil),Júnior,2535,4490,Remoto
1584,Desenvolvimento Frontend,São Paulo - SP,Sênior,9648,16526,Presencial
1585,Suporte / Infraestrutura,São Paulo - SP,Sênior,10401,15529,Remoto
1586,Dados / BI,Remoto (Brasil),Sênior,10257,15764,Híbrido
1587,Dados / BI,Rio de Janeiro - RJ,Pleno,5202,9085,Híbrido
1588,Dados / BI,Remoto (Brasil),Sênior,9731,16611,Remoto
1589,Desenvolvimento Backend,São Paulo - SP,Pleno,5055,9057,Remoto
1590,Desenvolvimento Backend,São Paulo - SP,Sênior,10054,16607,Remoto
1591,Desenvolvimento Backend,Rio de Janeiro - RJ,Júnior,2698,4668,Presencial
1592,Desenvolvimento Frontend,Remoto (Brasil),Júnior,2652,4473,Híbrido
1593,Dados / BI,São Paulo - SP,Pleno,5303,8592,Remoto
1594,Suporte / Infraestrutura,Remoto (Brasil),Pleno,5408,8942,Híbrido
1595,Suporte / Infraestrutura,São Paulo - SP,Sênior,10201,16304,Híbrido
1596,Dados / BI,São Paulo - SP,Júnior,2685,4745,Híbrido
1597,Desenvolvimento Backend,São Paulo - SP,Sênior,9535,15961,Remoto
1598,Suporte / Infraestrutura,Rio de Janeiro - RJ,Sênior,10299,15357,Híbrido
1599,Dados / BI,São Paulo - SP,Pleno,5473,9098,Remoto
1600,Suporte / Infraestrutura,São Paulo - SP,Júnior,2615,4470,Remoto
1601,Desenvolvimento Backend,Remoto (Brasil),Júnior,2714,4359,Híbrido
1602,Desenvolvimento Backend,Rio de Janeiro - RJ,Sênior,10291,16071,Presencial
1603,Suporte / Infraestrutura,Rio de Janeiro - RJ,Pleno,5365,9005,Remoto
1604,Desenvolvimento Frontend,São Paulo - SP,Sênior,10076,15348,Híbrido
1605,Dados / BI,Remoto (Brasil),Pleno,5142,8996,Remoto
1606,Suporte / Infraestrutura,Rio de Janeiro - RJ,Júnior,2602,4579,Remoto
1607,Suporte / Infraestrutura,Rio de Janeiro - RJ,Pleno,5228,9225,Presencial
1608,Desenvolvimento Backend,Rio de Janeiro - RJ,Pleno,5059,9123,Remoto
1609,Suporte / Infraestrutura,São Paulo - SP,Júnior,2515,4581,Híbrido
1610,Suporte / Infraestrutura,São Paulo - SP,Sênior,9827,15799,Híbrido
1611,Dados / BI,São Paulo - SP,Júnior,2599,4603,Presencial
1612,Desenvolvimento Backend,Rio de Janeiro - RJ,Pleno,5037,9129,Remoto
1613,Desenvolvimento Frontend,Remoto (Brasil),Júnior,2582,4719,Remoto
1614,Desenvolvimento Frontend,São Paulo - SP,Júnior,2732,4385,Híbrido
1615,Desenvolvimento Backend,Remoto (Brasil),Sênior,9943,16528,Híbrido
1616,Desenvolvimento Backend,Rio de Janeiro - RJ,Sênior,9540,16056,Presencial
1617,Desenvolvimento Frontend,São Paulo - SP,Sênior,10375,16262,Remoto
1618,Dados / BI,São Paulo - SP,Júnior,2632,4635,Híbrido
1619,Dados / BI,São Paulo - SP,Sênior,9831,15790,Híbrido
1620,Dados / BI,São Paulo - SP,Júnior,2608,4662,Híbrido
1621,Suporte / Infraestrutura,Remoto (Brasil),Pleno,5164,8759,Remoto
1622,Suporte / Infraestrutura,Remoto (Brasil),Sênior,9687,16626,Híbrido
1623,Desenvolvimento Backend,Remoto (Brasil),Pleno,5174,8699,Presencial
1624,Desenvolvimento Backend,São Paulo - SP,Sênior,9503,15436,Híbrido
1625,Suporte / Infraestrutura,São Paulo - SP,Júnior,2609,4641,Remoto
1626,Suporte / Infraestrutura,São Paulo - SP,Júnior,2694,4730,Remoto
1627,Suporte / Infraestrutura,São Paulo - SP,Júnior,2524,4793,Remoto
1628,Desenvolvimento Frontend,Rio de Janeiro - RJ,Pleno,5141,8841,Híbrido
1629,Desenvolvimento Backend,Remoto (Brasil),Sênior,9862,15784,Híbrido
1630,Suporte / Infraestrutura,São Paulo - SP,Júnior,2657,4328,Remoto
1631,Dados / BI,São Paulo - SP,Pleno,5123,9020,Remoto
1632,Dados / BI,São Paulo - SP,Júnior,2648,4760,Remoto
1633,Dados / BI,Rio de Janeiro - RJ,Pleno,5226,8703,Remoto
1634,Desenvolvimento Frontend,Remoto (Brasil),Pleno,5448,9086,Híbrido
1635,Dados / BI,São Paulo - SP,Pleno,5190,8697,Remoto
1636,Suporte / Infraestrutura,São Paulo - SP,Júnior,2683,4468,Híbrido
1637,Dados / BI,São Paulo - SP,Pleno,5011,8948,Remoto
1638,Desenvolvimento Frontend,São Paulo - SP,Pleno,5223,8811,Remoto
1639,Dados / BI,Remoto (Brasil),Pleno,5264,9163,Remoto
1640,Desenvolvimento Backend,São Paulo - SP,Júnior,2734,4401,Híbrido
1641,Desenvolvimento Frontend,São Paulo - SP,Júnior,2536,4759,Remoto
1642,Desenvolvimento Backend,São Paulo - SP,Júnior,2523,4637,Híbrido
1643,Suporte / Infraestrutura,São Paulo - SP,Júnior,2504,4733,Híbrido
1644,Suporte / Infraestrutura,São Paulo - SP,Júnior,2618,4603,Híbrido
1645,Suporte / Infraestrutura,São Paulo - SP,Júnior,2569,4582,Remoto
1646,Suporte / Infraestrutura,São Paulo - SP,Júnior,2720,4631,Remoto
1647,Suporte / Infraestrutura,São Paulo - SP,Júnior,2663,4630,Remoto
1648,Desenvolvimento Frontend,Rio de Janeiro - RJ,Sênior,10193,16844,Híbrido
1649,Desenvolvimento Backend,São Paulo - SP,Sênior,9914,16839,Remoto
1650,Desenvolvimento Backend,São Paulo - SP,Júnior,2594,4751,Remoto
1651,Desenvolvimento Frontend,São Paulo - SP,Júnior,2504,4430,Remoto
1652,Desenvolvimento Backend,São Paulo - SP,Sênior,10425,16199,Presencial
1653,Suporte / Infraestrutura,Remoto (Brasil),Pleno,5026,8801,Remoto
1654,Desenvolvimento Backend,Remoto (Brasil),Sênior,10393,16187,Remoto
1655,Desenvolvimento Frontend,Rio de Janeiro - RJ,Sênior,9569,16021,Remoto
1656,Desenvolvimento Backend,Rio de Janeiro - RJ,Júnior,2506,4580,Remoto
1657,Desenvolvimento Frontend,São Paulo - SP,Júnior,2583,4465,Híbrido
1658,Dados / BI,Rio de Janeiro - RJ,Sênior,10246,16833,Remoto
1659,Desenvolvimento Backend,São Paulo - SP,Pleno,5325,8823,Remoto
1660,Suporte / Infraestrutura,Remoto (Brasil),Júnior,2577,4326,Remoto
1661,Dados / BI,São Paulo - SP,Sênior,9937,16420,Remoto
1662,Desenvolvimento Backend,Rio de Janeiro - RJ,Pleno,5402,8617,Remoto
1663,Dados / BI,São Paulo - SP,Sênior,9850,16563,Híbrido
1664,Dados / BI,São Paulo - SP,Júnior,2674,4747,Híbrido
1665,Desenvolvimento Backend,São Paulo - SP,Júnior,2740,4580,Remoto
1666,Suporte / Infraestrutura,Rio de Janeiro - RJ,Júnior,2700,4432,Presencial
1667,Desenvolvimento Frontend,São Paulo - SP,Pleno,5211,9310,Remoto
1668,Desenvolvimento Backend,São Paulo - SP,Sênior,9567,16887,Híbrido
1669,Suporte / Infraestrutura,Remoto (Brasil),Pleno,5015,8891,Híbrido
1670,Desenvolvimento Backend,São Paulo - SP,Sênior,9905,16505,Híbrido
1671,Desenvolvimento Frontend,Rio de Janeiro - RJ,Júnior,2583,4623,Remoto
1672,Suporte / Infraestrutura,São Paulo - SP,Júnior,2609,4572,Remoto
1673,Dados / BI,São Paulo - SP,Sênior,9875,16690,Remoto
1674,Suporte / Infraestrutura,São Paulo - SP,Júnior,2649,4362,Presencial
1675,Suporte / Infraestrutura,Rio de Janeiro - RJ,Júnior,2574,4635,Remoto
1676,Dados / BI,São Paulo - SP,Júnior,2664,4717,Remoto
1677,Desenvolvimento Backend,Rio de Janeiro - RJ,Pleno,5173,9230,Remoto
1678,Suporte / Infraestrutura,Rio de Janeiro - RJ,Pleno,5413,8790,Híbrido
1679,Suporte / Infraestrutura,Rio de Janeiro - RJ,Júnior,2515,4620,Remoto
1680,Desenvolvimento Frontend,Remoto (Brasil),Júnior,2585,4672,Remoto
1681,Dados / BI,São Paulo - SP,Pleno,5343,9115,Remoto
1682,Suporte / Infraestrutura,Remoto (Brasil),Júnior,2512,4336,Híbrido
1683,Desenvolvimento Frontend,Rio de Janeiro - RJ,Sênior,10383,15962,Presencial
1684,Suporte / Infraestrutura,Remoto (Brasil),Sênior,9688,15315,Remoto
1685,Desenvolvimento Backend,São Paulo - SP,Júnior,2510,4772,Híbrido
1686,Dados / BI,Remoto (Brasil),Sênior,10146,16038,Híbrido
1687,Desenvolvimento Frontend,Remoto (Brasil),Pleno,5108,8701,Remoto
1688,Dados / BI,São Paulo - SP,Sênior,9965,16772,Remoto
1689,Desenvolvimento Frontend,Remoto (Brasil),Pleno,5405,8614,Presencial
1690,Suporte / Infraestrutura,São Paulo - SP,Júnior,2567,4473,Presencial
1691,Desenvolvimento Backend,Remoto (Brasil),Júnior,2635,4437,Remoto
1692,Suporte / Infraestrutura,Rio de Janeiro - RJ,Sênior,9780,16396,Híbrido
1693,Suporte / Infraestrutura,São Paulo - SP,Pleno,5282,8844,Híbrido
1694,Desenvolvimento Frontend,Remoto (Brasil),Pleno,5007,9251,Remoto
1695,Desenvolvimento Backend,São Paulo - SP,Pleno,5086,9223,Remoto
1696,Desenvolvimento Backend,Remoto (Brasil),Júnior,2738,4467,Presencial
1697,Desenvolvimento Backend,São Paulo - SP,Sênior,9503,15790,Remoto
1698,Desenvolvimento Frontend,São Paulo - SP,Sênior,10047,16252,Híbrido
1699,Suporte / Infraestrutura,São Paulo - SP,Pleno,5096,9108,Remoto
1700,Desenvolvimento Backend,São Paulo - SP,Pleno,5353,9097,Híbrido
1701,Desenvolvimento Frontend,Remoto (Brasil),Sênior,10294,16962,Híbrido
1702,Desenvolvimento Backend,São Paulo - SP,Pleno,5034,9312,Remoto
1703,Desenvolvimento Backend,Rio de Janeiro - RJ,Sênior,9537,16227,Remoto
1704,Desenvolvimento Frontend,Remoto (Brasil),Júnior,2580,4761,Híbrido
1705,Dados / BI,São Paulo - SP,Pleno,5242,9056,Remoto
1706,Desenvolvimento Backend,Remoto (Brasil),Pleno,5019,9429,Híbrido
1707,Suporte / Infraestrutura,São Paulo - SP,Júnior,2717,4530,Híbrido
1708,Desenvolvimento Backend,Remoto (Brasil),Júnior,2572,4487,Híbrido
1709,Suporte / Infraestrutura,São Paulo - SP,Júnior,2524,4455,Híbrido
1710,Suporte / Infraestrutura,São Paulo - SP,Júnior,2579,4750,Remoto
1711,Desenvolvimento Backend,Remoto (Brasil),Sênior,9819,16160,Remoto
1712,Desenvolvimento Frontend,Rio de Janeiro - RJ,Pleno,5054,9462,Remoto
1713,Desenvolvimento Backend,São Paulo - SP,Pleno,5406,8803,Híbrido
1714,Dados / BI,Remoto (Brasil),Sênior,9981,15747,Presencial
1715,Dados / BI,São Paulo - SP,Pleno,5208,8555,Remoto
1716,Dados / BI,São Paulo - SP,Pleno,5098,9394,Presencial
1717,Desenvolvimento Backend,São Paulo - SP,Júnior,2719,4775,Remoto
1718,Dados / BI,São Paulo - SP,Pleno,5382,8809,Remoto
1719,Dados / BI,Rio de Janeiro - RJ,Sênior,10262,15395,Presencial
1720,Suporte / Infraestrutura,São Paulo - SP,Pleno,5367,8663,Remoto
1721,Desenvolvimento Backend,Rio de Janeiro - RJ,Júnior,2665,4722,Híbrido
1722,Dados / BI,Rio de Janeiro - RJ,Pleno,5103,9428,Remoto
1723,Desenvolvimento Frontend,São Paulo - SP,Sênior,9748,16303,Remoto
1724,Desenvolvimento Backend,Remoto (Brasil),Júnior,2727,4746,Remoto
1725,Desenvolvimento Frontend,São Paulo - SP,Júnior,2571,4410,Remoto
1726,Desenvolvimento Backend,São Paulo - SP,Júnior,2557,4550,Remoto
1727,Desenvolvimento Backend,Rio de Janeiro - RJ,Sênior,9517,16899,Remoto
1728,Desenvolvimento Backend,Remoto (Brasil),Pleno,5353,8651,Remoto
1729,Desenvolvimento Backend,Rio de Janeiro - RJ,Júnior,2730,4464,Presencial
1730,Dados / BI,Remoto (Brasil),Sênior,10443,15674,Híbrido
1731,Desenvolvimento Frontend,Remoto (Brasil),Pleno,5174,8551,Remoto
1732,Dados / BI,Rio de Janeiro - RJ,Júnior,2705,4459,Remoto
1733,Suporte / Infraestrutura,São Paulo - SP,Sênior,9832,15393,Híbrido
1734,Desenvolvimento Backend,São Paulo - SP,Pleno,5353,8628,Presencial
1735,Desenvolvimento Backend,São Paulo - SP,Pleno,5378,8624,Remoto
1736,Dados / BI,São Paulo - SP,Júnior,2502,4790,Híbrido
1737,Desenvolvimento Backend,São Paulo - SP,Júnior,2587,4792,Híbrido
1738,Desenvolvimento Backend,Rio de Janeiro - RJ,Pleno,5389,8796,Híbrido
1739,Suporte / Infraestrutura,São Paulo - SP,Sênior,10001,16973,Híbrido
1740,Dados / BI,São Paulo - SP,Pleno,5000,8987,Remoto
1741,Desenvolvimento Backend,Rio de Janeiro - RJ,Pleno,5010,9233,Híbrido
1742,Desenvolvimento Backend,São Paulo - SP,Júnior,2553,4421,Híbrido
1743,Desenvolvimento Frontend,São Paulo - SP,Pleno,5370,8759,Presencial
1744,Desenvolvimento Backend,Remoto (Brasil),Pleno,5087,8933,Remoto
1745,Desenvolvimento Backend,São Paulo - SP,Júnior,2539,4532,Remoto
1746,Suporte / Infraestrutura,São Paulo - SP,Pleno,5346,9093,Presencial
1747,Desenvolvimento Backend,São Paulo - SP,Pleno,5406,9005,Remoto
1748,Suporte / Infraestrutura,Rio de Janeiro - RJ,Sênior,9976,15486,Remoto
1749,Desenvolvimento Frontend,São Paulo - SP,Sênior,9615,16447,Híbrido
1750,Dados / BI,São Paulo - SP,Júnior,2719,4630,Híbrido
1751,Desenvolvimento Frontend,Remoto (Brasil),Pleno,5132,8817,Remoto
1752,Desenvolvimento Backend,São Paulo - SP,Júnior,2705,4724,Remoto
1753,Suporte / Infraestrutura,São Paulo - SP,Pleno,5041,9305,Presencial
1754,Desenvolvimento Backend,Rio de Janeiro - RJ,Júnior,2502,4719,Remoto
1755,Desenvolvimento Backend,Remoto (Brasil),Sênior,10099,15466,Remoto
1756,Dados / BI,Rio de Janeiro - RJ,Pleno,5029,9356,Remoto
1757,Desenvolvimento Backend,São Paulo - SP,Sênior,10016,16622,Híbrido
1758,Desenvolvimento Backend,Remoto (Brasil),Pleno,5276,9038,Híbrido
1759,Desenvolvimento Frontend,São Paulo - SP,Júnior,2620,4340,Remoto
1760,Desenvolvimento Frontend,Rio de Janeiro - RJ,Júnior,2588,4645,Remoto
1761,Desenvolvimento Backend,São Paulo - SP,Júnior,2538,4728,Híbrido
1762,Desenvolvimento Frontend,São Paulo - SP,Sênior,10303,16481,Híbrido
1763,Dados / BI,São Paulo - SP,Júnior,2654,4758,Remoto
1764,Suporte / Infraestrutura,Rio de Janeiro - RJ,Sênior,10450,15550,Remoto
1765,Dados / BI,Remoto (Brasil),Sênior,10159,15663,Remoto
1766,Desenvolvimento Backend,São Paulo - SP,Pleno,5032,8959,Remoto
1767,Dados / BI,Remoto (Brasil),Pleno,5371,8724,Remoto
1768,Dados / BI,São Paulo - SP,Pleno,5066,8927,Presencial
1769,Desenvolvimento Frontend,Remoto (Brasil),Pleno,5020,9391,Híbrido
1770,Desenvolvimento Backend,Remoto (Brasil),Júnior,2603,4723,Remoto
1771,Desenvolvimento Frontend,Remoto (Brasil),Pleno,5342,8636,Híbrido
1772,Desenvolvimento Backend,Rio de Janeiro - RJ,Pleno,5469,9490,Remoto
1773,Suporte / Infraestrutura,São Paulo - SP,Pleno,5091,9400,Híbrido
1774,Suporte / Infraestrutura,Remoto (Brasil),Júnior,2663,4349,Remoto
1775,Desenvolvimento Backend,Remoto (Brasil),Júnior,2712,4589,Híbrido
1776,Dados / BI,Rio de Janeiro - RJ,Sênior,9592,15493,Híbrido
1777,Dados / BI,Rio de Janeiro - RJ,Júnior,2651,4366,Remoto
1778,Suporte / Infraestrutura,São Paulo - SP,Sênior,9540,16132,Presencial
1779,Suporte / Infraestrutura,Remoto (Brasil),Sênior,10378,16133,Presencial
1780,Suporte / Infraestrutura,São Paulo - SP,Júnior,2527,4491,Híbrido
1781,Dados / BI,Rio de Janeiro - RJ,Pleno,5170,9033,Presencial
1782,Suporte / Infraestrutura,São Paulo - SP,Sênior,10429,16150,Remoto
1783,Desenvolvimento Backend,São Paulo - SP,Júnior,2518,4733,Híbrido
1784,Suporte / Infraestrutura,São Paulo - SP,Pleno,5244,8901,Híbrido
1785,Desenvolvimento Backend,São Paulo - SP,Júnior,2654,4578,Remoto
1786,Dados / BI,Rio de Janeiro - RJ,Júnior,2739,4338,Presencial
1787,Desenvolvimento Frontend,São Paulo - SP,Sênior,9845,15786,Híbrido
1788,Suporte / Infraestrutura,São Paulo - SP,Pleno,5218,9349,Híbrido
1789,Desenvolvimento Backend,São Paulo - SP,Pleno,5452,9172,Híbrido
1790,Suporte / Infraestrutura,Remoto (Brasil),Sênior,9717,15504,Remoto
1791,Dados / BI,Remoto (Brasil),Pleno,5093,8996,Híbrido
1792,Suporte / Infraestrutura,São Paulo - SP,Sênior,9797,16835,Presencial
1793,Desenvolvimento Backend,São Paulo - SP,Pleno,5229,9348,Remoto
1794,Desenvolvimento Backend,Rio de Janeiro - RJ,Pleno,5314,9291,Remoto
1795,Desenvolvimento Frontend,Rio de Janeiro - RJ,Pleno,5024,9069,Presencial
1796,Suporte / Infraestrutura,Rio de Janeiro - RJ,Pleno,5130,9146,Presencial
1797,Suporte / Infraestrutura,São Paulo - SP,Sênior,10157,16538,Híbrido
1798,Desenvolvimento Backend,São Paulo - SP,Pleno,5487,9132,Remoto
1799,Suporte / Infraestrutura,Remoto (Brasil),Júnior,2658,4725,Remoto
1800,Suporte / Infraestrutura,Rio de Janeiro - RJ,Sênior,9728,15902,Remoto
1801,Desenvolvimento Frontend,São Paulo - SP,Sênior,9984,15617,Presencial
1802,Desenvolvimento Backend,Rio de Janeiro - RJ,Pleno,5383,8771,Híbrido
1803,Suporte / Infraestrutura,Remoto (Brasil),Júnior,2562,4780,Presencial
1804,Desenvolvimento Backend,São Paulo - SP,Sênior,10408,16659,Híbrido
1805,Desenvolvimento Backend,São Paulo - SP,Pleno,5434,9352,Híbrido
1806,Desenvolvimento Frontend,São Paulo - SP,Pleno,5293,8937,Híbrido
1807,Suporte / Infraestrutura,São Paulo - SP,Sênior,10403,15598,Remoto
1808,Desenvolvimento Backend,Remoto (Brasil),Júnior,2638,4396,Presencial
1809,Desenvolvimento Backend,São Paulo - SP,Júnior,2692,4434,Remoto
1810,Desenvolvimento Frontend,Rio de Janeiro - RJ,Sênior,10281,16092,Remoto
1811,Desenvolvimento Backend,Rio de Janeiro - RJ,Sênior,10343,15352,Remoto
1812,Desenvolvimento Backend,Remoto (Brasil),Júnior,2661,4630,Híbrido
1813,Suporte / Infraestrutura,São Paulo - SP,Pleno,5446,9146,Híbrido
1814,Desenvolvimento Frontend,Remoto (Brasil),Júnior,2504,4778,Remoto
1815,Suporte / Infraestrutura,São Paulo - SP,Sênior,10243,16125,Remoto
1816,Dados / BI,Remoto (Brasil),Júnior,2723,4571,Híbrido
1817,Desenvolvimento Backend,São Paulo - SP,Júnior,2699,4454,Presencial
1818,Suporte / Infraestrutura,Remoto (Brasil),Pleno,5045,8685,Remoto
1819,Suporte / Infraestrutura,São Paulo - SP,Pleno,5239,9107,Híbrido
1820,Desenvolvimento Backend,São Paulo - SP,Júnior,2597,4377,Remoto
1821,Desenvolvimento Backend,São Paulo - SP,Pleno,5176,8935,Presencial
1822,Dados / BI,São Paulo - SP,Júnior,2651,4345,Remoto
1823,Desenvolvimento Backend,Rio de Janeiro - RJ,Pleno,5498,9387,Remoto
1824,Dados / BI,Rio de Janeiro - RJ,Sênior,9907,16263,Híbrido
1825,Desenvolvimento Backend,Remoto (Brasil),Júnior,2547,4358,Presencial
1826,Desenvolvimento Backend,São Paulo - SP,Pleno,5423,8736,Presencial
1827,Suporte / Infraestrutura,São Paulo - SP,Pleno,5174,9302,Presencial
1828,Desenvolvimento Backend,Rio de Janeiro - RJ,Sênior,10368,16355,Remoto
1829,Suporte / Infraestrutura,São Paulo - SP,Sênior,9523,16309,Híbrido
1830,Suporte / Infraestrutura,São Paulo - SP,Sênior,10008,15783,Remoto
1831,Desenvolvimento Backend,Rio de Janeiro - RJ,Pleno,5087,8734,Presencial
1832,Desenvolvimento Frontend,São Paulo - SP,Pleno,5007,9345,Remoto
1833,Suporte / Infraestrutura,Remoto (Brasil),Júnior,2666,4714,Híbrido
1834,Dados / BI,Remoto (Brasil),Pleno,5488,8590,Híbrido
1835,Suporte / Infraestrutura,São Paulo - SP,Sênior,9629,15377,Presencial
1836,Desenvolvimento Backend,São Paulo - SP,Pleno,5366,9258,Presencial
1837,Dados / BI,São Paulo - SP,Pleno,5262,9116,Híbrido
1838,Dados / BI,São Paulo - SP,Sênior,10269,15373,Remoto
1839,Dados / BI,São Paulo - SP,Pleno,5244,8750,Remoto
1840,Dados / BI,São Paulo - SP,Pleno,5368,9192,Remoto
1841,Desenvolvimento Frontend,Rio de Janeiro - RJ,Pleno,5468,8996,Híbrido
1842,Dados / BI,Rio de Janeiro - RJ,Sênior,10044,15951,Remoto
1843,Desenvolvimento Backend,São Paulo - SP,Júnior,2513,4676,Híbrido
1844,Desenvolvimento Frontend,São Paulo - SP,Pleno,5169,9252,Remoto
1845,Desenvolvimento Frontend,São Paulo - SP,Pleno,5398,9314,Presencial
1846,Desenvolvimento Frontend,Rio de Janeiro - RJ,Pleno,5100,8693,Híbrido
1847,Suporte / Infraestrutura,Remoto (Brasil),Sênior,10308,16101,Presencial
1848,Desenvolvimento Backend,Remoto (Brasil),Sênior,9848,16129,Remoto
1849,Desenvolvimento Backend,Rio de Janeiro - RJ,Pleno,5477,9044,Remoto
1850,Dados / BI,São Paulo - SP,Sênior,9727,16003,Híbrido
1851,Desenvolvimento Frontend,São Paulo - SP,Júnior,2743,4650,Remoto
1852,Suporte / Infraestrutura,Rio de Janeiro - RJ,Pleno,5348,8844,Remoto
1853,Suporte / Infraestrutura,São Paulo - SP,Sênior,10415,16349,Híbrido
1854,Desenvolvimento Frontend,São Paulo - SP,Júnior,2713,4680,Remoto
1855,Desenvolvimento Backend,São Paulo - SP,Pleno,5045,8883,Remoto
1856,Desenvolvimento Backend,São Paulo - SP,Júnior,2658,4773,Remoto
1857,Suporte / Infraestrutura,Remoto (Brasil),Sênior,9546,15332,Remoto
1858,Desenvolvimento Backend,São Paulo - SP,Júnior,2698,4501,Híbrido
1859,Suporte / Infraestrutura,Remoto (Brasil),Pleno,5309,9300,Remoto
1860,Desenvolvimento Frontend,Remoto (Brasil),Pleno,5438,9335,Híbrido
1861,Suporte / Infraestrutura,São Paulo - SP,Sênior,9926,15419,Remoto
1862,Desenvolvimento Frontend,Remoto (Brasil),Pleno,5172,9072,Presencial
1863,Dados / BI,Remoto (Brasil),Júnior,2682,4750,Presencial
1864,Desenvolvimento Frontend,São Paulo - SP,Sênior,10331,16719,Presencial
1865,Desenvolvimento Backend,Remoto (Brasil),Sênior,9881,16609,Híbrido
1866,Desenvolvimento Frontend,São Paulo - SP,Sênior,9618,16936,Remoto
1867,Desenvolvimento Frontend,Remoto (Brasil),Pleno,5324,9198,Remoto
1868,Dados / BI,Remoto (Brasil),Pleno,5196,8945,Remoto
1869,Dados / BI,São Paulo - SP,Sênior,10236,15899,Remoto
1870,Desenvolvimento Frontend,Remoto (Brasil),Pleno,5085,9491,Remoto
1871,Desenvolvimento Backend,Rio de Janeiro - RJ,Pleno,5413,9385,Remoto
1872,Dados / BI,São Paulo - SP,Sênior,10160,15314,Presencial
1873,Desenvolvimento Backend,São Paulo - SP,Pleno,5250,8713,Remoto
1874,Desenvolvimento Frontend,São Paulo - SP,Pleno,5044,9231,Híbrido
1875,Desenvolvimento Backend,Remoto (Brasil),Sênior,10075,16585,Presencial
1876,Desenvolvimento Frontend,São Paulo - SP,Júnior,2658,4366,Remoto
1877,Dados / BI,São Paulo - SP,Júnior,2612,4381,Híbrido
1878,Suporte / Infraestrutura,Rio de Janeiro - RJ,Sênior,10245,15744,Remoto
1879,Dados / BI,São Paulo - SP,Pleno,5314,8769,Remoto
1880,Desenvolvimento Backend,São Paulo - SP,Sênior,9577,16611,Remoto
1881,Suporte / Infraestrutura,São Paulo - SP,Sênior,10308,16482,Remoto
1882,Suporte / Infraestrutura,Remoto (Brasil),Pleno,5377,9311,Remoto
1883,Desenvolvimento Backend,Rio de Janeiro - RJ,Pleno,5133,9436,Presencial
1884,Desenvolvimento Backend,São Paulo - SP,Sênior,10096,16198,Remoto
1885,Dados / BI,Remoto (Brasil),Sênior,9979,16855,Híbrido
1886,Suporte / Infraestrutura,Rio de Janeiro - RJ,Júnior,2743,4605,Híbrido
1887,Desenvolvimento Frontend,São Paulo - SP,Júnior,2703,4506,Remoto
1888,Suporte / Infraestrutura,Rio de Janeiro - RJ,Pleno,5250,9171,Híbrido
1889,Dados / BI,Remoto (Brasil),Pleno,5449,8931,Presencial
1890,Suporte / Infraestrutura,São Paulo - SP,Sênior,10309,16966,Presencial
1891,Dados / BI,Remoto (Brasil),Pleno,5041,9384,Remoto
1892,Dados / BI,São Paulo - SP,Sênior,10392,16790,Híbrido
1893,Desenvolvimento Frontend,São Paulo - SP,Sênior,10100,16834,Remoto
1894,Desenvolvimento Backend,São Paulo - SP,Sênior,10023,15694,Remoto
1895,Desenvolvimento Backend,São Paulo - SP,Júnior,2651,4575,Remoto
1896,Desenvolvimento Backend,São Paulo - SP,Júnior,2553,4400,Híbrido
1897,Dados / BI,São Paulo - SP,Júnior,2697,4701,Remoto
1898,Dados / BI,Remoto (Brasil),Júnior,2530,4636,Híbrido
1899,Desenvolvimento Backend,São Paulo - SP,Pleno,5477,8804,Híbrido
1900,Dados / BI,Remoto (Brasil),Júnior,2637,4326,Remoto
1901,Desenvolvimento Backend,Rio de Janeiro - RJ,Júnior,2523,4465,Presencial
1902,Dados / BI,São Paulo - SP,Júnior,2534,4396,Híbrido
1903,Suporte / Infraestrutura,Rio de Janeiro - RJ,Sênior,10238,16079,Híbrido
1904,Dados / BI,São Paulo - SP,Júnior,2699,4675,Presencial
1905,Desenvolvimento Frontend,São Paulo - SP,Júnior,2608,4798,Híbrido
1906,Suporte / Infraestrutura,Remoto (Brasil),Sênior,9765,15453,Presencial
1907,Desenvolvimento Backend,São Paulo - SP,Pleno,5185,9178,Remoto
1908,Dados / BI,São Paulo - SP,Pleno,5226,9286,Presencial
1909,Desenvolvimento Backend,São Paulo - SP,Júnior,2532,4760,Presencial
1910,Desenvolvimento Backend,São Paulo - SP,Sênior,10146,16614,Remoto
1911,Suporte / Infraestrutura,São Paulo - SP,Júnior,2731,4527,Híbrido
1912,Desenvolvimento Frontend,São Paulo - SP,Pleno,5398,8906,Híbrido
1913,Desenvolvimento Frontend,São Paulo - SP,Sênior,9757,16245,Remoto
1914,Desenvolvimento Backend,São Paulo - SP,Sênior,9625,15379,Remoto
1915,Desenvolvimento Frontend,Rio de Janeiro - RJ,Sênior,10000,15631,Remoto
1916,Dados / BI,São Paulo - SP,Júnior,2527,4395,Remoto
1917,Desenvolvimento Backend,São Paulo - SP,Pleno,5052,8802,Híbrido
1918,Desenvolvimento Backend,Rio de Janeiro - RJ,Sênior,9782,16307,Remoto
1919,Dados / BI,São Paulo - SP,Júnior,2636,4760,Híbrido
1920,Desenvolvimento Frontend,Remoto (Brasil),Júnior,2643,4322,Presencial
1921,Desenvolvimento Frontend,São Paulo - SP,Pleno,5130,9408,Remoto
1922,Suporte / Infraestrutura,São Paulo - SP,Júnior,2535,4678,Presencial
1923,Dados / BI,Rio de Janeiro - RJ,Pleno,5159,8888,Remoto
1924,Desenvolvimento Backend,São Paulo - SP,Pleno,5063,9485,Híbrido
1925,Dados / BI,Remoto (Brasil),Sênior,9569,16980,Remoto
1926,Desenvolvimento Backend,Remoto (Brasil),Júnior,2700,4408,Remoto
1927,Suporte / Infraestrutura,Rio de Janeiro - RJ,Sênior,10434,16108,Remoto
1928,Desenvolvimento Frontend,São Paulo - SP,Pleno,5416,8974,Presencial
1929,Desenvolvimento Frontend,São Paulo - SP,Pleno,5487,8600,Híbrido
1930,Dados / BI,São Paulo - SP,Júnior,2676,4583,Híbrido
1931,Suporte / Infraestrutura,São Paulo - SP,Sênior,9770,15638,Remoto
1932,Desenvolvimento Backend,Rio de Janeiro - RJ,Sênior,10364,15651,Híbrido
1933,Suporte / Infraestrutura,Remoto (Brasil),Júnior,2717,4796,Presencial
1934,Dados / BI,Remoto (Brasil),Júnior,2613,4331,Presencial
1935,Desenvolvimento Backend,Rio de Janeiro - RJ,Sênior,9811,16395,Híbrido
1936,Desenvolvimento Frontend,São Paulo - SP,Júnior,2612,4579,Híbrido
1937,Desenvolvimento Frontend,São Paulo - SP,Júnior,2621,4483,Remoto
1938,Dados / BI,Rio de Janeiro - RJ,Pleno,5046,9332,Presencial
1939,Dados / BI,Remoto (Brasil),Pleno,5405,8719,Híbrido
1940,Dados / BI,São Paulo - SP,Sênior,9988,16661,Remoto
1941,Dados / BI,Remoto (Brasil),Sênior,9590,16918,Remoto
1942,Desenvolvimento Backend,São Paulo - SP,Pleno,5090,9049,Híbrido
1943,Suporte / Infraestrutura,Remoto (Brasil),Sênior,9971,16489,Presencial
1944,Dados / BI,São Paulo - SP,Pleno,5144,9405,Presencial
1945,Desenvolvimento Backend,São Paulo - SP,Júnior,2630,4479,Remoto
1946,Suporte / Infraestrutura,Rio de Janeiro - RJ,Sênior,9864,16487,Híbrido
1947,Dados / BI,São Paulo - SP,Sênior,9727,15844,Remoto
1948,Desenvolvimento Frontend,São Paulo - SP,Pleno,5385,9089,Remoto
1949,Suporte / Infraestrutura,São Paulo - SP,Sênior,9615,16501,Híbrido
1950,Suporte / Infraestrutura,São Paulo - SP,Júnior,2684,4528,Presencial
1951,Suporte / Infraestrutura,São Paulo - SP,Pleno,5205,8890,Híbrido
1952,Desenvolvimento Frontend,Rio de Janeiro - RJ,Júnior,2657,4369,Remoto
1953,Suporte / Infraestrutura,Rio de Janeiro - RJ,Pleno,5032,9031,Híbrido
1954,Desenvolvimento Backend,São Paulo - SP,Pleno,5279,9195,Presencial
1955,Desenvolvimento Frontend,Remoto (Brasil),Júnior,2613,4458,Híbrido
1956,Dados / BI,São Paulo - SP,Pleno,5484,8821,Remoto
1957,Suporte / Infraestrutura,Remoto (Brasil),Pleno,5352,9463,Presencial
1958,Desenvolvimento Backend,Remoto (Brasil),Júnior,2531,4634,Híbrido
1959,Suporte / Infraestrutura,São Paulo - SP,Júnior,2737,4515,Remoto
1960,Suporte / Infraestrutura,Remoto (Brasil),Pleno,5031,8782,Remoto
1961,Dados / BI,São Paulo - SP,Pleno,5051,9077,Remoto
1962,Dados / BI,São Paulo - SP,Júnior,2667,4653,Presencial
1963,Suporte / Infraestrutura,São Paulo - SP,Júnior,2735,4512,Híbrido
1964,Desenvolvimento Backend,São Paulo - SP,Sênior,9768,15631,Híbrido
1965,Desenvolvimento Frontend,Remoto (Brasil),Pleno,5014,9134,Híbrido
1966,Suporte / Infraestrutura,Remoto (Brasil),Júnior,2533,4444,Híbrido
1967,Dados / BI,Rio de Janeiro - RJ,Júnior,2607,4492,Híbrido
1968,Desenvolvimento Backend,São Paulo - SP,Júnior,2736,4347,Remoto
1969,Desenvolvimento Frontend,São Paulo - SP,Sênior,10317,16225,Remoto
1970,Desenvolvimento Backend,Remoto (Brasil),Júnior,2507,4373,Remoto
1971,Dados / BI,Rio de Janeiro - RJ,Pleno,5489,8807,Remoto
1972,Desenvolvimento Frontend,Remoto (Brasil),Sênior,9992,16756,Híbrido
1973,Suporte / Infraestrutura,Remoto (Brasil),Júnior,2738,4722,Híbrido
1974,Desenvolvimento Backend,São Paulo - SP,Pleno,5217,8627,Remoto
1975,Desenvolvimento Frontend,São Paulo - SP,Pleno,5452,9040,Presencial
1976,Dados / BI,São Paulo - SP,Pleno,5179,9388,Remoto
1977,Desenvolvimento Frontend,Remoto (Brasil),Pleno,5384,8788,Remoto
1978,Desenvolvimento Backend,São Paulo - SP,Júnior,2667,4508,Presencial
1979,Suporte / Infraestrutura,Rio de Janeiro - RJ,Júnior,2549,4398,Híbrido
1980,Desenvolvimento Frontend,Rio de Janeiro - RJ,Sênior,9586,16223,Híbrido
1981,Desenvolvimento Backend,São Paulo - SP,Júnior,2543,4335,Presencial
1982,Suporte / Infraestrutura,São Paulo - SP,Júnior,2638,4351,Presencial
1983,Desenvolvimento Frontend,Remoto (Brasil),Pleno,5099,8583,Híbrido
1984,Desenvolvimento Frontend,Remoto (Brasil),Júnior,2728,4437,Remoto
1985,Desenvolvimento Backend,São Paulo - SP,Pleno,5324,9308,Remoto
1986,Desenvolvimento Frontend,Rio de Janeiro - RJ,Pleno,5034,9412,Remoto
1987,Desenvolvimento Backend,Rio de Janeiro - RJ,Júnior,2567,4538,Remoto
1988,Dados / BI,São Paulo - SP,Júnior,2680,4721,Híbrido
1989,Desenvolvimento Frontend,São Paulo - SP,Pleno,5491,9064,Presencial
1990,Dados / BI,Rio de Janeiro - RJ,Sênior,10406,16865,Híbrido
1991,Suporte / Infraestrutura,São Paulo - SP,Sênior,9607,15861,Remoto
1992,Suporte / Infraestrutura,São Paulo - SP,Pleno,5306,9103,Remoto
1993,Desenvolvimento Frontend,Remoto (Brasil),Pleno,5115,9156,Presencial
1994,Desenvolvimento Frontend,São Paulo - SP,Pleno,5255,8580,Híbrido
1995,Suporte / Infraestrutura,São Paulo - SP,Júnior,2647,4605,Remoto
1996,Desenvolvimento Backend,São Paulo - SP,Júnior,2544,4775,Remoto
1997,Desenvolvimento Frontend,São Paulo - SP,Júnior,2732,4335,Remoto
1998,Suporte / Infraestrutura,São Paulo - SP,Júnior,2595,4516,Presencial
1999,Suporte / Infraestrutura,Remoto (Brasil),Júnior,2562,4648,Híbrido
2000,Desenvolvimento Frontend,São Paulo - SP,Pleno,5070,8749,Remoto
2001,Suporte / Infraestrutura,São Paulo - SP,Sênior,9517,16236,Híbrido
2002,Desenvolvimento Frontend,São Paulo - SP,Júnior,2690,4621,Presencial
2003,Desenvolvimento Frontend,São Paulo - SP,Pleno,5459,9234,Presencial
2004,Dados / BI,São Paulo - SP,Pleno,5444,8638,Híbrido
2005,Dados / BI,Remoto (Brasil),Pleno,5472,9488,Híbrido
2006,Desenvolvimento Backend,Rio de Janeiro - RJ,Pleno,5280,8757,Híbrido
2007,Desenvolvimento Frontend,São Paulo - SP,Pleno,5198,9171,Remoto
2008,Desenvolvimento Frontend,Remoto (Brasil),Sênior,10079,15542,Remoto
2009,Suporte / Infraestrutura,Remoto (Brasil),Pleno,5185,9014,Remoto
2010,Suporte / Infraestrutura,São Paulo - SP,Júnior,2725,4679,Remoto
2011,Suporte / Infraestrutura,São Paulo - SP,Júnior,2718,4322,Remoto
2012,Desenvolvimento Frontend,São Paulo - SP,Sênior,9620,16243,Híbrido
2013,Dados / BI,São Paulo - SP,Júnior,2519,4369,Presencial
2014,Suporte / Infraestrutura,Remoto (Brasil),Júnior,2536,4628,Híbrido
2015,Dados / BI,São Paulo - SP,Sênior,9770,16776,Híbrido
2016,Desenvolvimento Frontend,São Paulo - SP,Sênior,9546,15953,Presencial
2017,Desenvolvimento Backend,Remoto (Brasil),Sênior,10227,16476,Presencial
2018,Desenvolvimento Frontend,São Paulo - SP,Pleno,5486,8604,Presencial
2019,Dados / BI,São Paulo - SP,Júnior,2541,4790,Remoto
2020,Desenvolvimento Backend,São Paulo - SP,Sênior,10336,16358,Remoto
2021,Suporte / Infraestrutura,São Paulo - SP,Pleno,5478,9105,Remoto
2022,Suporte / Infraestrutura,São Paulo - SP,Pleno,5357,9321,Remoto
2023,Suporte / Infraestrutura,Remoto (Brasil),Júnior,2618,4773,Remoto
2024,Suporte / Infraestrutura,São Paulo - SP,Pleno,5116,9386,Remoto
2025,Desenvolvimento Backend,Rio de Janeiro - RJ,Júnior,2610,4623,Remoto
2026,Dados / BI,Rio de Janeiro - RJ,Sênior,9588,16332,Remoto
2027,Desenvolvimento Frontend,São Paulo - SP,Sênior,10034,16259,Híbrido
2028,Suporte / Infraestrutura,São Paulo - SP,Pleno,5059,8973,Remoto
2029,Suporte / Infraestrutura,São Paulo - SP,Pleno,5109,9473,Remoto
2030,Desenvolvimento Frontend,Remoto (Brasil),Sênior,10179,16550,Remoto
2031,Desenvolvimento Backend,São Paulo - SP,Sênior,9868,16196,Remoto
2032,Desenvolvimento Backend,Remoto (Brasil),Sênior,10058,16191,Presencial
2033,Desenvolvimento Backend,Remoto (Brasil),Sênior,10054,16330,Remoto
2034,Desenvolvimento Frontend,São Paulo - SP,Sênior,10370,15910,Remoto
2035,Desenvolvimento Backend,São Paulo - SP,Pleno,5141,9271,Remoto
2036,Desenvolvimento Backend,São Paulo - SP,Pleno,5105,9128,Híbrido
2037,Desenvolvimento Frontend,São Paulo - SP,Sênior,9609,15387,Presencial
2038,Suporte / Infraestrutura,Remoto (Brasil),Júnior,2525,4556,Remoto
2039,Desenvolvimento Frontend,São Paulo - SP,Pleno,5227,9248,Híbrido
2040,Suporte / Infraestrutura,Rio de Janeiro - RJ,Júnior,2709,4790,Presencial
2041,Suporte / Infraestrutura,Remoto (Brasil),Júnior,2730,4480,Presencial
2042,Desenvolvimento Frontend,São Paulo - SP,Pleno,5025,8630,Presencial
2043,Dados / BI,Remoto (Brasil),Sênior,10202,16705,Remoto
2044,Dados / BI,Remoto (Brasil),Pleno,5391,9003,Híbrido
2045,Desenvolvimento Frontend,São Paulo - SP,Pleno,5302,9240,Híbrido
2046,Suporte / Infraestrutura,Rio de Janeiro - RJ,Júnior,2600,4467,Híbrido
2047,Suporte / Infraestrutura,Rio de Janeiro - RJ,Júnior,2589,4384,Híbrido
2048,Dados / BI,São Paulo - SP,Pleno,5032,8623,Presencial
2049,Desenvolvimento Frontend,São Paulo - SP,Pleno,5124,9481,Remoto
2050,Suporte / Infraestrutura,Remoto (Brasil),Pleno,5249,9133,Híbrido
2051,Desenvolvimento Backend,Remoto (Brasil),Sênior,10060,15420,Remoto
2052,Desenvolvimento Backend,São Paulo - SP,Sênior,9990,16325,Presencial
2053,Desenvolvimento Backend,Rio de Janeiro - RJ,Pleno,5191,9432,Remoto
2054,Desenvolvimento Backend,São Paulo - SP,Sênior,9842,15971,Presencial
2055,Desenvolvimento Backend,São Paulo - SP,Júnior,2597,4480,Remoto
2056,Dados / BI,São Paulo - SP,Pleno,5321,8741,Remoto
2057,Dados / BI,Rio de Janeiro - RJ,Júnior,2701,4336,Remoto
2058,Desenvolvimento Frontend,São Paulo - SP,Sênior,10069,16147,Presencial
2059,Suporte / Infraestrutura,Remoto (Brasil),Pleno,5227,8775,Remoto
2060,Desenvolvimento Frontend,São Paulo - SP,Pleno,5404,9106,Remoto
2061,Desenvolvimento Frontend,São Paulo - SP,Júnior,2715,4443,Remoto
2062,Desenvolvimento Frontend,São Paulo - SP,Pleno,5039,8811,Remoto
2063,Desenvolvimento Backend,Remoto (Brasil),Júnior,2588,4751,Remoto
2064,Dados / BI,São Paulo - SP,Júnior,2703,4631,Presencial
2065,Desenvolvimento Frontend,São Paulo - SP,Júnior,2646,4785,Remoto
2066,Dados / BI,São Paulo - SP,Júnior,2611,4428,Híbrido
2067,Dados / BI,Remoto (Brasil),Sênior,9671,16741,Híbrido
2068,Suporte / Infraestrutura,Rio de Janeiro - RJ,Sênior,9990,16395,Híbrido
2069,Desenvolvimento Backend,Rio de Janeiro - RJ,Sênior,10322,16342,Remoto
2070,Dados / BI,Remoto (Brasil),Júnior,2513,4410,Remoto
2071,Desenvolvimento Backend,Remoto (Brasil),Júnior,2522,4462,Presencial
2072,Suporte / Infraestrutura,Rio de Janeiro - RJ,Pleno,5033,8981,Híbrido
2073,Dados / BI,São Paulo - SP,Pleno,5065,8586,Híbrido
2074,Desenvolvimento Frontend,São Paulo - SP,Júnior,2683,4544,Remoto
2075,Desenvolvimento Frontend,São Paulo - SP,Sênior,10277,15567,Remoto
2076,Desenvolvimento Frontend,Remoto (Brasil),Pleno,5422,8608,Remoto
2077,Desenvolvimento Backend,Remoto (Brasil),Júnior,2637,4434,Híbrido
2078,Suporte / Infraestrutura,São Paulo - SP,Júnior,2674,4772,Presencial
2079,Suporte / Infraestrutura,Remoto (Brasil),Sênior,10096,16834,Remoto
2080,Desenvolvimento Backend,Remoto (Brasil),Pleno,5420,8832,Híbrido
2081,Desenvolvimento Frontend,São Paulo - SP,Júnior,2530,4534,Presencial
2082,Suporte / Infraestrutura,Remoto (Brasil),Sênior,9902,16243,Híbrido
2083,Desenvolvimento Frontend,Remoto (Brasil),Júnior,2631,4731,Híbrido
2084,Suporte / Infraestrutura,São Paulo - SP,Júnior,2509,4545,Híbrido
2085,Desenvolvimento Backend,Remoto (Brasil),Júnior,2606,4496,Remoto
2086,Suporte / Infraestrutura,Remoto (Brasil),Pleno,5222,9453,Remoto
2087,Dados / BI,Remoto (Brasil),Pleno,5470,9398,Híbrido
2088,Dados / BI,São Paulo - SP,Pleno,5488,8590,Remoto
2089,Desenvolvimento Backend,São Paulo - SP,Júnior,2710,4684,Remoto
2090,Suporte / Infraestrutura,São Paulo - SP,Júnior,2534,4688,Híbrido
2091,Suporte / Infraestrutura,Remoto (Brasil),Júnior,2562,4453,Remoto
2092,Desenvolvimento Frontend,São Paulo - SP,Sênior,10041,16322,Híbrido
2093,Desenvolvimento Frontend,Remoto (Brasil),Pleno,5345,8825,Híbrido
2094,Desenvolvimento Frontend,Remoto (Brasil),Sênior,9843,15708,Híbrido
2095,Dados / BI,São Paulo - SP,Júnior,2598,4796,Presencial
2096,Desenvolvimento Backend,São Paulo - SP,Júnior,2573,4509,Presencial
2097,Suporte / Infraestrutura,Remoto (Brasil),Júnior,2587,4414,Remoto
2098,Desenvolvimento Backend,Rio de Janeiro - RJ,Júnior,2718,4792,Remoto
2099,Desenvolvimento Frontend,Rio de Janeiro - RJ,Sênior,9772,15671,Híbrido
2100,Suporte / Infraestrutura,São Paulo - SP,Júnior,2729,4400,Presencial
2101,Desenvolvimento Frontend,Rio de Janeiro - RJ,Sênior,9963,16460,Remoto
2102,Suporte / Infraestrutura,Rio de Janeiro - RJ,Pleno,5253,9093,Remoto
2103,Desenvolvimento Backend,Rio de Janeiro - RJ,Pleno,5469,9120,Híbrido
2104,Suporte / Infraestrutura,São Paulo - SP,Pleno,5090,8993,Remoto
2105,Dados / BI,Remoto (Brasil),Pleno,5083,9440,Presencial
2106,Desenvolvimento Frontend,São Paulo - SP,Júnior,2613,4556,Remoto
2107,Dados / BI,Remoto (Brasil),Júnior,2733,4351,Híbrido
2108,Desenvolvimento Frontend,Rio de Janeiro - RJ,Júnior,2737,4799,Híbrido
2109,Desenvolvimento Backend,Rio de Janeiro - RJ,Pleno,5033,8866,Remoto
2110,Suporte / Infraestrutura,Rio de Janeiro - RJ,Júnior,2646,4674,Híbrido
2111,Desenvolvimento Backend,São Paulo - SP,Pleno,5084,9480,Híbrido
2112,Desenvolvimento Backend,Remoto (Brasil),Júnior,2698,4520,Híbrido
2113,Dados / BI,São Paulo - SP,Sênior,9852,15561,Remoto
2114,Desenvolvimento Backend,Remoto (Brasil),Pleno,5417,9003,Remoto
2115,Suporte / Infraestrutura,São Paulo - SP,Pleno,5424,9465,Remoto
2116,Desenvolvimento Frontend,São Paulo - SP,Júnior,2589,4337,Presencial
2117,Suporte / Infraestrutura,São Paulo - SP,Júnior,2655,4574,Remoto
2118,Desenvolvimento Backend,Remoto (Brasil),Pleno,5079,8955,Remoto
2119,Desenvolvimento Frontend,São Paulo - SP,Pleno,5431,9195,Híbrido
2120,Desenvolvimento Backend,São Paulo - SP,Pleno,5067,8698,Remoto
2121,Desenvolvimento Backend,Rio de Janeiro - RJ,Pleno,5008,9199,Híbrido
2122,Suporte / Infraestrutura,São Paulo - SP,Pleno,5078,9284,Remoto
2123,Desenvolvimento Frontend,Rio de Janeiro - RJ,Sênior,9845,15732,Presencial
2124,Desenvolvimento Backend,Remoto (Brasil),Pleno,5442,9367,Remoto
2125,Desenvolvimento Backend,São Paulo - SP,Júnior,2711,4440,Híbrido
2126,Desenvolvimento Backend,São Paulo - SP,Júnior,2668,4356,Híbrido
2127,Dados / BI,Remoto (Brasil),Pleno,5292,9398,Híbrido
2128,Dados / BI,Remoto (Brasil),Júnior,2581,4448,Remoto
2129,Suporte / Infraestrutura,Remoto (Brasil),Júnior,2519,4609,Remoto
2130,Dados / BI,São Paulo - SP,Júnior,2684,4512,Híbrido
2131,Desenvolvimento Backend,Remoto (Brasil),Júnior,2622,4731,Remoto
2132,Suporte / Infraestrutura,São Paulo - SP,Pleno,5036,9187,Remoto
2133,Dados / BI,Remoto (Brasil),Júnior,2562,4704,Remoto
2134,Desenvolvimento Frontend,Rio de Janeiro - RJ,Pleno,5037,8718,Remoto
2135,Suporte / Infraestrutura,Rio de Janeiro - RJ,Pleno,5014,9021,Remoto
2136,Dados / BI,São Paulo - SP,Júnior,2661,4670,Híbrido
2137,Dados / BI,São Paulo - SP,Júnior,2507,4582,Remoto
2138,Desenvolvimento Backend,Rio de Janeiro - RJ,Pleno,5180,9412,Presencial
2139,Desenvolvimento Frontend,São Paulo - SP,Pleno,5471,8840,Presencial
2140,Suporte / Infraestrutura,Remoto (Brasil),Júnior,2639,4660,Híbrido
2141,Suporte / Infraestrutura,São Paulo - SP,Sênior,9591,16159,Remoto
2142,Desenvolvimento Frontend,Rio de Janeiro - RJ,Júnior,2562,4500,Remoto
2143,Dados / BI,Rio de Janeiro - RJ,Sênior,10078,16173,Presencial
2144,Desenvolvimento Frontend,Rio de Janeiro - RJ,Júnior,2645,4676,Híbrido
2145,Desenvolvimento Backend,São Paulo - SP,Júnior,2589,4376,Híbrido
2146,Desenvolvimento Backend,São Paulo - SP,Júnior,2520,4756,Híbrido
2147,Desenvolvimento Backend,São Paulo - SP,Júnior,2668,4542,Remoto
2148,Dados / BI,Remoto (Brasil),Júnior,2729,4476,Presencial
2149,Desenvolvimento Backend,Rio de Janeiro - RJ,Júnior,2648,4550,Híbrido
2150,Desenvolvimento Backend,São Paulo - SP,Pleno,5287,8725,Híbrido
2151,Suporte / Infraestrutura,São Paulo - SP,Pleno,5370,8773,Remoto
2152,Desenvolvimento Backend,São Paulo - SP,Sênior,10084,16212,Híbrido
2153,Desenvolvimento Backend,São Paulo - SP,Sênior,9856,15694,Híbrido
2154,Desenvolvimento Backend,São Paulo - SP,Sênior,9538,15800,Presencial
2155,Desenvolvimento Backend,Remoto (Brasil),Júnior,2685,4632,Presencial
2156,Desenvolvimento Backend,Rio de Janeiro - RJ,Júnior,2699,4378,Híbrido
2157,Dados / BI,São Paulo - SP,Júnior,2649,4492,Presencial
2158,Desenvolvimento Backend,São Paulo - SP,Pleno,5111,8620,Remoto
2159,Desenvolvimento Backend,São Paulo - SP,Pleno,5043,8624,Remoto
2160,Dados / BI,São Paulo - SP,Sênior,9661,16673,Remoto
2161,Desenvolvimento Backend,Rio de Janeiro - RJ,Júnior,2553,4655,Híbrido
2162,Suporte / Infraestrutura,Remoto (Brasil),Sênior,9905,16900,Híbrido
2163,Suporte / Infraestrutura,Rio de Janeiro - RJ,Pleno,5363,9274,Presencial
2164,Desenvolvimento Frontend,São Paulo - SP,Pleno,5497,9048,Remoto
2165,Desenvolvimento Backend,Rio de Janeiro - RJ,Júnior,2581,4349,Híbrido
2166,Desenvolvimento Backend,São Paulo - SP,Júnior,2600,4493,Remoto
2167,Desenvolvimento Backend,Remoto (Brasil),Júnior,2703,4439,Remoto
2168,Desenvolvimento Backend,São Paulo - SP,Júnior,2724,4325,Remoto
2169,Suporte / Infraestrutura,São Paulo - SP,Pleno,5062,9236,Presencial
2170,Suporte / Infraestrutura,Rio de Janeiro - RJ,Pleno,5312,8905,Remoto
2171,Desenvolvimento Backend,São Paulo - SP,Júnior,2520,4782,Híbrido
2172,Desenvolvimento Backend,São Paulo - SP,Pleno,5120,8579,Remoto
2173,Dados / BI,Remoto (Brasil),Sênior,10095,16957,Híbrido
2174,Desenvolvimento Backend,São Paulo - SP,Pleno,5067,8849,Presencial
2175,Suporte / Infraestrutura,São Paulo - SP,Sênior,9973,16794,Híbrido
2176,Dados / BI,São Paulo - SP,Sênior,9923,15516,Remoto
2177,Desenvolvimento Backend,São Paulo - SP,Pleno,5471,9001,Presencial
2178,Suporte / Infraestrutura,Remoto (Brasil),Júnior,2653,4340,Híbrido
2179,Desenvolvimento Frontend,São Paulo - SP,Pleno,5075,8803,Remoto
2180,Desenvolvimento Frontend,Rio de Janeiro - RJ,Sênior,9622,16387,Híbrido
2181,Suporte / Infraestrutura,São Paulo - SP,Júnior,2734,4776,Presencial
2182,Suporte / Infraestrutura,São Paulo - SP,Pleno,5408,9194,Híbrido
2183,Suporte / Infraestrutura,São Paulo - SP,Júnior,2726,4779,Remoto
2184,Desenvolvimento Backend,São Paulo - SP,Pleno,5130,8805,Remoto
2185,Desenvolvimento Frontend,São Paulo - SP,Júnior,2596,4410,Presencial
2186,Dados / BI,São Paulo - SP,Júnior,2688,4320,Remoto
2187,Desenvolvimento Frontend,São Paulo - SP,Sênior,9518,15924,Remoto
2188,Dados / BI,Rio de Janeiro - RJ,Júnior,2720,4511,Remoto
2189,Suporte / Infraestrutura,Remoto (Brasil),Pleno,5319,9268,Remoto
2190,Desenvolvimento Backend,São Paulo - SP,Pleno,5212,8788,Híbrido
2191,Desenvolvimento Frontend,Rio de Janeiro - RJ,Júnior,2539,4328,Remoto
2192,Dados / BI,São Paulo - SP,Júnior,2594,4613,Remoto
2193,Desenvolvimento Backend,Rio de Janeiro - RJ,Sênior,10287,16140,Remoto
2194,Desenvolvimento Backend,Rio de Janeiro - RJ,Pleno,5119,8996,Presencial
2195,Desenvolvimento Backend,São Paulo - SP,Pleno,5488,8734,Híbrido
2196,Desenvolvimento Backend,São Paulo - SP,Pleno,5173,8649,Remoto
2197,Desenvolvimento Backend,São Paulo - SP,Sênior,10221,15621,Presencial
2198,Desenvolvimento Frontend,São Paulo - SP,Júnior,2691,4471,Remoto
2199,Desenvolvimento Backend,São Paulo - SP,Pleno,5255,8961,Remoto
2200,Desenvolvimento Backend,São Paulo - SP,Pleno,5029,8948,Híbrido
2201,Desenvolvimento Frontend,Remoto (Brasil),Sênior,10437,16319,Híbrido
2202,Desenvolvimento Frontend,São Paulo - SP,Pleno,5144,9441,Híbrido
2203,Desenvolvimento Backend,São Paulo - SP,Pleno,5057,9175,Remoto
2204,Desenvolvimento Backend,São Paulo - SP,Pleno,5023,8841,Remoto
2205,Suporte / Infraestrutura,Remoto (Brasil),Pleno,5450,9131,Remoto
2206,Desenvolvimento Backend,São Paulo - SP,Pleno,5304,9177,Híbrido
2207,Suporte / Infraestrutura,São Paulo - SP,Pleno,5029,8774,Híbrido
2208,Desenvolvimento Backend,São Paulo - SP,Júnior,2550,4702,Remoto
2209,Suporte / Infraestrutura,São Paulo - SP,Júnior,2511,4487,Híbrido
2210,Suporte / Infraestrutura,São Paulo - SP,Júnior,2676,4402,Remoto
2211,Suporte / Infraestrutura,Remoto (Brasil),Pleno,5421,9018,Presencial
2212,Dados / BI,Rio de Janeiro - RJ,Júnior,2723,4576,Remoto
2213,Suporte / Infraestrutura,São Paulo - SP,Pleno,5325,8666,Remoto
2214,Desenvolvimento Backend,Remoto (Brasil),Júnior,2698,4375,Híbrido
2215,Dados / BI,São Paulo - SP,Júnior,2557,4687,Presencial
2216,Dados / BI,São Paulo - SP,Pleno,5438,8614,Híbrido
2217,Dados / BI,São Paulo - SP,Júnior,2693,4642,Remoto
2218,Suporte / Infraestrutura,São Paulo - SP,Júnior,2655,4547,Híbrido
2219,Dados / BI,São Paulo - SP,Pleno,5296,9423,Híbrido
2220,Dados / BI,Remoto (Brasil),Pleno,5366,9391,Híbrido
2221,Suporte / Infraestrutura,Rio de Janeiro - RJ,Pleno,5181,9138,Remoto
2222,Desenvolvimento Frontend,Rio de Janeiro - RJ,Pleno,5456,8716,Remoto
2223,Suporte / Infraestrutura,Rio de Janeiro - RJ,Pleno,5377,8855,Remoto
2224,Suporte / Infraestrutura,Rio de Janeiro - RJ,Pleno,5155,8614,Híbrido
2225,Desenvolvimento Backend,São Paulo - SP,Júnior,2674,4574,Remoto
2226,Suporte / Infraestrutura,Remoto (Brasil),Pleno,5410,9172,Remoto
2227,Desenvolvimento Backend,Rio de Janeiro - RJ,Pleno,5322,8901,Remoto
2228,Desenvolvimento Backend,São Paulo - SP,Júnior,2574,4481,Remoto
2229,Desenvolvimento Frontend,Rio de Janeiro - RJ,Sênior,9532,15635,Remoto
2230,Desenvolvimento Backend,Remoto (Brasil),Júnior,2715,4598,Remoto
2231,Dados / BI,Remoto (Brasil),Pleno,5097,9445,Remoto
2232,Dados / BI,Remoto (Brasil),Pleno,5316,9159,Remoto
2233,Suporte / Infraestrutura,Rio de Janeiro - RJ,Júnior,2736,4548,Remoto
2234,Desenvolvimento Frontend,Remoto (Brasil),Pleno,5389,9245,Presencial
2235,Desenvolvimento Backend,São Paulo - SP,Pleno,5049,9121,Remoto
2236,Suporte / Infraestrutura,Rio de Janeiro - RJ,Pleno,5467,9288,Remoto
2237,Suporte / Infraestrutura,São Paulo - SP,Júnior,2528,4643,Remoto
2238,Desenvolvimento Backend,Remoto (Brasil),Júnior,2743,4449,Híbrido
2239,Suporte / Infraestrutura,Remoto (Brasil),Pleno,5475,8960,Remoto
2240,Desenvolvimento Frontend,Remoto (Brasil),Júnior,2582,4786,Presencial
2241,Desenvolvimento Backend,Rio de Janeiro - RJ,Júnior,2718,4412,Remoto
2242,Desenvolvimento Backend,São Paulo - SP,Pleno,5225,9362,Remoto
2243,Desenvolvimento Backend,Remoto (Brasil),Sênior,9881,16523,Presencial
2244,Desenvolvimento Frontend,São Paulo - SP,Pleno,5160,8556,Remoto
2245,Suporte / Infraestrutura,São Paulo - SP,Júnior,2679,4744,Remoto
2246,Suporte / Infraestrutura,São Paulo - SP,Júnior,2722,4354,Híbrido
2247,Dados / BI,São Paulo - SP,Júnior,2697,4458,Híbrido
2248,Dados / BI,São Paulo - SP,Júnior,2546,4619,Híbrido
2249,Desenvolvimento Frontend,Remoto (Brasil),Pleno,5500,9064,Remoto
2250,Desenvolvimento Frontend,São Paulo - SP,Pleno,5326,8598,Remoto
2251,Desenvolvimento Frontend,Rio de Janeiro - RJ,Pleno,5326,8769,Presencial
2252,Suporte / Infraestrutura,Remoto (Brasil),Sênior,9802,15529,Híbrido
2253,Suporte / Infraestrutura,São Paulo - SP,Pleno,5133,8846,Híbrido
2254,Desenvolvimento Backend,Rio de Janeiro - RJ,Júnior,2531,4591,Remoto
2255,Suporte / Infraestrutura,São Paulo - SP,Sênior,9686,16174,Remoto
2256,Desenvolvimento Backend,São Paulo - SP,Pleno,5100,8559,Remoto
2257,Desenvolvimento Frontend,Remoto (Brasil),Pleno,5156,8968,Híbrido
2258,Suporte / Infraestrutura,São Paulo - SP,Júnior,2631,4609,Remoto
2259,Desenvolvimento Frontend,São Paulo - SP,Pleno,5044,9302,Presencial
2260,Dados / BI,Remoto (Brasil),Sênior,9639,16503,Remoto
2261,Dados / BI,Rio de Janeiro - RJ,Júnior,2650,4614,Remoto
2262,Desenvolvimento Backend,Rio de Janeiro - RJ,Júnior,2558,4615,Remoto
2263,Dados / BI,Rio de Janeiro - RJ,Pleno,5209,9229,Remoto
2264,Dados / BI,Remoto (Brasil),Pleno,5264,8854,Remoto
2265,Desenvolvimento Frontend,São Paulo - SP,Pleno,5396,9461,Presencial
2266,Dados / BI,Remoto (Brasil),Júnior,2612,4701,Híbrido
2267,Desenvolvimento Backend,São Paulo - SP,Pleno,5041,9023,Presencial
2268,Desenvolvimento Backend,São Paulo - SP,Júnior,2525,4724,Híbrido
2269,Desenvolvimento Backend,Rio de Janeiro - RJ,Sênior,10035,15514,Híbrido
2270,Desenvolvimento Backend,São Paulo - SP,Sênior,9616,16887,Presencial
2271,Desenvolvimento Backend,Remoto (Brasil),Sênior,9844,16480,Híbrido
2272,Suporte / Infraestrutura,São Paulo - SP,Sênior,10086,16590,Híbrido
2273,Suporte / Infraestrutura,Rio de Janeiro - RJ,Júnior,2720,4537,Híbrido
2274,Desenvolvimento Backend,São Paulo - SP,Pleno,5275,9318,Remoto
2275,Dados / BI,Remoto (Brasil),Pleno,5062,8674,Presencial
2276,Desenvolvimento Frontend,Rio de Janeiro - RJ,Júnior,2665,4763,Remoto
2277,Dados / BI,São Paulo - SP,Pleno,5167,9396,Remoto
2278,Desenvolvimento Frontend,Rio de Janeiro - RJ,Júnior,2554,4685,Remoto
2279,Desenvolvimento Backend,São Paulo - SP,Júnior,2612,4360,Híbrido
2280,Dados / BI,Rio de Janeiro - RJ,Júnior,2658,4350,Remoto
2281,Desenvolvimento Backend,Rio de Janeiro - RJ,Júnior,2670,4446,Híbrido
2282,Desenvolvimento Backend,Rio de Janeiro - RJ,Júnior,2702,4769,Presencial
2283,Suporte / Infraestrutura,São Paulo - SP,Pleno,5429,9070,Remoto
2284,Desenvolvimento Frontend,São Paulo - SP,Pleno,5392,9215,Remoto
2285,Desenvolvimento Backend,Rio de Janeiro - RJ,Pleno,5130,8812,Presencial
2286,Dados / BI,Rio de Janeiro - RJ,Pleno,5490,8881,Presencial
2287,Desenvolvimento Backend,São Paulo - SP,Júnior,2712,4455,Híbrido
2288,Desenvolvimento Backend,São Paulo - SP,Júnior,2750,4429,Remoto
2289,Desenvolvimento Backend,Rio de Janeiro - RJ,Sênior,10393,15509,Remoto
2290,Desenvolvimento Backend,São Paulo - SP,Júnior,2581,4726,Híbrido
2291,Suporte / Infraestrutura,Remoto (Brasil),Pleno,5133,9261,Híbrido
2292,Desenvolvimento Frontend,São Paulo - SP,Júnior,2657,4580,Presencial
2293,Suporte / Infraestrutura,Remoto (Brasil),Sênior,9836,16401,Remoto
2294,Suporte / Infraestrutura,Remoto (Brasil),Júnior,2747,4537,Híbrido
2295,Dados / BI,São Paulo - SP,Júnior,2578,4426,Híbrido
2296,Desenvolvimento Backend,São Paulo - SP,Pleno,5492,9074,Remoto
2297,Desenvolvimento Backend,São Paulo - SP,Júnior,2564,4368,Híbrido
2298,Suporte / Infraestrutura,São Paulo - SP,Sênior,9697,16349,Remoto
2299,Desenvolvimento Backend,Rio de Janeiro - RJ,Sênior,9540,15836,Híbrido
2300,Desenvolvimento Backend,São Paulo - SP,Júnior,2618,4388,Híbrido
2301,Desenvolvimento Backend,Remoto (Brasil),Pleno,5360,8828,Remoto
2302,Desenvolvimento Backend,Rio de Janeiro - RJ,Sênior,10158,15454,Remoto
2303,Dados / BI,São Paulo - SP,Júnior,2692,4461,Remoto
2304,Desenvolvimento Frontend,São Paulo - SP,Júnior,2738,4614,Remoto
2305,Desenvolvimento Backend,São Paulo - SP,Júnior,2536,4414,Remoto
2306,Desenvolvimento Backend,São Paulo - SP,Sênior,9552,15372,Híbrido
2307,Desenvolvimento Frontend,São Paulo - SP,Pleno,5076,9109,Remoto
2308,Desenvolvimento Frontend,São Paulo - SP,Sênior,9900,16943,Remoto
2309,Desenvolvimento Frontend,São Paulo - SP,Pleno,5015,8560,Remoto
2310,Suporte / Infraestrutura,São Paulo - SP,Júnior,2704,4608,Híbrido
2311,Desenvolvimento Frontend,Remoto (Brasil),Pleno,5017,9220,Remoto
2312,Desenvolvimento Frontend,São Paulo - SP,Pleno,5380,9071,Remoto
2313,Suporte / Infraestrutura,São Paulo - SP,Sênior,9759,15947,Presencial
2314,Desenvolvimento Frontend,São Paulo - SP,Júnior,2706,4355,Remoto
2315,Desenvolvimento Backend,São Paulo - SP,Sênior,9648,16989,Remoto
2316,Desenvolvimento Backend,Rio de Janeiro - RJ,Pleno,5073,8900,Presencial
2317,Dados / BI,São Paulo - SP,Júnior,2569,4476,Híbrido
2318,Desenvolvimento Frontend,São Paulo - SP,Júnior,2664,4640,Híbrido
2319,Dados / BI,Remoto (Brasil),Pleno,5418,8857,Presencial
2320,Desenvolvimento Backend,Rio de Janeiro - RJ,Júnior,2638,4499,Remoto
2321,Dados / BI,São Paulo - SP,Júnior,2738,4594,Híbrido
2322,Dados / BI,Remoto (Brasil),Pleno,5146,9300,Híbrido
2323,Desenvolvimento Backend,São Paulo - SP,Pleno,5215,8679,Remoto
2324,Suporte / Infraestrutura,Rio de Janeiro - RJ,Pleno,5118,8998,Híbrido
2325,Desenvolvimento Backend,Remoto (Brasil),Pleno,5043,8997,Híbrido
2326,Desenvolvimento Frontend,São Paulo - SP,Sênior,10286,15712,Remoto
2327,Desenvolvimento Frontend,São Paulo - SP,Pleno,5229,8590,Presencial
2328,Dados / BI,São Paulo - SP,Júnior,2547,4395,Presencial
2329,Desenvolvimento Backend,São Paulo - SP,Pleno,5351,9310,Remoto
2330,Desenvolvimento Backend,São Paulo - SP,Júnior,2515,4330,Híbrido
2331,Desenvolvimento Backend,São Paulo - SP,Júnior,2528,4633,Remoto
2332,Suporte / Infraestrutura,São Paulo - SP,Júnior,2648,4758,Híbrido
2333,Dados / BI,Remoto (Brasil),Pleno,5425,9145,Remoto
2334,Suporte / Infraestrutura,São Paulo - SP,Júnior,2639,4751,Remoto
2335,Dados / BI,Rio de Janeiro - RJ,Sênior,10335,16507,Presencial
2336,Suporte / Infraestrutura,São Paulo - SP,Júnior,2614,4362,Híbrido
2337,Desenvolvimento Backend,Rio de Janeiro - RJ,Júnior,2646,4732,Híbrido
2338,Suporte / Infraestrutura,São Paulo - SP,Júnior,2552,4485,Remoto
2339,Desenvolvimento Backend,São Paulo - SP,Pleno,5305,8806,Remoto
2340,Suporte / Infraestrutura,Rio de Janeiro - RJ,Júnior,2535,4456,Presencial
2341,Suporte / Infraestrutura,São Paulo - SP,Pleno,5305,9494,Remoto
2342,Desenvolvimento Backend,São Paulo - SP,Pleno,5035,9058,Híbrido
2343,Desenvolvimento Backend,São Paulo - SP,Sênior,9921,15938,Remoto
2344,Dados / BI,Rio de Janeiro - RJ,Júnior,2524,4715,Híbrido
2345,Suporte / Infraestrutura,Remoto (Brasil),Sênior,10143,15661,Remoto
2346,Desenvolvimento Backend,São Paulo - SP,Pleno,5452,8582,Remoto
2347,Dados / BI,Rio de Janeiro - RJ,Júnior,2643,4444,Híbrido
2348,Dados / BI,Rio de Janeiro - RJ,Júnior,2731,4385,Remoto
2349,Desenvolvimento Frontend,Remoto (Brasil),Júnior,2636,4686,Remoto
2350,Desenvolvimento Backend,Remoto (Brasil),Sênior,10435,16844,Híbrido
2351,Suporte / Infraestrutura,São Paulo - SP,Sênior,9929,15748,Híbrido
2352,Suporte / Infraestrutura,São Paulo - SP,Júnior,2627,4688,Presencial
2353,Desenvolvimento Backend,Rio de Janeiro - RJ,Júnior,2746,4535,Presencial
2354,Desenvolvimento Frontend,São Paulo - SP,Pleno,5064,9395,Presencial
2355,Desenvolvimento Frontend,São Paulo - SP,Sênior,10220,16957,Remoto
2356,Suporte / Infraestrutura,São Paulo - SP,Sênior,10400,16205,Híbrido
2357,Desenvolvimento Backend,São Paulo - SP,Pleno,5041,9228,Remoto
2358,Desenvolvimento Frontend,Remoto (Brasil),Sênior,9611,16951,Remoto
2359,Desenvolvimento Backend,São Paulo - SP,Sênior,9814,15409,Presencial
2360,Suporte / Infraestrutura,São Paulo - SP,Júnior,2663,4541,Híbrido
2361,Desenvolvimento Backend,Rio de Janeiro - RJ,Sênior,10175,16715,Remoto
2362,Dados / BI,São Paulo - SP,Pleno,5100,9109,Presencial
2363,Dados / BI,São Paulo - SP,Júnior,2586,4666,Híbrido
2364,Suporte / Infraestrutura,Remoto (Brasil),Sênior,10049,15347,Presencial
2365,Desenvolvimento Backend,Rio de Janeiro - RJ,Sênior,9686,15486,Remoto
2366,Dados / BI,São Paulo - SP,Júnior,2507,4380,Híbrido
2367,Desenvolvimento Frontend,São Paulo - SP,Júnior,2742,4442,Presencial
2368,Desenvolvimento Backend,Remoto (Brasil),Júnior,2678,4423,Remoto
2369,Desenvolvimento Backend,São Paulo - SP,Júnior,2503,4427,Híbrido
2370,Suporte / Infraestrutura,São Paulo - SP,Júnior,2710,4558,Presencial
2371,Dados / BI,São Paulo - SP,Sênior,9863,16700,Híbrido
2372,Dados / BI,Remoto (Brasil),Sênior,9977,16982,Remoto
2373,Desenvolvimento Backend,Rio de Janeiro - RJ,Júnior,2586,4591,Presencial
2374,Dados / BI,Rio de Janeiro - RJ,Pleno,5428,9004,Híbrido
2375,Desenvolvimento Backend,São Paulo - SP,Júnior,2558,4559,Híbrido
2376,Desenvolvimento Backend,Rio de Janeiro - RJ,Sênior,9981,15616,Presencial
2377,Desenvolvimento Frontend,São Paulo - SP,Sênior,9757,16285,Remoto
2378,Suporte / Infraestrutura,Rio de Janeiro - RJ,Pleno,5214,9123,Híbrido
2379,Desenvolvimento Frontend,São Paulo - SP,Pleno,5187,9353,Híbrido
2380,Suporte / Infraestrutura,São Paulo - SP,Sênior,9638,15736,Remoto
2381,Suporte / Infraestrutura,São Paulo - SP,Sênior,10116,16669,Híbrido
2382,Desenvolvimento Frontend,Remoto (Brasil),Sênior,10198,16698,Híbrido
2383,Desenvolvimento Backend,São Paulo - SP,Sênior,9591,15959,Presencial
2384,Desenvolvimento Backend,São Paulo - SP,Júnior,2737,4324,Presencial
2385,Dados / BI,São Paulo - SP,Sênior,10219,16832,Híbrido
2386,Desenvolvimento Backend,Remoto (Brasil),Júnior,2506,4325,Híbrido
2387,Desenvolvimento Backend,Rio de Janeiro - RJ,Sênior,9823,15768,Remoto
2388,Suporte / Infraestrutura,Remoto (Brasil),Pleno,5365,9113,Híbrido
2389,Dados / BI,São Paulo - SP,Sênior,9738,15934,Remoto
2390,Desenvolvimento Frontend,Rio de Janeiro - RJ,Pleno,5466,9060,Presencial
2391,Desenvolvimento Frontend,Remoto (Brasil),Pleno,5491,8675,Híbrido
2392,Desenvolvimento Backend,Rio de Janeiro - RJ,Júnior,2639,4714,Remoto
2393,Desenvolvimento Backend,Rio de Janeiro - RJ,Pleno,5254,9068,Presencial
2394,Desenvolvimento Frontend,Remoto (Brasil),Pleno,5415,9162,Remoto
2395,Suporte / Infraestrutura,São Paulo - SP,Pleno,5377,9412,Remoto
2396,Desenvolvimento Backend,Rio de Janeiro - RJ,Pleno,5013,9021,Híbrido
2397,Desenvolvimento Backend,São Paulo - SP,Pleno,5328,9320,Híbrido
2398,Desenvolvimento Backend,São Paulo - SP,Júnior,2504,4717,Híbrido
2399,Desenvolvimento Backend,São Paulo - SP,Pleno,5092,8942,Híbrido
2400,Dados / BI,São Paulo - SP,Júnior,2615,4415,Remoto
2401,Dados / BI,Rio de Janeiro - RJ,Pleno,5456,8936,Presencial
2402,Dados / BI,São Paulo - SP,Sênior,9713,16788,Remoto
2403,Desenvolvimento Frontend,São Paulo - SP,Sênior,9941,16778,Híbrido
2404,Dados / BI,São Paulo - SP,Sênior,9902,16511,Remoto
2405,Suporte / Infraestrutura,Remoto (Brasil),Júnior,2501,4497,Híbrido
2406,Desenvolvimento Frontend,Rio de Janeiro - RJ,Júnior,2718,4550,Híbrido
2407,Desenvolvimento Frontend,São Paulo - SP,Pleno,5029,9304,Remoto
2408,Desenvolvimento Backend,São Paulo - SP,Júnior,2680,4761,Remoto
2409,Desenvolvimento Backend,Rio de Janeiro - RJ,Sênior,9966,16792,Remoto
2410,Desenvolvimento Backend,Remoto (Brasil),Pleno,5054,9329,Híbrido
2411,Suporte / Infraestrutura,Remoto (Brasil),Júnior,2542,4349,Remoto
2412,Desenvolvimento Backend,São Paulo - SP,Pleno,5283,8788,Presencial
2413,Desenvolvimento Backend,Remoto (Brasil),Pleno,5412,8733,Presencial
2414,Suporte / Infraestrutura,Remoto (Brasil),Sênior,9514,15495,Remoto
2415,Suporte / Infraestrutura,São Paulo - SP,Júnior,2639,4332,Híbrido
2416,Desenvolvimento Backend,São Paulo - SP,Sênior,9956,16894,Remoto
2417,Desenvolvimento Backend,Remoto (Brasil),Júnior,2713,4554,Presencial
2418,Suporte / Infraestrutura,Remoto (Brasil),Pleno,5288,8835,Híbrido
2419,Suporte / Infraestrutura,Rio de Janeiro - RJ,Júnior,2601,4707,Híbrido
2420,Dados / BI,São Paulo - SP,Sênior,9832,15522,Híbrido
2421,Suporte / Infraestrutura,Rio de Janeiro - RJ,Pleno,5092,9103,Remoto
2422,Suporte / Infraestrutura,São Paulo - SP,Júnior,2697,4608,Híbrido
2423,Desenvolvimento Frontend,Rio de Janeiro - RJ,Pleno,5421,8725,Presencial
2424,Dados / BI,Remoto (Brasil),Júnior,2691,4640,Remoto
2425,Desenvolvimento Frontend,São Paulo - SP,Pleno,5417,8552,Remoto
2426,Dados / BI,São Paulo - SP,Pleno,5472,8655,Remoto
2427,Suporte / Infraestrutura,Rio de Janeiro - RJ,Pleno,5422,8856,Remoto
2428,Suporte / Infraestrutura,Remoto (Brasil),Júnior,2557,4408,Remoto
2429,Desenvolvimento Backend,São Paulo - SP,Júnior,2517,4340,Presencial
2430,Suporte / Infraestrutura,São Paulo - SP,Pleno,5373,8781,Remoto
2431,Dados / BI,São Paulo - SP,Pleno,5283,9377,Remoto
2432,Dados / BI,Rio de Janeiro - RJ,Sênior,9903,15634,Remoto
2433,Desenvolvimento Backend,São Paulo - SP,Pleno,5330,8786,Presencial
2434,Desenvolvimento Frontend,São Paulo - SP,Sênior,10269,16525,Remoto
2435,Desenvolvimento Backend,São Paulo - SP,Júnior,2623,4555,Presencial
2436,Dados / BI,São Paulo - SP,Pleno,5443,8824,Híbrido
2437,Desenvolvimento Backend,Remoto (Brasil),Pleno,5359,8784,Presencial
2438,Dados / BI,São Paulo - SP,Júnior,2581,4397,Presencial
2439,Desenvolvimento Backend,São Paulo - SP,Júnior,2658,4537,Híbrido
2440,Desenvolvimento Backend,Rio de Janeiro - RJ,Pleno,5272,9474,Remoto
2441,Suporte / Infraestrutura,Rio de Janeiro - RJ,Júnior,2676,4437,Remoto
2442,Desenvolvimento Backend,São Paulo - SP,Júnior,2648,4647,Híbrido
2443,Desenvolvimento Backend,São Paulo - SP,Sênior,9972,16606,Híbrido
2444,Desenvolvimento Frontend,São Paulo - SP,Júnior,2748,4367,Híbrido
2445,Dados / BI,São Paulo - SP,Sênior,10310,15524,Remoto
2446,Suporte / Infraestrutura,Rio de Janeiro - RJ,Pleno,5294,8753,Híbrido
2447,Dados / BI,São Paulo - SP,Júnior,2591,4766,Híbrido
2448,Desenvolvimento Backend,São Paulo - SP,Júnior,2610,4460,Híbrido
2449,Desenvolvimento Frontend,São Paulo - SP,Pleno,5087,9343,Híbrido
2450,Desenvolvimento Backend,Rio de Janeiro - RJ,Pleno,5203,9043,Presencial
2451,Suporte / Infraestrutura,Remoto (Brasil),Júnior,2595,4361,Remoto
2452,Desenvolvimento Backend,São Paulo - SP,Júnior,2527,4593,Remoto
2453,Suporte / Infraestrutura,São Paulo - SP,Júnior,2694,4448,Remoto
2454,Dados / BI,Rio de Janeiro - RJ,Júnior,2646,4409,Remoto
2455,Desenvolvimento Backend,São Paulo - SP,Júnior,2604,4524,Remoto
2456,Desenvolvimento Backend,São Paulo - SP,Pleno,5145,9212,Híbrido
2457,Desenvolvimento Backend,São Paulo - SP,Júnior,2594,4710,Presencial
2458,Suporte / Infraestrutura,Rio de Janeiro - RJ,Sênior,9727,16082,Híbrido
2459,Desenvolvimento Backend,Remoto (Brasil),Júnior,2571,4524,Presencial
2460,Dados / BI,São Paulo - SP,Pleno,5111,9275,Remoto
2461,Suporte / Infraestrutura,Remoto (Brasil),Júnior,2523,4547,Presencial
2462,Dados / BI,Remoto (Brasil),Sênior,9617,15325,Remoto
2463,Desenvolvimento Backend,São Paulo - SP,Pleno,5199,8907,Remoto
2464,Desenvolvimento Frontend,Rio de Janeiro - RJ,Sênior,10035,16041,Híbrido
2465,Suporte / Infraestrutura,São Paulo - SP,Júnior,2749,4343,Presencial
2466,Suporte / Infraestrutura,São Paulo - SP,Pleno,5010,8638,Híbrido
2467,Desenvolvimento Frontend,São Paulo - SP,Júnior,2643,4432,Remoto
2468,Desenvolvimento Backend,Remoto (Brasil),Pleno,5171,9365,Híbrido
2469,Suporte / Infraestrutura,Rio de Janeiro - RJ,Júnior,2723,4470,Remoto
2470,Desenvolvimento Backend,Remoto (Brasil),Júnior,2619,4408,Híbrido
2471,Desenvolvimento Frontend,São Paulo - SP,Júnior,2586,4436,Remoto
2472,Dados / BI,São Paulo - SP,Júnior,2582,4719,Híbrido
2473,Desenvolvimento Backend,São Paulo - SP,Júnior,2672,4538,Remoto
2474,Desenvolvimento Backend,Rio de Janeiro - RJ,Sênior,10035,15836,Remoto
2475,Suporte / Infraestrutura,São Paulo - SP,Sênior,10376,16019,Híbrido
2476,Suporte / Infraestrutura,Rio de Janeiro - RJ,Júnior,2641,4793,Remoto
2477,Suporte / Infraestrutura,Rio de Janeiro - RJ,Pleno,5418,9079,Híbrido
2478,Suporte / Infraestrutura,Remoto (Brasil),Pleno,5056,8561,Híbrido
2479,Desenvolvimento Frontend,São Paulo - SP,Pleno,5148,8791,Remoto
2480,Desenvolvimento Frontend,São Paulo - SP,Júnior,2608,4623,Híbrido
2481,Desenvolvimento Frontend,São Paulo - SP,Júnior,2709,4527,Híbrido
2482,Dados / BI,Rio de Janeiro - RJ,Sênior,9986,16476,Remoto
2483,Suporte / Infraestrutura,São Paulo - SP,Pleno,5111,9064,Híbrido
2484,Dados / BI,Rio de Janeiro - RJ,Pleno,5086,9263,Híbrido
2485,Dados / BI,Rio de Janeiro - RJ,Sênior,10364,16673,Remoto
2486,Suporte / Infraestrutura,São Paulo - SP,Pleno,5391,9266,Remoto
2487,Desenvolvimento Frontend,Remoto (Brasil),Sênior,10280,15442,Remoto
2488,Desenvolvimento Frontend,São Paulo - SP,Pleno,5392,9407,Remoto
2489,Suporte / Infraestrutura,Remoto (Brasil),Pleno,5494,9454,Remoto
2490,Suporte / Infraestrutura,São Paulo - SP,Júnior,2608,4741,Remoto
2491,Suporte / Infraestrutura,Remoto (Brasil),Pleno,5274,9253,Híbrido
2492,Dados / BI,Rio de Janeiro - RJ,Júnior,2663,4627,Híbrido
2493,Dados / BI,São Paulo - SP,Pleno,5013,8939,Remoto
2494,Desenvolvimento Backend,São Paulo - SP,Júnior,2655,4591,Híbrido
2495,Suporte / Infraestrutura,Remoto (Brasil),Júnior,2537,4720,Híbrido
2496,Suporte / Infraestrutura,Rio de Janeiro - RJ,Júnior,2662,4512,Remoto
2497,Suporte / Infraestrutura,São Paulo - SP,Pleno,5386,9326,Híbrido
2498,Dados / BI,Remoto (Brasil),Sênior,10443,16780,Presencial
2499,Dados / BI,São Paulo - SP,Júnior,2513,4799,Remoto
2500,Dados / BI,São Paulo - SP,Júnior,2507,4582,Remoto
2501,Dados / BI,São Paulo - SP,Júnior,2742,4532,Híbrido
2502,Dados / BI,São Paulo - SP,Júnior,2629,4657,Híbrido
2503,Suporte / Infraestrutura,São Paulo - SP,Pleno,5001,8983,Remoto
2504,Desenvolvimento Backend,São Paulo - SP,Pleno,5007,9120,Híbrido
2505,Suporte / Infraestrutura,São Paulo - SP,Pleno,5411,8729,Remoto
2506,Dados / BI,São Paulo - SP,Sênior,9890,16590,Remoto
2507,Suporte / Infraestrutura,São Paulo - SP,Pleno,5414,9227,Híbrido
2508,Desenvolvimento Backend,São Paulo - SP,Pleno,5009,9149,Remoto
2509,Desenvolvimento Frontend,Remoto (Brasil),Pleno,5136,9133,Remoto
2510,Desenvolvimento Backend,Remoto (Brasil),Júnior,2596,4482,Remoto
2511,Dados / BI,Remoto (Brasil),Júnior,2692,4360,Presencial
2512,Dados / BI,Remoto (Brasil),Sênior,9778,16344,Híbrido
2513,Suporte / Infraestrutura,São Paulo - SP,Júnior,2594,4461,Presencial
2514,Desenvolvimento Frontend,São Paulo - SP,Júnior,2603,4733,Remoto
2515,Suporte / Infraestrutura,São Paulo - SP,Sênior,10433,16665,Remoto
2516,Dados / BI,São Paulo - SP,Júnior,2746,4530,Remoto
2517,Dados / BI,Remoto (Brasil),Pleno,5476,9132,Remoto
2518,Suporte / Infraestrutura,São Paulo - SP,Sênior,10115,16646,Presencial
2519,Desenvolvimento Frontend,São Paulo - SP,Pleno,5363,9057,Remoto
2520,Dados / BI,São Paulo - SP,Júnior,2544,4345,Remoto
2521,Desenvolvimento Backend,Remoto (Brasil),Júnior,2695,4626,Remoto
2522,Suporte / Infraestrutura,São Paulo - SP,Júnior,2512,4654,Presencial
2523,Desenvolvimento Backend,São Paulo - SP,Pleno,5116,9423,Remoto
2524,Desenvolvimento Frontend,Rio de Janeiro - RJ,Júnior,2707,4614,Remoto
2525,Dados / BI,São Paulo - SP,Pleno,5167,9402,Remoto
2526,Desenvolvimento Backend,Remoto (Brasil),Pleno,5363,9214,Remoto
2527,Suporte / Infraestrutura,São Paulo - SP,Sênior,9938,16546,Presencial
2528,Suporte / Infraestrutura,Remoto (Brasil),Sênior,10082,16994,Híbrido
2529,Desenvolvimento Backend,São Paulo - SP,Júnior,2668,4506,Remoto
2530,Suporte / Infraestrutura,Remoto (Brasil),Pleno,5292,8891,Remoto
2531,Dados / BI,Rio de Janeiro - RJ,Júnior,2565,4381,Híbrido
2532,Desenvolvimento Backend,Remoto (Brasil),Sênior,9599,15326,Remoto
2533,Desenvolvimento Backend,Remoto (Brasil),Júnior,2557,4534,Híbrido
2534,Dados / BI,São Paulo - SP,Pleno,5298,9161,Remoto
2535,Desenvolvimento Backend,São Paulo - SP,Júnior,2547,4734,Híbrido
2536,Desenvolvimento Frontend,Remoto (Brasil),Júnior,2610,4333,Presencial
2537,Desenvolvimento Frontend,Remoto (Brasil),Sênior,10208,16263,Híbrido
2538,Suporte / Infraestrutura,Rio de Janeiro - RJ,Pleno,5436,9349,Remoto
2539,Desenvolvimento Backend,Remoto (Brasil),Sênior,10107,16010,Remoto
2540,Desenvolvimento Backend,Remoto (Brasil),Pleno,5181,9071,Remoto
2541,Dados / BI,São Paulo - SP,Júnior,2683,4729,Remoto
2542,Desenvolvimento Backend,São Paulo - SP,Pleno,5025,8841,Remoto
2543,Desenvolvimento Backend,São Paulo - SP,Pleno,5009,9329,Híbrido
2544,Suporte / Infraestrutura,São Paulo - SP,Júnior,2597,4521,Híbrido
2545,Dados / BI,Rio de Janeiro - RJ,Sênior,10261,15343,Remoto
2546,Desenvolvimento Backend,Rio de Janeiro - RJ,Júnior,2730,4515,Presencial
2547,Desenvolvimento Backend,Remoto (Brasil),Júnior,2606,4387,Remoto
2548,Desenvolvimento Backend,São Paulo - SP,Pleno,5259,9471,Presencial
2549,Dados / BI,São Paulo - SP,Júnior,2750,4667,Remoto
2550,Desenvolvimento Frontend,São Paulo - SP,Sênior,9648,16960,Híbrido
2551,Suporte / Infraestrutura,Rio de Janeiro - RJ,Pleno,5175,8716,Remoto
2552,Suporte / Infraestrutura,Remoto (Brasil),Pleno,5151,9015,Remoto
2553,Suporte / Infraestrutura,Remoto (Brasil),Pleno,5243,9038,Híbrido
2554,Suporte / Infraestrutura,São Paulo - SP,Júnior,2636,4667,Remoto
2555,Dados / BI,Remoto (Brasil),Pleno,5037,9392,Remoto
2556,Suporte / Infraestrutura,Rio de Janeiro - RJ,Sênior,9917,15570,Híbrido
2557,Suporte / Infraestrutura,São Paulo - SP,Sênior,9872,15775,Híbrido
2558,Dados / BI,São Paulo - SP,Júnior,2624,4736,Híbrido
2559,Desenvolvimento Backend,São Paulo - SP,Sênior,9553,16105,Presencial
2560,Dados / BI,São Paulo - SP,Júnior,2635,4774,Remoto
2561,Desenvolvimento Backend,Rio de Janeiro - RJ,Júnior,2530,4404,Remoto
2562,Suporte / Infraestrutura,São Paulo - SP,Júnior,2676,4422,Híbrido
2563,Suporte / Infraestrutura,Remoto (Brasil),Sênior,10088,16629,Remoto
2564,Suporte / Infraestrutura,Rio de Janeiro - RJ,Pleno,5469,9384,Presencial
2565,Suporte / Infraestrutura,São Paulo - SP,Júnior,2581,4466,Remoto
2566,Desenvolvimento Backend,São Paulo - SP,Pleno,5322,9124,Remoto
2567,Suporte / Infraestrutura,Rio de Janeiro - RJ,Sênior,10365,15879,Híbrido
2568,Desenvolvimento Frontend,Remoto (Brasil),Júnior,2626,4635,Remoto
2569,Desenvolvimento Backend,Remoto (Brasil),Júnior,2607,4750,Remoto
2570,Suporte / Infraestrutura,Remoto (Brasil),Júnior,2607,4781,Remoto
2571,Desenvolvimento Backend,São Paulo - SP,Júnior,2593,4333,Remoto
2572,Desenvolvimento Frontend,São Paulo - SP,Pleno,5486,8642,Remoto
2573,Desenvolvimento Backend,São Paulo - SP,Pleno,5191,8682,Híbrido
2574,Desenvolvimento Frontend,São Paulo - SP,Pleno,5028,9276,Híbrido
2575,Dados / BI,Remoto (Brasil),Sênior,10439,16257,Híbrido
2576,Desenvolvimento Frontend,São Paulo - SP,Pleno,5272,8957,Remoto
2577,Suporte / Infraestrutura,São Paulo - SP,Júnior,2560,4419,Híbrido
2578,Desenvolvimento Backend,Remoto (Brasil),Pleno,5025,9340,Presencial
2579,Suporte / Infraestrutura,São Paulo - SP,Júnior,2567,4445,Remoto
2580,Suporte / Infraestrutura,São Paulo - SP,Pleno,5111,8744,Híbrido
2581,Desenvolvimento Backend,São Paulo - SP,Pleno,5440,8964,Presencial
2582,Suporte / Infraestrutura,São Paulo - SP,Pleno,5417,8954,Remoto
2583,Desenvolvimento Backend,Rio de Janeiro - RJ,Sênior,10136,16752,Remoto
2584,Dados / BI,São Paulo - SP,Júnior,2524,4448,Híbrido
2585,Desenvolvimento Backend,Rio de Janeiro - RJ,Sênior,10028,15871,Híbrido
2586,Desenvolvimento Backend,São Paulo - SP,Pleno,5455,9172,Remoto
2587,Desenvolvimento Backend,Remoto (Brasil),Júnior,2729,4519,Remoto
2588,Suporte / Infraestrutura,Rio de Janeiro - RJ,Júnior,2500,4686,Remoto
2589,Desenvolvimento Backend,São Paulo - SP,Sênior,10242,16895,Híbrido
2590,Desenvolvimento Frontend,Rio de Janeiro - RJ,Sênior,9924,16786,Presencial
2591,Desenvolvimento Backend,São Paulo - SP,Júnior,2705,4546,Híbrido
2592,Suporte / Infraestrutura,São Paulo - SP,Júnior,2659,4577,Híbrido
2593,Dados / BI,Rio de Janeiro - RJ,Pleno,5362,8854,Remoto
2594,Desenvolvimento Frontend,São Paulo - SP,Pleno,5400,9326,Remoto
2595,Suporte / Infraestrutura,São Paulo - SP,Sênior,10362,16180,Híbrido
2596,Suporte / Infraestrutura,São Paulo - SP,Pleno,5182,9199,Remoto
2597,Dados / BI,Rio de Janeiro - RJ,Júnior,2624,4650,Híbrido
2598,Dados / BI,Rio de Janeiro - RJ,Pleno,5294,9408,Remoto
2599,Desenvolvimento Backend,Remoto (Brasil),Sênior,10333,15942,Presencial
2600,Desenvolvimento Backend,São Paulo - SP,Pleno,5110,8680,Presencial
2601,Dados / BI,Rio de Janeiro - RJ,Júnior,2683,4600,Híbrido
2602,Desenvolvimento Backend,Rio de Janeiro - RJ,Júnior,2564,4328,Remoto
2603,Suporte / Infraestrutura,Remoto (Brasil),Sênior,9667,15581,Presencial
2604,Desenvolvimento Frontend,São Paulo - SP,Júnior,2601,4686,Remoto
2605,Desenvolvimento Frontend,São Paulo - SP,Pleno,5247,8609,Remoto
2606,Desenvolvimento Backend,Rio de Janeiro - RJ,Pleno,5357,9290,Híbrido
2607,Desenvolvimento Frontend,Rio de Janeiro - RJ,Pleno,5445,8827,Híbrido
2608,Dados / BI,Remoto (Brasil),Sênior,9697,16689,Remoto
2609,Dados / BI,São Paulo - SP,Júnior,2639,4350,Remoto
2610,Suporte / Infraestrutura,Rio de Janeiro - RJ,Júnior,2582,4502,Remoto
2611,Desenvolvimento Frontend,São Paulo - SP,Pleno,5204,8880,Presencial
2612,Desenvolvimento Backend,Remoto (Brasil),Pleno,5140,8555,Híbrido
2613,Desenvolvimento Backend,São Paulo - SP,Sênior,10376,15571,Remoto
2614,Suporte / Infraestrutura,São Paulo - SP,Júnior,2539,4409,Presencial
2615,Desenvolvimento Backend,São Paulo - SP,Sênior,10353,15713,Híbrido
2616,Desenvolvimento Backend,São Paulo - SP,Júnior,2620,4764,Presencial
2617,Suporte / Infraestrutura,São Paulo - SP,Júnior,2659,4472,Remoto
2618,Dados / BI,Rio de Janeiro - RJ,Pleno,5374,8599,Remoto
2619,Dados / BI,São Paulo - SP,Júnior,2697,4541,Remoto
2620,Desenvolvimento Backend,São Paulo - SP,Sênior,10068,15850,Híbrido
2621,Desenvolvimento Frontend,São Paulo - SP,Sênior,9975,15719,Híbrido
2622,Desenvolvimento Backend,Remoto (Brasil),Pleno,5114,9136,Presencial
2623,Desenvolvimento Backend,Remoto (Brasil),Júnior,2668,4541,Híbrido
2624,Desenvolvimento Frontend,Remoto (Brasil),Júnior,2559,4366,Híbrido
2625,Dados / BI,São Paulo - SP,Júnior,2558,4369,Híbrido
2626,Dados / BI,Remoto (Brasil),Pleno,5489,8666,Remoto
2627,Desenvolvimento Backend,São Paulo - SP,Pleno,5081,8756,Híbrido
2628,Desenvolvimento Backend,Remoto (Brasil),Pleno,5480,8833,Remoto
2629,Dados / BI,São Paulo - SP,Júnior,2664,4504,Remoto
2630,Suporte / Infraestrutura,São Paulo - SP,Sênior,9714,15502,Remoto
2631,Suporte / Infraestrutura,São Paulo - SP,Pleno,5336,9207,Presencial
2632,Desenvolvimento Frontend,Remoto (Brasil),Sênior,10282,15484,Presencial
2633,Dados / BI,São Paulo - SP,Pleno,5212,9187,Remoto
2634,Desenvolvimento Backend,São Paulo - SP,Júnior,2667,4562,Presencial
2635,Desenvolvimento Backend,Remoto (Brasil),Pleno,5293,8607,Remoto
2636,Dados / BI,São Paulo - SP,Júnior,2619,4548,Híbrido
2637,Suporte / Infraestrutura,São Paulo - SP,Pleno,5039,9388,Híbrido
2638,Desenvolvimento Backend,São Paulo - SP,Júnior,2626,4628,Remoto
2639,Desenvolvimento Frontend,Rio de Janeiro - RJ,Pleno,5281,9074,Presencial
2640,Dados / BI,São Paulo - SP,Pleno,5077,8793,Híbrido
2641,Dados / BI,São Paulo - SP,Júnior,2724,4733,Híbrido
2642,Desenvolvimento Backend,Remoto (Brasil),Sênior,10335,16955,Híbrido
2643,Desenvolvimento Backend,São Paulo - SP,Pleno,5447,8671,Híbrido
2644,Desenvolvimento Backend,Remoto (Brasil),Pleno,5457,8786,Presencial
2645,Desenvolvimento Frontend,Remoto (Brasil),Júnior,2580,4342,Presencial
2646,Desenvolvimento Frontend,São Paulo - SP,Sênior,9695,15992,Remoto
2647,Suporte / Infraestrutura,Rio de Janeiro - RJ,Júnior,2706,4656,Remoto
2648,Desenvolvimento Frontend,São Paulo - SP,Pleno,5393,8875,Híbrido
2649,Dados / BI,São Paulo - SP,Pleno,5345,9448,Remoto
2650,Suporte / Infraestrutura,Rio de Janeiro - RJ,Pleno,5107,8657,Presencial
2651,Suporte / Infraestrutura,São Paulo - SP,Pleno,5385,8706,Híbrido
2652,Suporte / Infraestrutura,São Paulo - SP,Júnior,2692,4521,Presencial
2653,Suporte / Infraestrutura,São Paulo - SP,Pleno,5027,9444,Remoto
2654,Dados / BI,São Paulo - SP,Júnior,2605,4562,Híbrido
2655,Desenvolvimento Frontend,São Paulo - SP,Júnior,2505,4353,Remoto
2656,Desenvolvimento Frontend,Rio de Janeiro - RJ,Pleno,5444,8671,Híbrido
2657,Desenvolvimento Backend,Remoto (Brasil),Júnior,2612,4439,Remoto
2658,Dados / BI,São Paulo - SP,Júnior,2594,4791,Remoto
2659,Desenvolvimento Backend,Remoto (Brasil),Sênior,10254,16063,Híbrido
2660,Desenvolvimento Backend,Rio de Janeiro - RJ,Júnior,2619,4786,Remoto
2661,Desenvolvimento Frontend,Remoto (Brasil),Júnior,2661,4613,Remoto
2662,Desenvolvimento Backend,Remoto (Brasil),Sênior,9617,16169,Presencial
2663,Desenvolvimento Frontend,Remoto (Brasil),Júnior,2670,4368,Remoto
2664,Desenvolvimento Frontend,São Paulo - SP,Sênior,10183,16282,Remoto
2665,Suporte / Infraestrutura,Remoto (Brasil),Pleno,5013,9303,Híbrido
2666,Suporte / Infraestrutura,Rio de Janeiro - RJ,Sênior,10289,15358,Híbrido
2667,Desenvolvimento Backend,São Paulo - SP,Pleno,5419,8741,Remoto
2668,Desenvolvimento Frontend,Rio de Janeiro - RJ,Pleno,5212,8973,Presencial
2669,Suporte / Infraestrutura,Rio de Janeiro - RJ,Sênior,9784,15656,Remoto
2670,Dados / BI,São Paulo - SP,Júnior,2657,4621,Remoto
2671,Desenvolvimento Frontend,São Paulo - SP,Júnior,2607,4569,Híbrido
2672,Desenvolvimento Frontend,Remoto (Brasil),Pleno,5141,9383,Remoto
2673,Suporte / Infraestrutura,São Paulo - SP,Júnior,2617,4475,Presencial
2674,Desenvolvimento Backend,Rio de Janeiro - RJ,Júnior,2640,4516,Remoto
2675,Dados / BI,São Paulo - SP,Pleno,5376,9476,Híbrido
2676,Desenvolvimento Backend,Remoto (Brasil),Sênior,9769,16962,Remoto
2677,Desenvolvimento Backend,São Paulo - SP,Pleno,5171,8901,Remoto
2678,Suporte / Infraestrutura,São Paulo - SP,Pleno,5092,9096,Híbrido
2679,Desenvolvimento Frontend,Remoto (Brasil),Júnior,2564,4793,Remoto
2680,Desenvolvimento Backend,São Paulo - SP,Júnior,2523,4378,Presencial
2681,Desenvolvimento Backend,São Paulo - SP,Júnior,2676,4324,Híbrido
2682,Dados / BI,São Paulo - SP,Júnior,2549,4346,Híbrido
2683,Desenvolvimento Backend,São Paulo - SP,Sênior,9587,15939,Presencial
2684,Desenvolvimento Backend,São Paulo - SP,Pleno,5273,8972,Híbrido
2685,Dados / BI,São Paulo - SP,Pleno,5023,9179,Remoto
2686,Dados / BI,Rio de Janeiro - RJ,Júnior,2664,4600,Presencial
2687,Desenvolvimento Backend,São Paulo - SP,Júnior,2707,4689,Remoto
2688,Desenvolvimento Frontend,Remoto (Brasil),Júnior,2547,4577,Híbrido
2689,Desenvolvimento Backend,São Paulo - SP,Júnior,2573,4699,Remoto
2690,Dados / BI,São Paulo - SP,Júnior,2565,4483,Remoto
2691,Desenvolvimento Backend,São Paulo - SP,Sênior,10031,15588,Remoto
2692,Desenvolvimento Backend,Rio de Janeiro - RJ,Sênior,10101,15567,Remoto
2693,Dados / BI,São Paulo - SP,Júnior,2669,4698,Híbrido
2694,Desenvolvimento Backend,São Paulo - SP,Júnior,2557,4614,Remoto
2695,Desenvolvimento Backend,Remoto (Brasil),Sênior,9619,16931,Remoto
2696,Desenvolvimento Backend,Remoto (Brasil),Pleno,5145,8891,Remoto
2697,Desenvolvimento Backend,São Paulo - SP,Pleno,5219,9362,Remoto
2698,Dados / BI,São Paulo - SP,Pleno,5373,9379,Híbrido
2699,Desenvolvimento Backend,São Paulo - SP,Sênior,10340,15796,Híbrido
2700,Desenvolvimento Frontend,São Paulo - SP,Pleno,5396,8644,Remoto
2701,Suporte / Infraestrutura,São Paulo - SP,Sênior,9773,16299,Presencial
2702,Desenvolvimento Backend,Remoto (Brasil),Pleno,5213,8976,Remoto
2703,Suporte / Infraestrutura,São Paulo - SP,Pleno,5081,8845,Híbrido
2704,Dados / BI,São Paulo - SP,Pleno,5357,9255,Híbrido
2705,Suporte / Infraestrutura,São Paulo - SP,Júnior,2733,4682,Remoto
2706,Suporte / Infraestrutura,Remoto (Brasil),Júnior,2664,4554,Remoto
2707,Desenvolvimento Frontend,São Paulo - SP,Júnior,2640,4488,Remoto
2708,Dados / BI,Remoto (Brasil),Pleno,5075,8853,Remoto
2709,Desenvolvimento Backend,São Paulo - SP,Pleno,5256,8635,Remoto
2710,Desenvolvimento Frontend,Rio de Janeiro - RJ,Sênior,9985,15567,Remoto
2711,Desenvolvimento Backend,São Paulo - SP,Sênior,10067,16757,Híbrido
2712,Suporte / Infraestrutura,São Paulo - SP,Sênior,9792,16115,Remoto
2713,Dados / BI,Remoto (Brasil),Júnior,2648,4745,Remoto
2714,Suporte / Infraestrutura,São Paulo - SP,Pleno,5235,8692,Presencial
2715,Desenvolvimento Backend,Rio de Janeiro - RJ,Sênior,9581,16667,Híbrido
2716,Desenvolvimento Frontend,São Paulo - SP,Pleno,5344,8576,Híbrido
2717,Desenvolvimento Frontend,São Paulo - SP,Sênior,9610,15647,Híbrido
2718,Desenvolvimento Backend,São Paulo - SP,Pleno,5389,9322,Presencial
2719,Dados / BI,São Paulo - SP,Sênior,9929,16287,Híbrido
2720,Dados / BI,São Paulo - SP,Sênior,10058,16932,Presencial
2721,Suporte / Infraestrutura,São Paulo - SP,Júnior,2518,4448,Remoto
2722,Dados / BI,Remoto (Brasil),Pleno,5302,9228,Híbrido
2723,Dados / BI,Remoto (Brasil),Sênior,9539,15608,Presencial
2724,Dados / BI,Remoto (Brasil),Pleno,5037,9447,Remoto
2725,Suporte / Infraestrutura,Remoto (Brasil),Sênior,9764,16327,Presencial
2726,Desenvolvimento Frontend,Remoto (Brasil),Júnior,2550,4358,Presencial
2727,Desenvolvimento Frontend,Rio de Janeiro - RJ,Júnior,2735,4598,Remoto
2728,Desenvolvimento Backend,São Paulo - SP,Júnior,2626,4379,Híbrido
2729,Desenvolvimento Backend,São Paulo - SP,Sênior,9516,15577,Presencial
2730,Desenvolvimento Backend,São Paulo - SP,Sênior,9590,15892,Presencial
2731,Dados / BI,São Paulo - SP,Júnior,2624,4798,Híbrido
2732,Desenvolvimento Backend,Remoto (Brasil),Pleno,5309,8623,Remoto
2733,Suporte / Infraestrutura,São Paulo - SP,Pleno,5194,8675,Remoto
2734,Desenvolvimento Backend,Rio de Janeiro - RJ,Júnior,2681,4441,Remoto
2735,Desenvolvimento Backend,São Paulo - SP,Sênior,9689,16095,Presencial
2736,Suporte / Infraestrutura,São Paulo - SP,Pleno,5378,8869,Remoto
2737,Dados / BI,São Paulo - SP,Sênior,10224,16255,Remoto
2738,Desenvolvimento Backend,Remoto (Brasil),Pleno,5486,9162,Remoto
2739,Desenvolvimento Frontend,São Paulo - SP,Pleno,5174,8993,Híbrido
2740,Dados / BI,São Paulo - SP,Júnior,2547,4549,Remoto
2741,Desenvolvimento Backend,São Paulo - SP,Pleno,5207,8925,Híbrido
2742,Desenvolvimento Backend,Remoto (Brasil),Sênior,10169,15862,Híbrido
2743,Desenvolvimento Backend,Rio de Janeiro - RJ,Pleno,5092,8816,Remoto
2744,Dados / BI,São Paulo - SP,Sênior,9918,16408,Híbrido
2745,Dados / BI,São Paulo - SP,Pleno,5098,9063,Remoto
2746,Dados / BI,Remoto (Brasil),Pleno,5092,8729,Híbrido
2747,Dados / BI,Rio de Janeiro - RJ,Pleno,5183,9170,Remoto
2748,Suporte / Infraestrutura,Remoto (Brasil),Pleno,5231,9169,Híbrido
2749,Suporte / Infraestrutura,São Paulo - SP,Júnior,2507,4742,Presencial
2750,Suporte / Infraestrutura,Rio de Janeiro - RJ,Pleno,5303,8684,Remoto
2751,Dados / BI,São Paulo - SP,Pleno,5489,9051,Remoto
2752,Desenvolvimento Backend,Rio de Janeiro - RJ,Pleno,5435,8624,Presencial
2753,Dados / BI,São Paulo - SP,Júnior,2577,4359,Remoto
2754,Dados / BI,São Paulo - SP,Pleno,5232,8844,Remoto
2755,Desenvolvimento Backend,Rio de Janeiro - RJ,Pleno,5312,8778,Presencial
2756,Suporte / Infraestrutura,Remoto (Brasil),Pleno,5012,9239,Remoto
2757,Desenvolvimento Frontend,São Paulo - SP,Pleno,5463,9285,Híbrido
2758,Suporte / Infraestrutura,São Paulo - SP,Júnior,2582,4496,Híbrido
2759,Suporte / Infraestrutura,São Paulo - SP,Pleno,5377,8550,Remoto
2760,Desenvolvimento Backend,São Paulo - SP,Pleno,5278,8989,Remoto
2761,Desenvolvimento Backend,São Paulo - SP,Júnior,2615,4707,Remoto
2762,Dados / BI,São Paulo - SP,Júnior,2557,4534,Presencial
2763,Desenvolvimento Frontend,Rio de Janeiro - RJ,Júnior,2662,4330,Remoto
2764,Desenvolvimento Backend,Remoto (Brasil),Pleno,5434,8957,Remoto
2765,Desenvolvimento Backend,São Paulo - SP,Júnior,2572,4665,Remoto
2766,Dados / BI,Remoto (Brasil),Júnior,2520,4552,Remoto
2767,Dados / BI,Remoto (Brasil),Pleno,5055,8885,Remoto
2768,Desenvolvimento Backend,Remoto (Brasil),Pleno,5193,8565,Remoto
2769,Dados / BI,Remoto (Brasil),Júnior,2668,4393,Presencial
2770,Suporte / Infraestrutura,Remoto (Brasil),Júnior,2637,4791,Remoto
2771,Suporte / Infraestrutura,Remoto (Brasil),Pleno,5200,8738,Híbrido
2772,Desenvolvimento Backend,Remoto (Brasil),Pleno,5424,8684,Híbrido
2773,Desenvolvimento Backend,São Paulo - SP,Sênior,9867,16701,Híbrido
2774,Desenvolvimento Backend,São Paulo - SP,Sênior,9505,16111,Presencial
2775,Desenvolvimento Backend,São Paulo - SP,Júnior,2540,4576,Remoto
2776,Desenvolvimento Backend,São Paulo - SP,Pleno,5054,9140,Híbrido
2777,Desenvolvimento Backend,São Paulo - SP,Pleno,5309,8613,Remoto
2778,Dados / BI,Rio de Janeiro - RJ,Sênior,9885,16765,Remoto
2779,Suporte / Infraestrutura,Remoto (Brasil),Júnior,2615,4616,Remoto
2780,Desenvolvimento Backend,São Paulo - SP,Pleno,5500,8772,Híbrido
2781,Desenvolvimento Backend,Remoto (Brasil),Sênior,10047,16873,Híbrido
2782,Desenvolvimento Backend,Rio de Janeiro - RJ,Pleno,5400,9307,Presencial
2783,Dados / BI,Rio de Janeiro - RJ,Sênior,9938,16161,Híbrido
2784,Desenvolvimento Backend,São Paulo - SP,Pleno,5034,8678,Híbrido
2785,Suporte / Infraestrutura,São Paulo - SP,Júnior,2669,4357,Remoto
2786,Suporte / Infraestrutura,Rio de Janeiro - RJ,Pleno,5280,9246,Presencial
2787,Desenvolvimento Backend,Remoto (Brasil),Júnior,2562,4389,Remoto
2788,Dados / BI,São Paulo - SP,Pleno,5325,9079,Remoto
2789,Desenvolvimento Backend,São Paulo - SP,Júnior,2579,4418,Remoto
2790,Dados / BI,São Paulo - SP,Sênior,10083,16840,Remoto
2791,Suporte / Infraestrutura,São Paulo - SP,Pleno,5320,9064,Híbrido
2792,Dados / BI,São Paulo - SP,Júnior,2625,4657,Presencial
2793,Desenvolvimento Backend,Remoto (Brasil),Júnior,2634,4391,Híbrido
2794,Desenvolvimento Backend,São Paulo - SP,Júnior,2609,4521,Remoto
2795,Suporte / Infraestrutura,São Paulo - SP,Júnior,2571,4481,Presencial
2796,Desenvolvimento Frontend,Rio de Janeiro - RJ,Pleno,5476,9319,Híbrido
2797,Suporte / Infraestrutura,Rio de Janeiro - RJ,Júnior,2571,4736,Remoto
2798,Dados / BI,São Paulo - SP,Júnior,2745,4531,Presencial
2799,Suporte / Infraestrutura,Remoto (Brasil),Pleno,5443,8981,Remoto
2800,Dados / BI,Rio de Janeiro - RJ,Pleno,5359,8572,Remoto
2801,Dados / BI,São Paulo - SP,Júnior,2722,4720,Híbrido
2802,Dados / BI,São Paulo - SP,Pleno,5281,9427,Híbrido
2803,Suporte / Infraestrutura,Rio de Janeiro - RJ,Sênior,9882,15538,Remoto
2804,Desenvolvimento Frontend,Remoto (Brasil),Pleno,5047,8849,Híbrido
2805,Dados / BI,Remoto (Brasil),Pleno,5474,9131,Híbrido
2806,Desenvolvimento Frontend,São Paulo - SP,Pleno,5202,8751,Remoto
2807,Suporte / Infraestrutura,Rio de Janeiro - RJ,Júnior,2535,4772,Presencial
2808,Desenvolvimento Backend,Rio de Janeiro - RJ,Pleno,5257,9490,Remoto
2809,Dados / BI,São Paulo - SP,Pleno,5231,9241,Híbrido
2810,Dados / BI,São Paulo - SP,Pleno,5326,8637,Híbrido
2811,Desenvolvimento Backend,São Paulo - SP,Pleno,5468,9163,Híbrido
2812,Dados / BI,Rio de Janeiro - RJ,Sênior,9649,15835,Remoto
2813,Desenvolvimento Backend,Remoto (Brasil),Sênior,9500,15458,Híbrido
2814,Dados / BI,Rio de Janeiro - RJ,Pleno,5353,9466,Presencial
2815,Dados / BI,São Paulo - SP,Pleno,5387,9295,Remoto
2816,Desenvolvimento Frontend,Rio de Janeiro - RJ,Júnior,2589,4527,Remoto
2817,Desenvolvimento Backend,São Paulo - SP,Júnior,2631,4650,Híbrido
2818,Suporte / Infraestrutura,Remoto (Brasil),Pleno,5006,8655,Remoto
2819,Desenvolvimento Backend,Remoto (Brasil),Pleno,5134,8586,Remoto
2820,Dados / BI,São Paulo - SP,Pleno,5286,9211,Remoto
2821,Suporte / Infraestrutura,Remoto (Brasil),Pleno,5409,9079,Híbrido
2822,Dados / BI,São Paulo - SP,Pleno,5182,9143,Remoto
2823,Desenvolvimento Backend,São Paulo - SP,Júnior,2582,4762,Remoto
2824,Desenvolvimento Frontend,São Paulo - SP,Pleno,5216,8885,Remoto
2825,Suporte / Infraestrutura,São Paulo - SP,Júnior,2667,4623,Remoto
2826,Desenvolvimento Frontend,São Paulo - SP,Pleno,5397,9267,Presencial
2827,Desenvolvimento Backend,São Paulo - SP,Pleno,5444,8763,Híbrido
2828,Desenvolvimento Backend,São Paulo - SP,Júnior,2711,4556,Remoto
2829,Desenvolvimento Backend,São Paulo - SP,Pleno,5378,9277,Presencial
2830,Dados / BI,Remoto (Brasil),Sênior,9504,16946,Presencial
2831,Desenvolvimento Backend,Remoto (Brasil),Júnior,2684,4751,Presencial
2832,Suporte / Infraestrutura,São Paulo - SP,Pleno,5470,9314,Remoto
2833,Desenvolvimento Frontend,Remoto (Brasil),Pleno,5246,9218,Remoto
2834,Desenvolvimento Backend,São Paulo - SP,Júnior,2512,4743,Híbrido
2835,Dados / BI,Remoto (Brasil),Sênior,9553,16014,Híbrido
2836,Suporte / Infraestrutura,São Paulo - SP,Sênior,10424,16174,Híbrido
2837,Desenvolvimento Frontend,São Paulo - SP,Sênior,9912,16876,Híbrido
2838,Desenvolvimento Backend,Remoto (Brasil),Júnior,2568,4328,Presencial
2839,Desenvolvimento Backend,São Paulo - SP,Pleno,5364,8923,Remoto
2840,Suporte / Infraestrutura,São Paulo - SP,Júnior,2566,4444,Híbrido
2841,Desenvolvimento Backend,Remoto (Brasil),Júnior,2512,4710,Remoto
2842,Desenvolvimento Backend,São Paulo - SP,Júnior,2679,4369,Remoto
2843,Dados / BI,Rio de Janeiro - RJ,Júnior,2589,4606,Presencial
2844,Desenvolvimento Backend,Remoto (Brasil),Sênior,10440,15716,Remoto
2845,Dados / BI,Remoto (Brasil),Pleno,5055,8840,Remoto
2846,Desenvolvimento Frontend,São Paulo - SP,Pleno,5211,9198,Presencial
2847,Desenvolvimento Backend,São Paulo - SP,Sênior,10006,16718,Híbrido
2848,Suporte / Infraestrutura,São Paulo - SP,Pleno,5170,8820,Remoto
2849,Dados / BI,São Paulo - SP,Júnior,2725,4696,Remoto
2850,Suporte / Infraestrutura,São Paulo - SP,Júnior,2691,4513,Híbrido
2851,Suporte / Infraestrutura,Rio de Janeiro - RJ,Júnior,2536,4573,Presencial
2852,Suporte / Infraestrutura,São Paulo - SP,Júnior,2560,4483,Remoto
2853,Dados / BI,Remoto (Brasil),Pleno,5301,8603,Híbrido
2854,Suporte / Infraestrutura,São Paulo - SP,Júnior,2710,4592,Híbrido
2855,Suporte / Infraestrutura,Rio de Janeiro - RJ,Júnior,2725,4627,Presencial
2856,Desenvolvimento Backend,Remoto (Brasil),Pleno,5213,8984,Híbrido
2857,Dados / BI,Remoto (Brasil),Júnior,2535,4665,Presencial
2858,Suporte / Infraestrutura,Rio de Janeiro - RJ,Sênior,10367,15307,Presencial
2859,Dados / BI,Rio de Janeiro - RJ,Sênior,10190,16896,Presencial
2860,Desenvolvimento Backend,São Paulo - SP,Pleno,5148,8692,Remoto
2861,Dados / BI,Remoto (Brasil),Sênior,10251,16029,Híbrido
2862,Suporte / Infraestrutura,São Paulo - SP,Pleno,5245,8957,Presencial
2863,Desenvolvimento Frontend,Remoto (Brasil),Pleno,5340,9232,Remoto
2864,Desenvolvimento Frontend,Rio de Janeiro - RJ,Júnior,2540,4414,Híbrido
2865,Suporte / Infraestrutura,Rio de Janeiro - RJ,Pleno,5203,8637,Híbrido
2866,Dados / BI,São Paulo - SP,Júnior,2581,4609,Híbrido
2867,Suporte / Infraestrutura,São Paulo - SP,Júnior,2582,4628,Presencial
2868,Desenvolvimento Backend,São Paulo - SP,Pleno,5012,8874,Remoto
2869,Desenvolvimento Frontend,Remoto (Brasil),Sênior,10299,16093,Híbrido
2870,Suporte / Infraestrutura,São Paulo - SP,Júnior,2601,4499,Híbrido
2871,Desenvolvimento Backend,Rio de Janeiro - RJ,Sênior,9869,16884,Híbrido
2872,Suporte / Infraestrutura,Rio de Janeiro - RJ,Pleno,5228,9124,Presencial
2873,Dados / BI,São Paulo - SP,Pleno,5396,8694,Híbrido
2874,Desenvolvimento Frontend,Remoto (Brasil),Pleno,5032,9209,Híbrido
2875,Desenvolvimento Frontend,São Paulo - SP,Pleno,5329,9165,Presencial
2876,Dados / BI,São Paulo - SP,Júnior,2530,4644,Híbrido
2877,Suporte / Infraestrutura,São Paulo - SP,Júnior,2740,4389,Híbrido
2878,Desenvolvimento Frontend,Remoto (Brasil),Pleno,5293,9012,Híbrido
2879,Desenvolvimento Backend,Rio de Janeiro - RJ,Júnior,2664,4710,Presencial
2880,Dados / BI,São Paulo - SP,Sênior,9761,15401,Remoto
2881,Desenvolvimento Backend,São Paulo - SP,Júnior,2685,4353,Presencial
2882,Desenvolvimento Frontend,Remoto (Brasil),Pleno,5446,8824,Híbrido
2883,Suporte / Infraestrutura,São Paulo - SP,Pleno,5437,8976,Presencial
2884,Dados / BI,São Paulo - SP,Júnior,2507,4760,Remoto
2885,Suporte / Infraestrutura,Remoto (Brasil),Pleno,5124,8712,Remoto
2886,Desenvolvimento Frontend,São Paulo - SP,Pleno,5305,9257,Remoto
2887,Desenvolvimento Backend,São Paulo - SP,Sênior,9532,16520,Híbrido
2888,Suporte / Infraestrutura,Remoto (Brasil),Pleno,5143,8726,Remoto
2889,Suporte / Infraestrutura,Remoto (Brasil),Pleno,5072,9414,Híbrido
2890,Desenvolvimento Backend,São Paulo - SP,Júnior,2643,4793,Remoto
2891,Desenvolvimento Backend,São Paulo - SP,Júnior,2678,4645,Remoto
2892,Dados / BI,Remoto (Brasil),Sênior,9642,16250,Remoto
2893,Desenvolvimento Backend,São Paulo - SP,Pleno,5051,8664,Presencial
2894,Suporte / Infraestrutura,São Paulo - SP,Júnior,2726,4555,Remoto
2895,Desenvolvimento Backend,Rio de Janeiro - RJ,Pleno,5056,9258,Híbrido
2896,Desenvolvimento Backend,São Paulo - SP,Júnior,2587,4361,Híbrido
2897,Suporte / Infraestrutura,Rio de Janeiro - RJ,Júnior,2670,4781,Híbrido
2898,Desenvolvimento Frontend,São Paulo - SP,Sênior,9927,15577,Remoto
2899,Suporte / Infraestrutura,Remoto (Brasil),Júnior,2715,4391,Híbrido
2900,Desenvolvimento Backend,São Paulo - SP,Pleno,5389,8985,Remoto
2901,Dados / BI,São Paulo - SP,Júnior,2749,4721,Remoto
2902,Desenvolvimento Backend,São Paulo - SP,Pleno,5220,8796,Remoto
2903,Desenvolvimento Backend,Remoto (Brasil),Pleno,5481,8610,Híbrido
2904,Desenvolvimento Backend,São Paulo - SP,Pleno,5469,9390,Híbrido
2905,Desenvolvimento Backend,São Paulo - SP,Júnior,2694,4430,Híbrido
2906,Dados / BI,São Paulo - SP,Pleno,5435,8642,Híbrido
2907,Dados / BI,São Paulo - SP,Júnior,2511,4759,Remoto
2908,Desenvolvimento Frontend,São Paulo - SP,Júnior,2594,4546,Híbrido
2909,Desenvolvimento Backend,São Paulo - SP,Júnior,2573,4641,Híbrido
2910,Suporte / Infraestrutura,São Paulo - SP,Sênior,9881,15760,Híbrido
2911,Desenvolvimento Backend,Rio de Janeiro - RJ,Sênior,9995,16290,Remoto
2912,Desenvolvimento Backend,São Paulo - SP,Sênior,9978,16538,Presencial
2913,Dados / BI,São Paulo - SP,Sênior,9644,16703,Presencial
2914,Desenvolvimento Frontend,São Paulo - SP,Júnior,2640,4446,Remoto
2915,Desenvolvimento Backend,São Paulo - SP,Sênior,9616,16882,Híbrido
2916,Suporte / Infraestrutura,São Paulo - SP,Pleno,5149,8904,Remoto
2917,Desenvolvimento Backend,Rio de Janeiro - RJ,Júnior,2545,4323,Híbrido
2918,Dados / BI,São Paulo - SP,Sênior,10262,15934,Remoto
2919,Dados / BI,Rio de Janeiro - RJ,Pleno,5024,8793,Híbrido
2920,Dados / BI,São Paulo - SP,Júnior,2604,4670,Remoto
2921,Suporte / Infraestrutura,Rio de Janeiro - RJ,Pleno,5022,8627,Remoto
2922,Desenvolvimento Frontend,São Paulo - SP,Júnior,2562,4463,Remoto
2923,Desenvolvimento Frontend,Rio de Janeiro - RJ,Pleno,5280,8723,Híbrido
2924,Suporte / Infraestrutura,Remoto (Brasil),Pleno,5039,9452,Remoto
2925,Dados / BI,Rio de Janeiro - RJ,Júnior,2644,4666,Híbrido
2926,Dados / BI,São Paulo - SP,Pleno,5261,9156,Remoto
2927,Dados / BI,São Paulo - SP,Júnior,2565,4677,Remoto
2928,Suporte / Infraestrutura,São Paulo - SP,Júnior,2593,4766,Remoto
2929,Suporte / Infraestrutura,São Paulo - SP,Júnior,2528,4771,Remoto
2930,Desenvolvimento Backend,Rio de Janeiro - RJ,Júnior,2655,4561,Presencial
2931,Desenvolvimento Backend,Remoto (Brasil),Pleno,5255,8630,Híbrido
2932,Desenvolvimento Backend,São Paulo - SP,Júnior,2590,4525,Remoto
2933,Desenvolvimento Backend,São Paulo - SP,Júnior,2553,4554,Remoto
2934,Suporte / Infraestrutura,São Paulo - SP,Pleno,5474,9284,Remoto
2935,Desenvolvimento Backend,São Paulo - SP,Pleno,5253,8984,Presencial
2936,Desenvolvimento Backend,São Paulo - SP,Sênior,9926,16895,Remoto
2937,Dados / BI,Remoto (Brasil),Júnior,2601,4592,Híbrido
2938,Suporte / Infraestrutura,Rio de Janeiro - RJ,Pleno,5193,9101,Remoto
2939,Desenvolvimento Backend,São Paulo - SP,Sênior,9503,15357,Presencial
2940,Desenvolvimento Backend,Rio de Janeiro - RJ,Pleno,5353,9413,Híbrido
2941,Dados / BI,São Paulo - SP,Sênior,9616,16654,Híbrido
2942,Desenvolvimento Frontend,São Paulo - SP,Júnior,2567,4345,Híbrido
2943,Desenvolvimento Backend,São Paulo - SP,Pleno,5143,9041,Híbrido
2944,Dados / BI,Rio de Janeiro - RJ,Pleno,5484,8960,Híbrido
2945,Desenvolvimento Backend,São Paulo - SP,Sênior,10033,16643,Híbrido
2946,Desenvolvimento Frontend,Remoto (Brasil),Sênior,9638,15518,Presencial
2947,Dados / BI,Rio de Janeiro - RJ,Sênior,9864,16358,Híbrido
2948,Dados / BI,São Paulo - SP,Pleno,5490,9436,Remoto
2949,Suporte / Infraestrutura,Rio de Janeiro - RJ,Pleno,5489,8925,Remoto
2950,Suporte / Infraestrutura,Remoto (Brasil),Pleno,5111,9049,Remoto
2951,Suporte / Infraestrutura,São Paulo - SP,Júnior,2512,4378,Presencial
2952,Desenvolvimento Backend,São Paulo - SP,Sênior,10212,15651,Remoto
2953,Dados / BI,Rio de Janeiro - RJ,Sênior,9578,16262,Remoto
2954,Desenvolvimento Backend,São Paulo - SP,Júnior,2621,4664,Híbrido
2955,Suporte / Infraestrutura,São Paulo - SP,Júnior,2677,4535,Híbrido
2956,Desenvolvimento Backend,São Paulo - SP,Pleno,5309,9197,Híbrido
2957,Desenvolvimento Frontend,Remoto (Brasil),Pleno,5378,8738,Presencial
2958,Dados / BI,São Paulo - SP,Sênior,9608,16977,Híbrido
2959,Dados / BI,São Paulo - SP,Pleno,5119,9135,Híbrido
2960,Desenvolvimento Frontend,Remoto (Brasil),Júnior,2524,4480,Presencial
2961,Dados / BI,Remoto (Brasil),Pleno,5266,9227,Remoto
2962,Desenvolvimento Backend,São Paulo - SP,Pleno,5069,9194,Remoto
2963,Dados / BI,São Paulo - SP,Sênior,9692,15973,Híbrido
2964,Desenvolvimento Frontend,São Paulo - SP,Júnior,2746,4638,Híbrido
2965,Suporte / Infraestrutura,Rio de Janeiro - RJ,Pleno,5361,8850,Híbrido
2966,Dados / BI,São Paulo - SP,Sênior,9596,16709,Remoto
2967,Desenvolvimento Backend,Remoto (Brasil),Júnior,2730,4327,Remoto
2968,Desenvolvimento Backend,Rio de Janeiro - RJ,Pleno,5436,8827,Híbrido
2969,Desenvolvimento Frontend,Remoto (Brasil),Júnior,2653,4477,Híbrido
2970,Dados / BI,Rio de Janeiro - RJ,Pleno,5140,8558,Remoto
2971,Desenvolvimento Backend,São Paulo - SP,Pleno,5033,9468,Presencial
2972,Dados / BI,Rio de Janeiro - RJ,Sênior,9595,16701,Presencial
2973,Dados / BI,Rio de Janeiro - RJ,Sênior,9572,15355,Remoto
2974,Suporte / Infraestrutura,São Paulo - SP,Sênior,9536,16598,Híbrido
2975,Desenvolvimento Backend,São Paulo - SP,Pleno,5216,9164,Remoto
2976,Suporte / Infraestrutura,São Paulo - SP,Júnior,2564,4367,Híbrido
2977,Desenvolvimento Backend,São Paulo - SP,Júnior,2661,4759,Híbrido
2978,Desenvolvimento Backend,São Paulo - SP,Júnior,2604,4417,Presencial
2979,Dados / BI,Remoto (Brasil),Pleno,5052,9305,Híbrido
2980,Desenvolvimento Backend,São Paulo - SP,Júnior,2573,4409,Presencial
2981,Desenvolvimento Backend,Rio de Janeiro - RJ,Júnior,2615,4457,Remoto
2982,Suporte / Infraestrutura,São Paulo - SP,Pleno,5462,9085,Remoto
2983,Desenvolvimento Backend,Remoto (Brasil),Sênior,10394,16164,Remoto
2984,Desenvolvimento Frontend,São Paulo - SP,Pleno,5022,8814,Remoto
2985,Suporte / Infraestrutura,Rio de Janeiro - RJ,Sênior,9717,15862,Remoto
2986,Desenvolvimento Backend,São Paulo - SP,Pleno,5132,9017,Híbrido
2987,Desenvolvimento Backend,Remoto (Brasil),Júnior,2612,4784,Remoto
2988,Desenvolvimento Backend,São Paulo - SP,Pleno,5484,9008,Remoto
2989,Dados / BI,Rio de Janeiro - RJ,Pleno,5039,9105,Remoto
2990,Dados / BI,Remoto (Brasil),Júnior,2727,4690,Remoto
2991,Dados / BI,São Paulo - SP,Pleno,5327,8995,Híbrido
2992,Suporte / Infraestrutura,Remoto (Brasil),Júnior,2604,4529,Remoto
2993,Desenvolvimento Backend,São Paulo - SP,Pleno,5135,9472,Híbrido
2994,Desenvolvimento Backend,Remoto (Brasil),Júnior,2614,4383,Remoto
2995,Suporte / Infraestrutura,Remoto (Brasil),Sênior,10051,15962,Híbrido
2996,Dados / BI,Rio de Janeiro - RJ,Júnior,2702,4356,Remoto
2997,Dados / BI,São Paulo - SP,Sênior,10389,15406,Remoto
2998,Desenvolvimento Backend,Rio de Janeiro - RJ,Sênior,9522,16876,Híbrido
2999,Dados / BI,Remoto (Brasil),Júnior,2706,4632,Presencial
3000,Dados / BI,São Paulo - SP,Júnior,2722,4782,Híbrido
